Request_ID,Customer_ID,Facility_ID,Technician_ID,Request_Date,Status,Priority
SR00001,C0025,F0379,T044,31-05-2026,Cancelled,Low
SR00002,C0440,F0240,T058,05-03-2026,Completed,High
SR00003,C0093,F0494,T011,14-05-2026,Completed,Critical
SR00004,C0136,F0186,T041,23-05-2026,In Progress,Critical
SR00005,C0431,F0349,T065,05-06-2026,Completed,High
SR00006,C0447,F0497,T082,11-07-2026,open,High
SR00007,C0459,F0052,T094,31-07-2026,Completed,Medium
SR00008,C0213,F0630,T035,06-07-2026,Completed,Critical
SR00009,C0379,F0573,T040,11-07-2026,Completed,High
SR00010,C0164,F0046,T088,28-07-2026,Completed,Medium
SR00011,C0371,F0052,T070,28-02-2026,Completed,Medium
SR00012,C0252,F0681,T028,12-03-2026,Open,Low
SR00013,C0026,F0227,T069,08-05-2026,Open,Medium
SR00014,C0209,F0689,T016,22-04-2026,Cancelled,High
SR00015,C0234,F0400,T045,18-06-2026,Cancelled,Medium
SR00016,C0129,F0274,T031,03-01-2026,in-progress,Medium
SR00017,C0188,F0219,T100,03-02-2026,In Progress,Medium
SR00018,C0252,F0528,T004,29-06-2026,Completed,Low
SR00019,C0025,F0088,T086,17-07-2026,Completed,Critical
SR00020,C0076,F0323,T029,14-03-2026,Completed,Medium
SR00021,C0384,F0277,T004,16-03-2026,Open,Low
SR00022,C0176,F0124,T067,15-05-2026,Completed,Low
SR00023,C0305,F0283,T068,25-04-2026,In Progress,High
SR00024,C0283,F0423,T015,10-02-2026,In Progress,High
SR00025,C0276,F0543,T004,01-05-2026,In Progress,Low
SR00026,C0207,F0070,T012,16-07-2026,COMP,Low
SR00027,C0242,F0698,T041,25-06-2026,Completed,Medium
SR00028,C0412,F0703,T014,16-07-2026,In Progress,Low
SR00029,C0483,F0554,T071,04-06-2026,Completed,High
SR00030,C0129,F0740,T008,30-07-2026,Completed,Low
SR00031,C0335,F0343,T079,01-03-2026,Completed,Medium
SR00032,C0485,F0658,T088,12-01-2026,Cancelled,Medium
SR00033,C0004,F0582,T072,28-01-2026,Open,Medium
SR00034,C0393,F0451,T095,27-08-2026,Completed,Medium
SR00035,C0249,F0144,T094,03-06-2026,Completed,Low
SR00036,C0484,F0447,T005,01-03-2026,Completed,Medium
SR00037,C0290,F0722,T035,24-07-2026,Completed,Low
SR00038,C0420,F0788,T077,16-03-2026,In Progress,Low
SR00039,C0084,F0359,T034,24-05-2026,Open,Critical
SR00040,C0072,F0199,T074,01-03-2026,Cancelled,Medium
SR00041,C0464,F0599,T078,2026-02-30,Completed,Medium
SR00042,C0264,F0061,T100,06-03-2026,Completed,Low
SR00043,C0280,F0121,T033,24-02-2026,Completed,High
SR00044,C0085,F0450,T035,13-05-2026,Open,High
SR00045,C0114,F0793,T003,05-01-2026,In Progress,High
SR00046,C0410,F0264,T029,27-02-2026,Completed,Medium
SR00047,C0152,F0355,T029,17-05-2026,Completed,High
SR00048,C0293,F0258,T046,05-04-2026,Completed,Medium
SR00049,C0159,F0353,T043,02-06-2026,Completed,High
SR00050,C0132,F0006,T086,07-06-2026,Completed,High
SR00051,C0084,F0476,T078,20-08-2026,Completed,Low
SR00052,C0465,F0477,T073,20-07-2026,Open,Medium
SR00053,C0471,F0253,T001,24-02-2026,Completed,Medium
SR00054,C0058,F0212,T048,16-06-2026,Completed,Low
SR00055,C0177,F0610,T073,31-05-2026,In Progress,High
SR00056,C0282,F0151,T025,31/04/2026,In Progress,Low
SR00057,C0192,F0038,T043,11-07-2026,In Progress,High
SR00058,C0361,F0033,T073,05-02-2026,In Progress,Critical
SR00059,C0131,F0706,T080,01-04-2026,Completed,Medium
SR00060,C0030,F0292,T086,15-07-2026,Open,Medium
SR00061,C0169,F0082,T043,03-08-2026,Completed,Medium
SR00062,C0299,F0704,T040,09-01-2026,Open,High
SR00063,C0091,F0119,T039,24-04-2026,Open,Medium
SR00064,C0408,F0270,T067,05-03-2026,In Progress,Medium
SR00065,C0007,F0017,T042,10-02-2026,In Progress,Medium
SR00066,C0034,F0544,T041,14-01-2026,Cancelled,High
SR00067,C0255,F0560,T017,10-05-2026,In Progress,Medium
SR00068,C0257,F0606,T048,10-06-2026,In Progress,Medium
SR00069,C0148,F0211,T024,08-05-2026,In Progress,Critical
SR00070,C0130,F0263,T053,30-03-2026,Completed,Low
SR00071,C9999,F0751,T089,05-07-2026,Completed,Low
SR00072,C0332,F0658,T078,06-06-2026,Completed,Medium
SR00073,C0190,F0030,T048,07-08-2026,Completed,Low
SR00074,C0060,F0554,T098,25-03-2026,Completed,Low
SR00075,C0200,F0651,T099,27-02-2026,Completed,Medium
SR00076,C0469,F0448,T045,20-04-2026,Completed,High
SR00077,C0131,F0512,T077,02-05-2026,Completed,Medium
SR00078,C0448,F0001,T035,20-04-2026,In Progress,Medium
SR00079,C0130,F0025,T088,19-07-2026,Completed,Medium
SR00080,C0093,F0029,T038,11-01-2026,Completed,Medium
SR00081,C0131,F0128,T026,07-05-2026,Completed,High
SR00082,C0162,F0793,T014,14-04-2026,Cancelled,High
SR00083,C0061,F0508,T085,20-02-2026,Completed,High
SR00084,C0294,F0626,T030,03-06-2026,In Progress,High
SR00085,C0167,F0237,T082,12-07-2026,Completed,High
SR00086,C0360,F0751,T009,12-05-2026,Completed,Low
SR00087,C0246,F0160,T051,21-01-2026,Completed,Critical
SR00088,C0222,F0722,T043,19-01-2026,Completed,High
SR00089,C0236,F0025,T044,12-04-2026,Completed,Medium
SR00090,C0079,F0017,T017,10-06-2026,Completed,Low
SR00091,C0357,F9999,T008,17-03-2026,Completed,Medium
SR00092,C0053,F0634,T035,16-03-2026,Open,Medium
SR00093,C0361,F0206,T048,26-07-2026,Completed,High
SR00094,C0500,F0361,T080,04-01-2026,Cancelled,Medium
SR00095,C0382,F0378,T047,20-01-2026,Completed,Low
SR00096,C0228,F0632,T025,07-02-2026,Open,Medium
SR00097,C0158,F0279,T027,25-08-2026,Completed,High
SR00098,C0437,F0006,T062,30-04-2026,Completed,Low
SR00099,C0129,F0310,T044,07-02-2026,Completed,High
SR00100,C0242,F0231,T091,16-03-2026,Open,Medium
SR00101,C0386,F0585,T044,21-08-2026,Completed,Medium
SR00102,C0462,F0602,T057,16-06-2026,Open,Medium
SR00103,C0461,F0074,T007,23-02-2026,In Progress,Medium
SR00104,C0044,F0635,T020,27-02-2026,Completed,High
SR00105,C0450,F0057,T086,18-01-2026,Cancelled,High
SR00106,C0058,F0496,T035,05-07-2026,Completed,Low
SR00107,C0293,F0312,T043,02-02-2026,Completed,Medium
SR00108,C0465,F0242,T060,10-03-2026,Cancelled,High
SR00109,C0328,F0387,T006,25-03-2026,Open,High
SR00110,C0474,F0249,T051,30-05-2026,In Progress,Medium
SR00111,C0173,F0636,,26-05-2026,Completed,High
SR00112,C0158,F0774,T015,11-07-2026,Completed,Low
SR00113,C0164,F0653,T042,13-03-2026,Completed,Low
SR00114,C0178,F0352,T045,03-04-2026,Completed,High
SR00115,C0342,F0403,T019,04-04-2026,Completed,High
SR00116,C0227,F0358,T055,12-01-2026,Completed,High
SR00117,C0369,F0635,T075,27-06-2026,Completed,Low
SR00118,C0209,F0442,T027,09-05-2026,Open,Medium
SR00119,C0154,F0375,T097,25-04-2026,In Progress,High
SR00120,C0096,F0328,T062,27-08-2026,Open,Medium
SR00121,C0276,F0301,T078,12-02-2026,Cancelled,Medium
SR00122,C0450,F0443,T008,21-08-2026,Cancelled,Medium
SR00123,C0430,F0552,T077,13-06-2026,Completed,Medium
SR00124,C0127,F0346,T034,23-02-2026,Open,Medium
SR00125,C0239,F0646,T072,12-06-2026,Completed,Medium
SR00126,C0353,F0662,T081,01-07-2026,In Progress,High
SR00127,C0307,F0344,T026,28-03-2026,Completed,Medium
SR00128,C0034,F0728,T026,24-03-2026,In Progress,Low
SR00129,C0296,F0139,T006,20-07-2026,Completed,Low
SR00130,C0020,F0746,T061,08-02-2026,Open,Low
SR00131,C0059,F0236,T078,04-01-2026,Completed,
SR00132,C0327,F0452,T042,09-06-2026,Cancelled,Medium
SR00133,C0052,F0227,T017,06-08-2026,Completed,Low
SR00134,C0170,F0354,T032,01-05-2026,Open,Medium
SR00135,C0295,F0273,T041,02-02-2026,Cancelled,Low
SR00136,C0328,F0565,T092,10-05-2026,Completed,Medium
SR00137,C0223,F0065,T013,02-03-2026,Completed,Low
SR00138,C0048,F0671,T035,18-07-2026,Completed,Medium
SR00139,C0400,F0724,T064,27-05-2026,Completed,High
SR00140,C0475,F0451,T024,22-03-2026,Completed,High
SR00141,C0445,F0438,T089,30-05-2026,Completed,Medium
SR00142,C0375,F0560,T091,10-06-2026,Completed,High
SR00143,C0202,F0160,T039,12-06-2026,Open,High
SR00144,C0439,F0600,T075,29-03-2026,Completed,Low
SR00145,C0245,F0175,T076,17-05-2026,Open,Medium
SR00146,C0069,F0542,T069,11-01-2026,Completed,High
SR00147,C0426,F0245,T019,07-04-2026,Completed,Medium
SR00148,C0161,F0597,T005,01-04-2026,In Progress,Medium
SR00149,C0470,F0633,T035,09-05-2026,Completed,Medium
SR00150,C0185,F0167,T014,17-08-2026,Completed,Low
SR00151,C0435,F0494,T030,17-08-2026,In Progress,Critical
SR00152,C0269,F0399,T064,26-04-2026,In Progress,Low
SR00153,C0234,F0236,T059,05-06-2026,Completed,Low
SR00154,C0149,F0471,T021,26-01-2026,Cancelled,Low
SR00155,C0418,F0795,T002,26-04-2026,Completed,Medium
SR00156,C0031,F0002,T023,15-06-2026,In Progress,High
SR00157,C0235,F0766,T046,13-06-2026,Open,High
SR00158,C0185,F0685,T078,20-08-2026,Open,High
SR00159,C0272,F0424,T037,22-04-2026,Completed,Medium
SR00160,C0128,F0489,T029,06-08-2026,Cancelled,Medium
SR00161,C0333,F0296,T056,23-08-2026,Completed,Medium
SR00162,C0193,F0104,T008,18-05-2026,In Progress,Low
SR00163,C0095,F0458,T023,22-01-2026,Cancelled,High
SR00164,C0099,F0654,T004,01-04-2026,Completed,Medium
SR00165,C0349,F0185,T053,03-07-2026,In Progress,Medium
SR00166,C0131,F0574,T045,20-05-2026,Completed,Medium
SR00167,C0154,F0599,T059,13-08-2026,In Progress,High
SR00168,C0314,F0607,T062,15-07-2026,Completed,Medium
SR00169,C0165,F0273,T040,16-01-2026,Completed,High
SR00170,C0195,F0314,T087,26-07-2026,Completed,High
SR00171,C0123,F0333,T092,27-03-2026,Completed,High
SR00172,C0173,F0684,T012,16-07-2026,Cancelled,Low
SR00173,C0347,F0721,T093,02-05-2026,Completed,Low
SR00174,C0267,F0332,T020,20-04-2026,Completed,Medium
SR00175,C0499,F0776,T025,18-01-2026,Open,High
SR00176,C0386,F0457,T053,29-01-2026,Cancelled,Critical
SR00177,C0009,F0309,T003,23-05-2026,Completed,Medium
SR00178,C0190,F0001,T037,17-05-2026,In Progress,Medium
SR00179,C0145,F0489,T020,14-05-2026,Completed,Low
SR00180,C0294,F0516,T049,07-02-2026,Open,Medium
SR00181,C0133,F0775,T082,03-05-2026,In Progress,Medium
SR00182,C0484,F0575,T093,15-01-2026,Completed,Medium
SR00183,C0150,F0024,T022,04-02-2026,In Progress,High
SR00184,C0261,F0454,T055,30-04-2026,Completed,Medium
SR00185,C0062,F0595,T048,29-05-2026,In Progress,Medium
SR00186,C0455,F0398,T042,07-06-2026,Open,Low
SR00187,C0456,F0344,T064,24-08-2026,Open,Medium
SR00188,C0397,F0648,T099,24-07-2026,In Progress,High
SR00189,C0176,F0490,T041,02-04-2026,Cancelled,Medium
SR00190,C0030,F0546,T007,07-07-2026,Completed,Low
SR00191,C0356,F0372,T092,23-01-2026,Completed,Low
SR00192,C0215,F0223,T094,25-07-2026,Completed,Low
SR00193,C0496,F0416,T033,03-04-2026,Completed,High
SR00194,C0350,F0768,T051,02-07-2026,Open,Medium
SR00195,C0270,F0483,T087,21-08-2026,In Progress,Medium
SR00196,C0494,F0566,T051,18-06-2026,Completed,Medium
SR00197,C0401,F0100,T049,09-08-2026,Completed,Low
SR00198,C0230,F0791,T093,03-01-2026,Completed,Medium
SR00199,C0010,F0196,T083,10-02-2026,Completed,Low
SR00200,C0047,F0778,T051,31-05-2026,Completed,High
SR00201,C0222,F0357,T017,10-05-2026,In Progress,Low
SR00202,C0282,F0736,T044,29-01-2026,Open,Medium
SR00203,C0016,F0714,T068,22-06-2026,In Progress,Low
SR00204,C0064,F0605,T028,15-01-2026,Completed,High
SR00205,C0353,F0734,T054,26-08-2026,Cancelled,Low
SR00206,C0376,F0488,T066,07-02-2026,Cancelled,High
SR00207,C0015,F0680,T009,17-04-2026,In Progress,Low
SR00208,C0254,F0138,T057,17-07-2026,Completed,High
SR00209,C0041,F0057,T074,04-05-2026,Completed,High
SR00210,C0362,F0435,T022,28-06-2026,Completed,Medium
SR00211,C0418,F0648,T055,18-06-2026,Completed,Medium
SR00212,C0435,F0613,T071,16-08-2026,Open,Medium
SR00213,C0300,F0423,T005,22-04-2026,Open,High
SR00214,C0315,F0417,T065,23-08-2026,Cancelled,High
SR00215,C0464,F0488,T026,05-05-2026,Completed,Low
SR00216,C0307,F0695,T040,03-08-2026,Completed,Medium
SR00217,C0224,F0674,T065,25-06-2026,Completed,Medium
SR00218,C0378,F0088,T001,01-02-2026,Completed,Low
SR00219,C0296,F0477,T002,04-06-2026,Cancelled,Medium
SR00220,C0422,F0305,T045,30-07-2026,Open,Medium
SR00221,C0263,F0640,T095,31-01-2026,Open,Medium
SR00222,C0435,F0405,T001,21-07-2026,Completed,High
SR00223,C0023,F0794,T079,26-01-2026,Completed,High
SR00224,C0019,F0346,T008,29-07-2026,Open,High
SR00225,C0050,F0544,T049,09-07-2026,Open,Low
SR00226,C0279,F0087,T044,06-02-2026,In Progress,High
SR00227,C0355,F0746,T047,24-06-2026,In Progress,Medium
SR00228,C0109,F0123,T009,29-01-2026,Open,Medium
SR00229,C0078,F0303,T076,17-05-2026,In Progress,Low
SR00230,C0431,F0671,T028,10-08-2026,Completed,High
SR00231,C0376,F0774,T078,19-02-2026,Completed,Medium
SR00232,C0325,F0388,T066,11-02-2026,Completed,High
SR00233,C0245,F0388,T056,12-04-2026,Completed,High
SR00234,C0211,F0039,T031,30-03-2026,In Progress,High
SR00235,C0011,F0784,T066,12-01-2026,Cancelled,High
SR00236,C0095,F0014,T100,20-04-2026,Completed,High
SR00237,C0449,F0021,T093,04-03-2026,Completed,Medium
SR00238,C0170,F0379,T092,30-01-2026,In Progress,Medium
SR00239,C0353,F0003,T022,08-03-2026,In Progress,High
SR00240,C0352,F0132,T059,05-01-2026,Completed,Medium
SR00241,C0155,F0503,T040,08-08-2026,Completed,Medium
SR00242,C0103,F0565,T097,27-08-2026,Open,High
SR00243,C0346,F0239,T096,30-03-2026,Cancelled,Medium
SR00244,C0047,F0637,T087,30-07-2026,Completed,High
SR00245,C0248,F0487,T017,21-04-2026,Completed,Medium
SR00246,C0445,F0183,T032,07-08-2026,In Progress,High
SR00247,C0356,F0570,T072,11-02-2026,Completed,Low
SR00248,C0383,F0474,T075,10-03-2026,Completed,Medium
SR00249,C0042,F0650,T036,27-06-2026,Open,High
SR00250,C0100,F0124,T014,22-02-2026,Completed,Medium
SR00251,C0138,F0185,T014,17-07-2026,Completed,Medium
SR00252,C0147,F0243,T069,13-04-2026,Completed,Medium
SR00253,C0098,F0274,T046,07-04-2026,In Progress,Medium
SR00254,C0487,F0712,T050,19-04-2026,Completed,Medium
SR00255,C0083,F0587,T082,11-07-2026,Completed,Low
SR00256,C0355,F0436,T002,02-01-2026,Open,High
SR00257,C0294,F0433,T076,30-06-2026,Open,Medium
SR00258,C0306,F0709,T028,07-07-2026,In Progress,Medium
SR00259,C0108,F0358,T094,17-07-2026,In Progress,Medium
SR00260,C0154,F0181,T096,28-08-2026,Completed,Low
SR00261,C0304,F0110,T051,07-07-2026,Completed,Low
SR00262,C0150,F0265,T032,07-05-2026,In Progress,Critical
SR00263,C0348,F0523,T024,22-04-2026,Cancelled,High
SR00264,C0020,F0377,T019,04-04-2026,In Progress,Low
SR00265,C0037,F0338,T100,18-07-2026,Completed,High
SR00266,C0365,F0385,T019,05-04-2026,Cancelled,Medium
SR00267,C0309,F0780,T045,18-05-2026,Completed,Low
SR00268,C0022,F0799,T048,24-01-2026,Completed,High
SR00269,C0450,F0130,T068,18-03-2026,Completed,Medium
SR00270,C0003,F0092,T085,05-03-2026,Open,Medium
SR00271,C0478,F0196,T056,15-04-2026,Open,High
SR00272,C0365,F0682,T076,01-05-2026,Completed,Medium
SR00273,C0495,F0368,T057,21-06-2026,Open,Medium
SR00274,C0475,F0691,T044,14-04-2026,Completed,Medium
SR00275,C0157,F0518,T016,06-02-2026,In Progress,High
SR00276,C0379,F0443,T021,11-05-2026,Cancelled,High
SR00277,C0106,F0226,T044,14-01-2026,Completed,High
SR00278,C0236,F0276,T005,23-07-2026,Completed,Medium
SR00279,C0121,F0119,T032,04-07-2026,Completed,High
SR00280,C0244,F0416,T047,24-02-2026,In Progress,Medium
SR00281,C0437,F0225,T048,05-03-2026,Open,Medium
SR00282,C0219,F0234,T082,07-01-2026,Completed,Low
SR00283,C0047,F0032,T097,29-03-2026,Completed,High
SR00284,C0163,F0640,T073,10-01-2026,Completed,Medium
SR00285,C0394,F0752,T008,13-08-2026,Completed,Medium
SR00286,C0261,F0399,T041,02-02-2026,Completed,Medium
SR00287,C0281,F0429,T073,08-06-2026,In Progress,Low
SR00288,C0216,F0741,T060,17-05-2026,In Progress,Critical
SR00289,C0147,F0410,T046,26-02-2026,Completed,High
SR00290,C0300,F0499,T044,13-07-2026,Completed,Medium
SR00291,C0317,F0343,T041,27-01-2026,Cancelled,High
SR00292,C0450,F0412,T058,01-08-2026,Completed,Medium
SR00293,C0309,F0418,T018,27-06-2026,Completed,High
SR00294,C0498,F0569,T052,02-06-2026,Completed,Low
SR00295,C0414,F0484,T021,31-07-2026,Open,Medium
SR00296,C0040,F0404,T069,07-04-2026,Completed,Medium
SR00297,C0197,F0061,T087,09-03-2026,Completed,Medium
SR00298,C0193,F0724,T051,07-02-2026,Completed,Medium
SR00299,C0002,F0711,T039,10-08-2026,Open,Low
SR00300,C0091,F0148,T095,07-04-2026,Cancelled,Critical
SR00301,C0382,F0235,T066,19-07-2026,Cancelled,Low
SR00302,C0177,F0779,T043,21-03-2026,Open,Low
SR00303,C0074,F0257,T003,18-08-2026,In Progress,Medium
SR00304,C0144,F0650,T002,28-07-2026,In Progress,Medium
SR00305,C0138,F0629,T023,15-03-2026,Completed,Low
SR00306,C0088,F0689,T024,27-04-2026,Completed,Medium
SR00307,C0051,F0013,T073,10-07-2026,In Progress,High
SR00308,C0383,F0387,T051,24-02-2026,Completed,Low
SR00309,C0413,F0453,T100,06-01-2026,Completed,Critical
SR00310,C0249,F0670,T055,11-03-2026,Completed,Medium
SR00311,C0308,F0180,T091,22-05-2026,Completed,Medium
SR00312,C0460,F0246,T056,02-02-2026,Completed,Low
SR00313,C0422,F0144,T036,22-03-2026,Completed,High
SR00314,C0017,F0610,T072,09-08-2026,In Progress,High
SR00315,C0477,F0800,T045,19-01-2026,Completed,Low
SR00316,C0034,F0113,T028,13-01-2026,Cancelled,Low
SR00317,C0014,F0187,T048,12-04-2026,Completed,Medium
SR00318,C0202,F0246,T067,04-01-2026,Cancelled,Low
SR00319,C0373,F0712,T038,07-01-2026,Completed,Critical
SR00320,C0041,F0357,T071,13-02-2026,Completed,Medium
SR00321,C0147,F0226,T099,25-01-2026,In Progress,Medium
SR00322,C0132,F0258,T042,14-07-2026,Completed,Critical
SR00323,C0199,F0479,T030,30-01-2026,In Progress,High
SR00324,C0494,F0310,T041,06-05-2026,Open,High
SR00325,C0166,F0113,T084,19-06-2026,In Progress,Medium
SR00326,C0105,F0657,T018,31-05-2026,Open,Medium
SR00327,C0062,F0338,T098,06-06-2026,Cancelled,Medium
SR00328,C0100,F0206,T042,27-03-2026,Cancelled,Medium
SR00329,C0067,F0583,T085,02-08-2026,Completed,Medium
SR00330,C0287,F0597,T079,17-01-2026,Open,Low
SR00331,C0211,F0125,T079,26-01-2026,Completed,Medium
SR00332,C0249,F0059,T091,25-07-2026,Completed,Medium
SR00333,C0417,F0037,T019,17-01-2026,In Progress,Medium
SR00334,C0291,F0613,T060,16-02-2026,Completed,Low
SR00335,C0078,F0501,T010,11-02-2026,Completed,Medium
SR00336,C0189,F0634,T030,08-01-2026,Open,Medium
SR00337,C0157,F0502,T005,29-01-2026,Completed,High
SR00338,C0414,F0322,T069,18-05-2026,Completed,High
SR00339,C0154,F0472,T061,08-06-2026,In Progress,Medium
SR00340,C0070,F0578,T075,20-01-2026,Completed,Low
SR00341,C0369,F0320,T018,15-08-2026,Completed,Medium
SR00342,C0215,F0733,T034,23-01-2026,Completed,Low
SR00343,C0048,F0720,T068,14-06-2026,Cancelled,Medium
SR00344,C0345,F0641,T083,12-07-2026,Completed,Critical
SR00345,C0106,F0794,T089,05-05-2026,Completed,Low
SR00346,C0435,F0313,T008,28-04-2026,Completed,Medium
SR00347,C0417,F0092,T041,27-01-2026,Completed,High
SR00348,C0185,F0388,T002,27-02-2026,Completed,Medium
SR00349,C0278,F0597,T082,24-07-2026,Open,Low
SR00350,C0284,F0624,T013,25-03-2026,Completed,Low
SR00351,C0327,F0311,T083,09-01-2026,Completed,High
SR00352,C0035,F0235,T016,25-06-2026,Completed,Low
SR00353,C0163,F0357,T002,14-06-2026,Completed,Medium
SR00354,C0086,F0644,T088,16-01-2026,Completed,High
SR00355,C0349,F0049,T044,13-01-2026,Completed,Medium
SR00356,C0035,F0263,T043,28-01-2026,Open,High
SR00357,C0259,F0184,T065,13-01-2026,Open,Low
SR00358,C0364,F0645,T028,28-05-2026,Completed,Medium
SR00359,C0475,F0376,T070,01-02-2026,Completed,Medium
SR00360,C0145,F0070,T043,26-05-2026,In Progress,Critical
SR00361,C0004,F0210,T028,12-02-2026,In Progress,Medium
SR00362,C0362,F0036,T040,22-08-2026,In Progress,Low
SR00363,C0001,F0381,T001,24-06-2026,Completed,High
SR00364,C0034,F0799,T031,31-03-2026,Completed,Low
SR00365,C0496,F0454,T060,13-04-2026,Completed,High
SR00366,C0432,F0696,T014,16-01-2026,In Progress,High
SR00367,C0354,F0595,T012,14-01-2026,Open,Medium
SR00368,C0418,F0707,T066,10-05-2026,Open,High
SR00369,C0038,F0249,T043,06-01-2026,Completed,High
SR00370,C0045,F0762,T014,03-06-2026,Open,Low
SR00371,C0151,F0191,T075,02-04-2026,In Progress,Critical
SR00372,C0012,F0351,T078,03-02-2026,Cancelled,High
SR00373,C0445,F0546,T004,09-05-2026,Completed,High
SR00374,C0029,F0230,T021,13-05-2026,Completed,Medium
SR00375,C0273,F0212,T038,29-06-2026,Open,Medium
SR00376,C0427,F0105,T074,17-02-2026,In Progress,Medium
SR00377,C0368,F0004,T008,12-05-2026,Cancelled,Low
SR00378,C0118,F0401,T081,22-07-2026,Completed,Medium
SR00379,C0236,F0790,T032,06-03-2026,Completed,Medium
SR00380,C0275,F0177,T013,20-07-2026,Cancelled,High
SR00381,C0384,F0353,T087,23-06-2026,Completed,Medium
SR00382,C0214,F0749,T009,14-04-2026,In Progress,Medium
SR00383,C0143,F0618,T013,31-07-2026,Completed,Medium
SR00384,C0398,F0004,T095,21-08-2026,Open,Medium
SR00385,C0444,F0401,T052,26-02-2026,Open,Critical
SR00386,C0245,F0115,T047,24-08-2026,Open,High
SR00387,C0015,F0198,T069,01-01-2026,Completed,Low
SR00388,C0251,F0198,T064,01-02-2026,Completed,Low
SR00389,C0445,F0490,T062,11-01-2026,In Progress,High
SR00390,C0495,F0160,T003,30-03-2026,In Progress,Medium
SR00391,C0201,F0202,T056,13-08-2026,Completed,High
SR00392,C0076,F0181,T028,25-05-2026,Cancelled,Low
SR00393,C0287,F0286,T081,28-05-2026,In Progress,Low
SR00394,C0416,F0525,T051,21-01-2026,In Progress,Medium
SR00395,C0473,F0320,T013,04-05-2026,Completed,High
SR00396,C0026,F0263,T089,02-04-2026,Completed,Critical
SR00397,C0146,F0415,T029,26-04-2026,Cancelled,High
SR00398,C0239,F0493,T028,04-03-2026,In Progress,Medium
SR00399,C0050,F0013,T094,18-02-2026,Open,High
SR00400,C0444,F0713,T078,17-08-2026,Completed,Low
SR00401,C0057,F0734,T086,15-05-2026,In Progress,Medium
SR00402,C0333,F0483,T067,09-04-2026,Completed,High
SR00403,C0460,F0460,T092,18-01-2026,Open,Medium
SR00404,C0343,F0556,T012,03-07-2026,Completed,Critical
SR00405,C0382,F0353,T060,24-04-2026,Cancelled,Medium
SR00406,C0132,F0293,T030,03-04-2026,Cancelled,Low
SR00407,C0414,F0283,T040,10-06-2026,Completed,Medium
SR00408,C0210,F0128,T024,01-02-2026,Cancelled,High
SR00409,C0031,F0673,T021,08-05-2026,Open,Medium
SR00410,C0184,F0257,T045,27-07-2026,Completed,High
SR00411,C0175,F0228,T092,22-04-2026,Open,Low
SR00412,C0261,F0772,T064,01-01-2026,Cancelled,High
SR00413,C0133,F0406,T035,25-02-2026,Cancelled,Medium
SR00414,C0232,F0498,T044,14-01-2026,Open,Low
SR00415,C0214,F0197,T053,01-05-2026,Open,High
SR00416,C0164,F0223,T025,29-03-2026,Completed,High
SR00417,C0349,F0583,T053,01-02-2026,In Progress,Medium
SR00418,C0153,F0361,T070,14-06-2026,Completed,Medium
SR00419,C0383,F0119,T025,12-02-2026,In Progress,Low
SR00420,C0126,F0669,T059,24-03-2026,Completed,Critical
SR00421,C0433,F0323,T071,26-08-2026,Completed,High
SR00422,C0183,F0535,T052,16-01-2026,Completed,High
SR00423,C0021,F0274,T030,01-03-2026,Open,High
SR00424,C0075,F0449,T056,18-03-2026,Cancelled,High
SR00425,C0404,F0621,T080,03-05-2026,Completed,Low
SR00426,C0437,F0709,T023,28-02-2026,Completed,Medium
SR00427,C0106,F0166,T058,21-08-2026,Completed,High
SR00428,C0302,F0538,T069,02-01-2026,Cancelled,Low
SR00429,C0288,F0732,T033,16-08-2026,Completed,Low
SR00430,C0067,F0515,T039,09-05-2026,Completed,Medium
SR00431,C0226,F0115,T089,10-01-2026,Completed,High
SR00432,C0347,F0152,T037,28-01-2026,Completed,High
SR00433,C0484,F0163,T060,25-01-2026,In Progress,Low
SR00434,C0424,F0086,T015,10-03-2026,Completed,Critical
SR00435,C0049,F0603,T093,21-03-2026,Completed,Low
SR00436,C0119,F0773,T060,03-06-2026,Completed,Medium
SR00437,C0219,F0414,T077,16-03-2026,Cancelled,Critical
SR00438,C0076,F0480,T061,24-06-2026,Cancelled,High
SR00439,C0286,F0619,T036,12-03-2026,Completed,High
SR00440,C0005,F0333,T035,05-03-2026,Completed,High
SR00441,C0057,F0378,T071,08-03-2026,Completed,High
SR00442,C0024,F0472,T086,21-03-2026,Cancelled,Medium
SR00443,C0148,F0244,T013,21-07-2026,Completed,Medium
SR00444,C0382,F0050,T085,01-03-2026,Open,High
SR00445,C0089,F0455,T084,07-03-2026,In Progress,High
SR00446,C0494,F0658,T011,18-08-2026,Completed,Medium
SR00447,C0135,F0059,T011,06-06-2026,Completed,Medium
SR00448,C0023,F0174,T070,15-02-2026,Completed,Medium
SR00449,C0168,F0211,T085,28-07-2026,Completed,Medium
SR00450,C0375,F0644,T040,13-02-2026,Completed,High
SR00451,C0054,F0404,T065,08-02-2026,Completed,Low
SR00452,C0036,F0428,T100,17-04-2026,Completed,Medium
SR00453,C0425,F0517,T033,15-06-2026,In Progress,High
SR00454,C0297,F0222,T023,15-02-2026,Completed,Medium
SR00455,C0172,F0571,T100,30-06-2026,Completed,Medium
SR00456,C0379,F0025,T029,07-02-2026,Completed,Medium
SR00457,C0423,F0091,T048,07-07-2026,In Progress,Low
SR00458,C0180,F0653,T045,24-01-2026,Completed,Medium
SR00459,C0281,F0527,T053,22-04-2026,Open,Low
SR00460,C0006,F0142,T027,03-06-2026,Open,Low
SR00461,C0154,F0352,T068,05-03-2026,Completed,Low
SR00462,C0298,F0042,T070,27-05-2026,Open,Medium
SR00463,C0099,F0538,T021,15-06-2026,Cancelled,Low
SR00464,C0496,F0605,T049,06-06-2026,Cancelled,Critical
SR00465,C0486,F0223,T006,06-04-2026,Open,Low
SR00466,C0129,F0281,T023,05-07-2026,Completed,Medium
SR00467,C0199,F0190,T099,25-06-2026,Completed,High
SR00468,C0095,F0312,T051,20-03-2026,Completed,Low
SR00469,C0252,F0218,T063,26-06-2026,Completed,Medium
SR00470,C0062,F0198,T089,09-08-2026,Completed,High
SR00471,C0196,F0345,T072,16-07-2026,Open,Medium
SR00472,C0278,F0688,T080,25-06-2026,Open,Medium
SR00473,C0306,F0611,T072,03-07-2026,Completed,High
SR00474,C0299,F0238,T050,13-07-2026,Cancelled,High
SR00475,C0111,F0755,T064,11-03-2026,Completed,Medium
SR00476,C0397,F0169,T029,23-06-2026,Completed,Low
SR00477,C0346,F0729,T090,17-02-2026,Open,Low
SR00478,C0377,F0248,T018,28-03-2026,Cancelled,High
SR00479,C0234,F0433,T089,13-08-2026,In Progress,Medium
SR00480,C0447,F0163,T088,09-03-2026,Completed,Low
SR00481,C0195,F0610,T015,22-07-2026,Completed,Medium
SR00482,C0403,F0255,T072,12-04-2026,In Progress,High
SR00483,C0102,F0699,T099,20-02-2026,Open,Low
SR00484,C0124,F0067,T058,24-01-2026,Completed,Low
SR00485,C0264,F0402,T035,12-05-2026,In Progress,Medium
SR00486,C0278,F0127,T088,19-04-2026,Completed,High
SR00487,C0374,F0712,T052,03-05-2026,Completed,Medium
SR00488,C0149,F0334,T013,11-01-2026,In Progress,High
SR00489,C0437,F0540,T025,06-03-2026,Completed,Low
SR00490,C0165,F0704,T069,01-01-2026,Open,Medium
SR00491,C0268,F0429,T046,14-03-2026,In Progress,Medium
SR00492,C0466,F0046,T022,12-08-2026,Completed,Medium
SR00493,C0270,F0177,T080,06-02-2026,Completed,Medium
SR00494,C0341,F0171,T013,15-06-2026,Completed,High
SR00495,C0455,F0732,T022,02-01-2026,Open,Medium
SR00496,C0488,F0727,T047,15-05-2026,Completed,High
SR00497,C0250,F0382,T004,10-08-2026,Completed,Low
SR00498,C0209,F0713,T039,23-03-2026,Cancelled,Medium
SR00499,C0099,F0197,T091,17-02-2026,Completed,Medium
SR00500,C0269,F0544,T095,17-05-2026,Cancelled,Medium
SR00501,C0460,F0314,T088,08-03-2026,Open,Low
SR00502,C0244,F0193,T033,02-08-2026,Completed,Critical
SR00503,C0175,F0201,T007,23-07-2026,Completed,High
SR00504,C0054,F0336,T082,06-06-2026,Completed,High
SR00505,C0195,F0272,T038,03-06-2026,Completed,High
SR00506,C0119,F0169,T075,25-05-2026,Completed,Low
SR00507,C0489,F0268,T012,26-06-2026,Cancelled,Medium
SR00508,C0264,F0103,T067,21-04-2026,In Progress,Medium
SR00509,C0069,F0776,T059,21-08-2026,Cancelled,High
SR00510,C0034,F0304,T093,24-03-2026,Completed,Low
SR00511,C0426,F0086,T011,03-01-2026,Completed,Medium
SR00512,C0466,F0461,T041,17-06-2026,Completed,High
SR00513,C0382,F0707,T099,08-06-2026,In Progress,Low
SR00514,C0062,F0288,T039,24-08-2026,Cancelled,High
SR00515,C0050,F0677,T066,05-04-2026,Cancelled,Medium
SR00516,C0099,F0489,T017,12-04-2026,Cancelled,High
SR00517,C0376,F0592,T073,15-05-2026,Cancelled,High
SR00518,C0383,F0238,T028,05-04-2026,Completed,Medium
SR00519,C0419,F0030,T058,08-07-2026,Completed,Medium
SR00520,C0049,F0277,T088,13-04-2026,Completed,Low
SR00521,C0077,F0740,T067,08-07-2026,Open,Low
SR00522,C0451,F0633,T048,13-04-2026,Completed,Low
SR00523,C0465,F0628,T020,24-02-2026,Completed,Medium
SR00524,C0363,F0703,T035,26-08-2026,Completed,Medium
SR00525,C0054,F0299,T085,07-05-2026,Completed,Medium
SR00526,C0035,F0258,T022,19-06-2026,Completed,Medium
SR00527,C0028,F0741,T066,22-05-2026,Open,High
SR00528,C0346,F0458,T049,28-03-2026,Completed,Low
SR00529,C0423,F0239,T033,22-08-2026,Completed,Medium
SR00530,C0316,F0223,T072,31-03-2026,In Progress,Medium
SR00531,C0132,F0702,T037,27-08-2026,In Progress,Low
SR00532,C0379,F0043,T029,14-04-2026,Completed,High
SR00533,C0030,F0050,T053,06-01-2026,In Progress,Low
SR00534,C0415,F0591,T076,09-01-2026,Completed,High
SR00535,C0446,F0002,T087,22-08-2026,Open,Medium
SR00536,C0360,F0137,T063,07-05-2026,Completed,High
SR00537,C0440,F0793,T067,04-04-2026,In Progress,High
SR00538,C0294,F0341,T079,14-07-2026,Completed,High
SR00539,C0235,F0583,T027,29-05-2026,Completed,Medium
SR00540,C0162,F0390,T026,08-06-2026,Completed,Medium
SR00541,C0461,F0073,T049,14-06-2026,Completed,High
SR00542,C0349,F0148,T064,17-02-2026,Completed,Medium
SR00543,C0096,F0609,T065,22-01-2026,In Progress,Medium
SR00544,C0479,F0076,T016,24-06-2026,Completed,Medium
SR00545,C0030,F0476,T079,06-01-2026,Completed,Medium
SR00546,C0294,F0279,T037,22-06-2026,Completed,Medium
SR00547,C0096,F0297,T088,01-02-2026,Completed,Low
SR00548,C0333,F0762,T073,05-03-2026,Completed,Medium
SR00549,C0207,F0485,T099,19-06-2026,Completed,Low
SR00550,C0219,F0493,T064,30-05-2026,In Progress,Medium
SR00551,C0336,F0281,T053,07-07-2026,In Progress,High
SR00552,C0379,F0306,T019,27-05-2026,Open,Medium
SR00553,C0191,F0549,T040,12-01-2026,Completed,High
SR00554,C0499,F0032,T086,21-07-2026,Completed,Low
SR00555,C0250,F0190,T039,21-02-2026,Completed,Low
SR00556,C0081,F0481,T006,02-02-2026,Completed,High
SR00557,C0004,F0499,T025,30-07-2026,In Progress,High
SR00558,C0102,F0074,T060,16-02-2026,Completed,High
SR00559,C0346,F0631,T063,09-05-2026,Open,High
SR00560,C0270,F0435,T099,27-04-2026,Completed,High
SR00561,C0169,F0191,T094,04-07-2026,Completed,High
SR00562,C0241,F0602,T054,11-01-2026,Completed,High
SR00563,C0420,F0793,T056,26-01-2026,Open,High
SR00564,C0286,F0339,T081,10-04-2026,In Progress,Low
SR00565,C0030,F0227,T005,24-04-2026,Completed,Low
SR00566,C0025,F0240,T060,09-07-2026,In Progress,Medium
SR00567,C0242,F0475,T048,26-05-2026,Completed,Medium
SR00568,C0203,F0038,T079,05-02-2026,Completed,High
SR00569,C0426,F0387,T081,23-08-2026,In Progress,Medium
SR00570,C0292,F0020,T066,21-04-2026,In Progress,Medium
SR00571,C0379,F0031,T066,20-08-2026,Completed,High
SR00572,C0293,F0345,T070,26-08-2026,Completed,Medium
SR00573,C0173,F0597,T059,13-01-2026,Completed,High
SR00574,C0329,F0707,T023,02-05-2026,Completed,Low
SR00575,C0311,F0071,T029,12-04-2026,Open,Medium
SR00576,C0361,F0196,T075,30-04-2026,Completed,Medium
SR00577,C0095,F0338,T062,16-03-2026,Completed,Medium
SR00578,C0321,F0460,T024,15-05-2026,Completed,Low
SR00579,C0143,F0790,T088,29-04-2026,Completed,Medium
SR00580,C0396,F0548,T099,14-02-2026,Cancelled,Medium
SR00581,C0400,F0431,T063,11-03-2026,Completed,Medium
SR00582,C0313,F0049,T023,05-02-2026,Completed,High
SR00583,C0474,F0065,T094,22-07-2026,Completed,Low
SR00584,C0269,F0123,T024,12-06-2026,Completed,Medium
SR00585,C0013,F0529,T044,04-04-2026,In Progress,Low
SR00586,C0304,F0266,T086,05-04-2026,Completed,High
SR00587,C0389,F0193,T053,19-01-2026,Completed,High
SR00588,C0051,F0537,T025,11-03-2026,In Progress,Critical
SR00589,C0053,F0653,T009,10-08-2026,Cancelled,High
SR00590,C0137,F0352,T037,08-01-2026,Completed,Medium
SR00591,C0423,F0706,T068,05-02-2026,Completed,High
SR00592,C0264,F0588,T072,23-07-2026,Cancelled,Medium
SR00593,C0489,F0574,T023,05-05-2026,Open,High
SR00594,C0437,F0695,T016,08-01-2026,Open,Medium
SR00595,C0278,F0148,T071,28-04-2026,In Progress,Medium
SR00596,C0340,F0607,T016,29-06-2026,Completed,High
SR00597,C0166,F0767,T007,24-03-2026,Completed,High
SR00598,C0046,F0794,T049,02-04-2026,Cancelled,Critical
SR00599,C0200,F0463,T058,01-06-2026,In Progress,Low
SR00600,C0297,F0604,T025,24-05-2026,In Progress,Medium
SR00601,C0092,F0711,T022,05-08-2026,Completed,Medium
SR00602,C0111,F0682,T024,01-03-2026,Open,Medium
SR00603,C0008,F0719,T035,08-03-2026,Completed,Medium
SR00604,C0368,F0666,T001,07-02-2026,Completed,Medium
SR00605,C0450,F0306,T002,09-06-2026,Cancelled,High
SR00606,C0414,F0585,T038,09-05-2026,Completed,Medium
SR00607,C0190,F0329,T002,25-03-2026,Open,High
SR00608,C0297,F0642,T032,16-06-2026,Open,High
SR00609,C0481,F0649,T059,01-04-2026,Open,Medium
SR00610,C0296,F0748,T004,16-02-2026,Cancelled,Medium
SR00611,C0148,F0471,T062,10-05-2026,Completed,Low
SR00612,C0170,F0381,T063,15-04-2026,Completed,Low
SR00613,C0364,F0133,T058,08-04-2026,In Progress,High
SR00614,C0224,F0511,T063,17-04-2026,Completed,Medium
SR00615,C0419,F0454,T081,08-08-2026,In Progress,Low
SR00616,C0433,F0412,T008,21-02-2026,Completed,Critical
SR00617,C0018,F0542,T017,08-03-2026,Completed,High
SR00618,C0362,F0681,T032,16-05-2026,In Progress,High
SR00619,C0185,F0119,T069,12-01-2026,Completed,Medium
SR00620,C0260,F0346,T088,05-02-2026,In Progress,Critical
SR00621,C0133,F0578,T092,16-05-2026,Completed,Low
SR00622,C0185,F0656,T059,03-05-2026,Cancelled,Low
SR00623,C0166,F0623,T042,06-06-2026,Completed,High
SR00624,C0026,F0640,T042,28-01-2026,Completed,High
SR00625,C0392,F0685,T006,24-07-2026,Completed,Medium
SR00626,C0072,F0770,T047,27-04-2026,In Progress,Low
SR00627,C0188,F0487,T052,07-02-2026,Completed,Medium
SR00628,C0097,F0200,T021,16-03-2026,Completed,High
SR00629,C0081,F0451,T077,24-02-2026,In Progress,High
SR00630,C0187,F0568,T082,19-04-2026,Completed,Medium
SR00631,C0460,F0081,T031,23-04-2026,Completed,Low
SR00632,C0473,F0606,T092,15-04-2026,Completed,High
SR00633,C0191,F0436,T011,21-04-2026,In Progress,High
SR00634,C0253,F0750,T092,06-08-2026,Completed,Medium
SR00635,C0493,F0170,T077,19-08-2026,Completed,Medium
SR00636,C0118,F0726,T023,28-04-2026,In Progress,Critical
SR00637,C0473,F0359,T066,20-08-2026,In Progress,Medium
SR00638,C0053,F0459,T032,16-07-2026,Completed,Medium
SR00639,C0113,F0529,T080,16-07-2026,Completed,Medium
SR00640,C0170,F0464,T017,24-02-2026,Completed,Medium
SR00641,C0019,F0724,T025,16-04-2026,In Progress,High
SR00642,C0408,F0134,T031,26-03-2026,Completed,Medium
SR00643,C0428,F0584,T020,24-01-2026,Completed,Medium
SR00644,C0192,F0780,T034,19-01-2026,In Progress,Low
SR00645,C0419,F0177,T061,30-05-2026,Cancelled,High
SR00646,C0387,F0205,T064,11-04-2026,Open,Low
SR00647,C0401,F0381,T056,18-07-2026,Open,Low
SR00648,C0402,F0580,T019,10-06-2026,Completed,Medium
SR00649,C0287,F0768,T021,21-01-2026,Completed,Medium
SR00650,C0056,F0637,T092,21-07-2026,In Progress,Critical
SR00651,C0462,F0636,T026,30-04-2026,Completed,High
SR00652,C0305,F0353,T011,16-05-2026,In Progress,High
SR00653,C0451,F0517,T046,20-08-2026,Completed,Medium
SR00654,C0480,F0169,T001,03-06-2026,Completed,Medium
SR00655,C0094,F0371,T035,06-01-2026,Cancelled,Critical
SR00656,C0202,F0152,T086,12-02-2026,Completed,Medium
SR00657,C0097,F0022,T027,13-04-2026,Completed,High
SR00658,C0026,F0686,T071,09-01-2026,Completed,Medium
SR00659,C0484,F0644,T049,10-02-2026,In Progress,Medium
SR00660,C0462,F0409,T036,10-07-2026,In Progress,Medium
SR00661,C0466,F0012,T067,04-02-2026,Cancelled,Medium
SR00662,C0442,F0073,T060,10-02-2026,In Progress,Low
SR00663,C0325,F0090,T032,02-05-2026,Completed,Medium
SR00664,C0262,F0574,T023,22-01-2026,Open,Low
SR00665,C0496,F0163,T092,03-03-2026,Completed,Medium
SR00666,C0277,F0201,T017,14-08-2026,In Progress,High
SR00667,C0322,F0689,T096,01-06-2026,Cancelled,Medium
SR00668,C0106,F0702,T048,20-08-2026,Completed,High
SR00669,C0374,F0611,T100,27-03-2026,Open,Medium
SR00670,C0410,F0248,T036,28-05-2026,Completed,Low
SR00671,C0340,F0464,T057,27-02-2026,Completed,Low
SR00672,C0250,F0161,T062,01-04-2026,In Progress,High
SR00673,C0099,F0687,T034,11-02-2026,In Progress,Medium
SR00674,C0017,F0068,T022,19-07-2026,Completed,High
SR00675,C0314,F0596,T053,14-02-2026,Completed,Medium
SR00676,C0342,F0410,T067,19-02-2026,In Progress,High
SR00677,C0387,F0606,T027,22-04-2026,Completed,High
SR00678,C0476,F0361,T077,14-04-2026,In Progress,Critical
SR00679,C0249,F0127,T064,17-03-2026,Open,Low
SR00680,C0415,F0602,T017,27-03-2026,Completed,Critical
SR00681,C0359,F0505,T094,12-03-2026,Open,Medium
SR00682,C0139,F0372,T005,08-08-2026,In Progress,High
SR00683,C0423,F0299,T066,20-05-2026,Completed,Medium
SR00684,C0027,F0276,T044,09-08-2026,In Progress,Medium
SR00685,C0300,F0385,T066,25-08-2026,In Progress,Medium
SR00686,C0471,F0210,T078,06-06-2026,Completed,High
SR00687,C0330,F0226,T069,18-07-2026,Completed,Medium
SR00688,C0469,F0223,T066,27-01-2026,Completed,Medium
SR00689,C0029,F0011,T085,16-08-2026,Completed,Medium
SR00690,C0267,F0743,T071,26-04-2026,Completed,High
SR00691,C0391,F0190,T082,21-06-2026,In Progress,Medium
SR00692,C0322,F0133,T041,28-02-2026,Completed,High
SR00693,C0441,F0121,T021,23-01-2026,In Progress,Medium
SR00694,C0232,F0791,T024,01-08-2026,In Progress,High
SR00695,C0342,F0382,T062,18-04-2026,Completed,High
SR00696,C0210,F0262,T054,03-02-2026,Completed,High
SR00697,C0437,F0324,T008,08-06-2026,Completed,High
SR00698,C0060,F0071,T021,14-01-2026,Open,Medium
SR00699,C0128,F0251,T097,19-04-2026,Open,Low
SR00700,C0049,F0199,T073,19-06-2026,Completed,High
SR00701,C0352,F0643,T076,22-06-2026,Completed,Low
SR00702,C0117,F0047,T020,19-04-2026,Completed,Medium
SR00703,C0159,F0341,T007,30-03-2026,Open,High
SR00704,C0419,F0633,T030,21-07-2026,In Progress,Medium
SR00705,C0181,F0667,T086,14-02-2026,Completed,Medium
SR00706,C0073,F0411,T051,18-01-2026,Completed,Critical
SR00707,C0011,F0179,T079,07-02-2026,Open,Medium
SR00708,C0114,F0270,T049,12-07-2026,Open,Low
SR00709,C0458,F0178,T050,23-04-2026,In Progress,Low
SR00710,C0275,F0530,T061,09-01-2026,Open,Medium
SR00711,C0498,F0235,T096,10-02-2026,Completed,High
SR00712,C0108,F0505,T044,07-01-2026,Open,High
SR00713,C0176,F0525,T060,15-07-2026,Completed,Medium
SR00714,C0082,F0752,T092,21-04-2026,Completed,Medium
SR00715,C0200,F0297,T038,17-01-2026,Cancelled,Medium
SR00716,C0282,F0770,T084,23-02-2026,Cancelled,Low
SR00717,C0405,F0321,T054,28-05-2026,In Progress,High
SR00718,C0185,F0545,T088,23-05-2026,Open,Medium
SR00719,C0386,F0530,T047,16-07-2026,In Progress,Low
SR00720,C0314,F0655,T063,07-01-2026,Completed,High
SR00721,C0146,F0376,T033,17-01-2026,Open,High
SR00722,C0457,F0634,T064,09-01-2026,Completed,Medium
SR00723,C0218,F0285,T033,05-04-2026,In Progress,Medium
SR00724,C0076,F0394,T061,24-06-2026,In Progress,Medium
SR00725,C0482,F0400,T079,09-06-2026,Completed,Low
SR00726,C0457,F0564,T044,20-02-2026,Completed,Low
SR00727,C0025,F0495,T043,07-06-2026,Completed,High
SR00728,C0452,F0063,T033,07-06-2026,Cancelled,High
SR00729,C0474,F0648,T074,15-02-2026,Open,Medium
SR00730,C0415,F0607,T060,29-06-2026,Open,Medium
SR00731,C0128,F0084,T052,12-04-2026,Completed,Medium
SR00732,C0316,F0770,T003,15-01-2026,Completed,Medium
SR00733,C0270,F0529,T012,04-04-2026,Completed,Low
SR00734,C0311,F0068,T001,04-07-2026,Open,Medium
SR00735,C0309,F0394,T086,17-06-2026,Cancelled,High
SR00736,C0320,F0669,T086,06-03-2026,In Progress,High
SR00737,C0258,F0224,T007,01-07-2026,Completed,High
SR00738,C0346,F0747,T005,04-04-2026,Completed,Low
SR00739,C0264,F0335,T079,21-04-2026,Cancelled,Medium
SR00740,C0009,F0181,T053,21-01-2026,Completed,Medium
SR00741,C0018,F0286,T031,28-08-2026,Cancelled,Medium
SR00742,C0480,F0420,T062,21-07-2026,In Progress,Medium
SR00743,C0455,F0551,T024,16-02-2026,Completed,High
SR00744,C0293,F0743,T020,15-05-2026,Completed,High
SR00745,C0088,F0156,T037,07-07-2026,Completed,Medium
SR00746,C0391,F0769,T090,02-05-2026,Completed,Medium
SR00747,C0072,F0423,T077,20-02-2026,Cancelled,Medium
SR00748,C0189,F0103,T020,21-08-2026,Open,Low
SR00749,C0165,F0742,T057,06-03-2026,Completed,Low
SR00750,C0007,F0280,T089,22-03-2026,Completed,Medium
SR00751,C0404,F0497,T096,31-03-2026,Cancelled,Medium
SR00752,C0255,F0559,T077,02-08-2026,Cancelled,Critical
SR00753,C0159,F0011,T013,01-05-2026,Completed,Medium
SR00754,C0254,F0178,T025,22-06-2026,Open,Low
SR00755,C0001,F0550,T022,05-08-2026,Cancelled,Low
SR00756,C0219,F0260,T016,11-08-2026,Completed,High
SR00757,C0260,F0008,T018,25-07-2026,Completed,Low
SR00758,C0170,F0019,T032,06-08-2026,Completed,Low
SR00759,C0416,F0662,T056,16-08-2026,Completed,Medium
SR00760,C0125,F0123,T040,26-08-2026,Completed,Medium
SR00761,C0069,F0081,T043,04-06-2026,Completed,Medium
SR00762,C0264,F0450,T025,01-02-2026,In Progress,Medium
SR00763,C0444,F0096,T016,28-01-2026,In Progress,Low
SR00764,C0188,F0523,T100,11-07-2026,Completed,High
SR00765,C0024,F0436,T060,17-03-2026,Open,Medium
SR00766,C0485,F0520,T023,13-07-2026,Completed,Medium
SR00767,C0223,F0394,T081,13-08-2026,In Progress,Low
SR00768,C0087,F0623,T084,04-06-2026,Completed,Medium
SR00769,C0308,F0516,T097,03-07-2026,Open,Medium
SR00770,C0160,F0333,T016,08-03-2026,In Progress,Medium
SR00771,C0469,F0013,T064,15-04-2026,Completed,Medium
SR00772,C0147,F0219,T099,20-08-2026,In Progress,Critical
SR00773,C0276,F0106,T081,16-07-2026,In Progress,Medium
SR00774,C0272,F0013,T023,19-02-2026,In Progress,High
SR00775,C0122,F0219,T090,13-08-2026,In Progress,High
SR00776,C0250,F0166,T043,30-04-2026,Completed,Medium
SR00777,C0055,F0062,T049,22-07-2026,In Progress,Medium
SR00778,C0322,F0250,T056,06-05-2026,Completed,Medium
SR00779,C0380,F0406,T078,25-05-2026,Completed,Critical
SR00780,C0476,F0143,T013,08-02-2026,Completed,Medium
SR00781,C0163,F0219,T054,23-03-2026,Completed,Medium
SR00782,C0143,F0017,T082,23-06-2026,In Progress,Low
SR00783,C0275,F0041,T055,22-07-2026,Cancelled,High
SR00784,C0347,F0126,T028,22-01-2026,Completed,Low
SR00785,C0497,F0363,T006,19-01-2026,In Progress,Low
SR00786,C0013,F0533,T055,16-06-2026,Cancelled,Medium
SR00787,C0120,F0631,T071,18-04-2026,Completed,Medium
SR00788,C0132,F0504,T055,23-07-2026,Completed,High
SR00789,C0128,F0494,T098,17-01-2026,Completed,High
SR00790,C0232,F0749,T061,25-03-2026,Open,Low
SR00791,C0437,F0205,T051,09-01-2026,Completed,Medium
SR00792,C0016,F0639,T006,20-06-2026,Completed,High
SR00793,C0408,F0750,T056,25-07-2026,Completed,Medium
SR00794,C0309,F0455,T017,07-02-2026,In Progress,Low
SR00795,C0308,F0673,T073,19-03-2026,Open,Medium
SR00796,C0340,F0111,T017,23-07-2026,Cancelled,Medium
SR00797,C0058,F0704,T091,10-01-2026,Open,Critical
SR00798,C0374,F0452,T031,17-08-2026,In Progress,High
SR00799,C0125,F0178,T044,01-08-2026,Completed,Low
SR00800,C0259,F0050,T015,06-02-2026,Completed,High
SR00801,C0339,F0576,T022,03-02-2026,In Progress,Medium
SR00802,C0302,F0345,T093,16-06-2026,Completed,High
SR00803,C0162,F0249,T029,03-01-2026,Completed,Medium
SR00804,C0199,F0313,T052,02-05-2026,Completed,Low
SR00805,C0239,F0793,T099,16-01-2026,Open,Medium
SR00806,C0021,F0343,T063,08-05-2026,Open,Medium
SR00807,C0364,F0064,T005,26-03-2026,Completed,Medium
SR00808,C0050,F0224,T036,19-06-2026,In Progress,Medium
SR00809,C0230,F0117,T039,31-07-2026,Completed,High
SR00810,C0328,F0549,T028,28-04-2026,Open,High
SR00811,C0041,F0641,T025,04-06-2026,Completed,Medium
SR00812,C0498,F0673,T051,25-05-2026,Completed,Low
SR00813,C0189,F0507,T038,25-08-2026,Completed,Medium
SR00814,C0008,F0615,T030,25-02-2026,Cancelled,Medium
SR00815,C0330,F0334,T042,27-02-2026,Cancelled,Low
SR00816,C0279,F0503,T035,01-04-2026,Completed,High
SR00817,C0321,F0086,T023,26-06-2026,Completed,Critical
SR00818,C0376,F0431,T046,27-07-2026,Completed,Low
SR00819,C0238,F0446,T095,08-03-2026,Cancelled,High
SR00820,C0414,F0025,T051,27-01-2026,Cancelled,Medium
SR00821,C0186,F0439,T060,27-05-2026,Completed,Medium
SR00822,C0273,F0579,T099,24-05-2026,In Progress,Medium
SR00823,C0080,F0295,T062,31-03-2026,Cancelled,Low
SR00824,C0310,F0436,T023,14-02-2026,Cancelled,Low
SR00825,C0131,F0229,T040,23-07-2026,Completed,Critical
SR00826,C0349,F0217,T049,23-07-2026,Completed,Medium
SR00827,C0401,F0104,T048,29-06-2026,Completed,Medium
SR00828,C0430,F0263,T015,19-05-2026,Cancelled,Medium
SR00829,C0465,F0643,T011,04-03-2026,Open,Critical
SR00830,C0062,F0749,T035,07-04-2026,Completed,Medium
SR00831,C0069,F0509,T092,17-01-2026,Open,High
SR00832,C0464,F0500,T072,01-03-2026,In Progress,High
SR00833,C0191,F0492,T085,19-04-2026,Open,Medium
SR00834,C0014,F0381,T018,15-04-2026,Completed,High
SR00835,C0144,F0339,T042,20-01-2026,In Progress,High
SR00836,C0419,F0497,T059,18-08-2026,Cancelled,High
SR00837,C0178,F0628,T044,06-03-2026,Completed,Medium
SR00838,C0039,F0331,T042,03-05-2026,Completed,Low
SR00839,C0362,F0453,T036,22-04-2026,In Progress,Low
SR00840,C0098,F0377,T006,23-04-2026,Open,Medium
SR00841,C0177,F0229,T086,22-07-2026,Completed,High
SR00842,C0002,F0233,T094,29-06-2026,Completed,High
SR00843,C0301,F0064,T009,28-07-2026,Completed,Medium
SR00844,C0223,F0352,T042,01-04-2026,Completed,Low
SR00845,C0434,F0570,T052,05-03-2026,Completed,Low
SR00846,C0168,F0549,T079,13-04-2026,Completed,High
SR00847,C0103,F0789,T099,15-05-2026,Cancelled,Medium
SR00848,C0083,F0032,T042,22-03-2026,Completed,High
SR00849,C0101,F0609,T075,21-04-2026,Completed,Low
SR00850,C0226,F0637,T094,06-02-2026,Completed,Medium
SR00851,C0044,F0350,T084,21-05-2026,Open,High
SR00852,C0202,F0227,T030,21-06-2026,In Progress,Low
SR00853,C0428,F0286,T082,07-05-2026,Completed,Low
SR00854,C0384,F0547,T042,29-07-2026,Completed,High
SR00855,C0319,F0690,T002,27-08-2026,In Progress,Medium
SR00856,C0447,F0515,T076,06-08-2026,Completed,Critical
SR00857,C0391,F0412,T084,23-01-2026,In Progress,High
SR00858,C0327,F0523,T035,31-07-2026,In Progress,High
SR00859,C0432,F0057,T046,22-03-2026,Cancelled,Low
SR00860,C0063,F0487,T037,19-04-2026,Completed,Medium
SR00861,C0410,F0034,T012,09-04-2026,In Progress,High
SR00862,C0148,F0768,T100,10-03-2026,Completed,Medium
SR00863,C0367,F0712,T003,30-07-2026,Completed,Critical
SR00864,C0457,F0407,T056,03-06-2026,Completed,High
SR00865,C0249,F0300,T002,21-08-2026,Cancelled,Low
SR00866,C0045,F0586,T069,18-08-2026,Completed,Medium
SR00867,C0186,F0511,T091,11-04-2026,Completed,High
SR00868,C0204,F0565,T065,24-06-2026,Completed,Low
SR00869,C0469,F0413,T061,01-05-2026,Completed,Medium
SR00870,C0472,F0190,T083,29-04-2026,In Progress,High
SR00871,C0285,F0059,T098,27-06-2026,Open,Low
SR00872,C0476,F0227,T087,15-06-2026,Completed,Medium
SR00873,C0219,F0424,T024,07-08-2026,Completed,High
SR00874,C0206,F0340,T057,05-07-2026,Completed,High
SR00875,C0419,F0406,T082,30-05-2026,Open,Medium
SR00876,C0334,F0223,T030,09-08-2026,Completed,Critical
SR00877,C0262,F0751,T068,25-01-2026,In Progress,High
SR00878,C0229,F0294,T003,03-07-2026,Completed,Medium
SR00879,C0353,F0677,T088,05-04-2026,Completed,Low
SR00880,C0377,F0313,T062,14-04-2026,Completed,High
SR00881,C0246,F0355,T075,07-07-2026,Cancelled,Medium
SR00882,C0016,F0484,T083,07-03-2026,In Progress,High
SR00883,C0051,F0211,T022,01-08-2026,Completed,Medium
SR00884,C0073,F0176,T046,30-04-2026,Cancelled,Medium
SR00885,C0232,F0304,T086,25-03-2026,Completed,Medium
SR00886,C0308,F0644,T017,20-03-2026,Completed,Medium
SR00887,C0402,F0116,T083,12-04-2026,Completed,High
SR00888,C0117,F0351,T029,15-08-2026,Completed,Medium
SR00889,C0394,F0538,T058,25-01-2026,Cancelled,High
SR00890,C0334,F0565,T051,02-05-2026,Completed,Low
SR00891,C0026,F0348,T069,20-07-2026,Cancelled,High
SR00892,C0176,F0066,T084,24-04-2026,Completed,High
SR00893,C0152,F0013,T035,16-05-2026,Completed,Medium
SR00894,C0444,F0376,T018,25-03-2026,In Progress,Low
SR00895,C0461,F0649,T043,02-02-2026,Completed,High
SR00896,C0410,F0023,T062,03-06-2026,Completed,High
SR00897,C0265,F0710,T076,09-08-2026,Completed,Medium
SR00898,C0247,F0541,T076,05-05-2026,In Progress,Medium
SR00899,C0156,F0007,T034,14-04-2026,Completed,High
SR00900,C0387,F0275,T094,31-01-2026,Completed,Low
SR00901,C0044,F0177,T009,15-08-2026,Cancelled,Medium
SR00902,C0136,F0760,T012,28-07-2026,In Progress,Medium
SR00903,C0068,F0444,T003,05-08-2026,Open,Low
SR00904,C0248,F0260,T093,28-03-2026,Completed,High
SR00905,C0150,F0223,T019,31-05-2026,Open,Medium
SR00906,C0099,F0452,T061,14-04-2026,Cancelled,High
SR00907,C0189,F0005,T082,26-02-2026,Completed,Medium
SR00908,C0431,F0206,T077,19-02-2026,Completed,Medium
SR00909,C0280,F0133,T095,03-04-2026,In Progress,Medium
SR00910,C0412,F0497,T006,13-05-2026,Completed,Medium
SR00911,C0457,F0536,T041,30-01-2026,Cancelled,High
SR00912,C0452,F0374,T051,18-06-2026,Completed,High
SR00913,C0176,F0113,T070,20-04-2026,Open,High
SR00914,C0439,F0297,T063,31-07-2026,In Progress,Medium
SR00915,C0455,F0675,T056,08-03-2026,Cancelled,Medium
SR00916,C0480,F0163,T031,13-01-2026,Cancelled,Low
SR00917,C0176,F0131,T011,16-03-2026,In Progress,High
SR00918,C0115,F0090,T044,22-08-2026,Completed,Medium
SR00919,C0293,F0654,T026,19-03-2026,Open,Medium
SR00920,C0466,F0096,T056,18-06-2026,Completed,Medium
SR00921,C0451,F0466,T080,22-07-2026,Open,Medium
SR00922,C0286,F0800,T056,10-03-2026,Completed,High
SR00923,C0075,F0514,T059,04-06-2026,Cancelled,Medium
SR00924,C0212,F0330,T005,19-02-2026,In Progress,Critical
SR00925,C0358,F0166,T065,28-03-2026,Completed,Low
SR00926,C0281,F0002,T044,13-03-2026,Open,Medium
SR00927,C0173,F0125,T013,11-06-2026,In Progress,Low
SR00928,C0172,F0763,T022,30-07-2026,Open,High
SR00929,C0030,F0115,T079,02-03-2026,In Progress,Medium
SR00930,C0145,F0016,T092,11-03-2026,Cancelled,Medium
SR00931,C0335,F0653,T051,17-07-2026,Open,High
SR00932,C0121,F0335,T098,22-04-2026,Completed,Medium
SR00933,C0497,F0286,T019,04-05-2026,Open,Medium
SR00934,C0042,F0574,T030,19-06-2026,Completed,Medium
SR00935,C0295,F0419,T094,03-02-2026,Completed,Low
SR00936,C0249,F0732,T018,29-07-2026,Cancelled,High
SR00937,C0417,F0375,T066,29-03-2026,In Progress,High
SR00938,C0444,F0571,T022,08-06-2026,In Progress,High
SR00939,C0272,F0704,T034,14-04-2026,Completed,High
SR00940,C0316,F0371,T048,30-06-2026,Completed,High
SR00941,C0350,F0228,T036,27-05-2026,Completed,Medium
SR00942,C0261,F0780,T088,11-02-2026,Open,Low
SR00943,C0093,F0182,T098,15-02-2026,In Progress,Medium
SR00944,C0215,F0032,T051,30-07-2026,Completed,High
SR00945,C0121,F0463,T053,05-05-2026,Completed,High
SR00946,C0233,F0790,T006,08-03-2026,Completed,High
SR00947,C0308,F0070,T024,04-02-2026,In Progress,Medium
SR00948,C0105,F0680,T004,31-01-2026,In Progress,Low
SR00949,C0125,F0665,T086,09-08-2026,Cancelled,High
SR00950,C0412,F0744,T023,23-08-2026,Completed,Low
SR00951,C0189,F0338,T035,05-04-2026,Open,Medium
SR00952,C0100,F0204,T085,18-02-2026,Cancelled,Medium
SR00953,C0357,F0410,T072,11-04-2026,Completed,Medium
SR00954,C0359,F0114,T063,02-02-2026,In Progress,High
SR00955,C0414,F0675,T004,12-05-2026,Completed,Critical
SR00956,C0380,F0531,T057,31-05-2026,Completed,High
SR00957,C0496,F0387,T057,25-08-2026,Completed,Medium
SR00958,C0288,F0413,T032,18-03-2026,Completed,Medium
SR00959,C0144,F0570,T075,17-02-2026,Completed,High
SR00960,C0432,F0419,T093,02-02-2026,In Progress,Medium
SR00961,C0133,F0672,T026,01-04-2026,Cancelled,Medium
SR00962,C0146,F0740,T034,25-05-2026,Completed,High
SR00963,C0415,F0760,T033,16-01-2026,Completed,Medium
SR00964,C0441,F0497,T084,02-07-2026,Completed,Low
SR00965,C0170,F0595,T008,21-04-2026,Completed,High
SR00966,C0365,F0249,T090,10-07-2026,Completed,Medium
SR00967,C0462,F0031,T078,22-04-2026,Completed,Low
SR00968,C0400,F0321,T049,07-02-2026,Cancelled,Medium
SR00969,C0003,F0698,T059,06-01-2026,Completed,Critical
SR00970,C0333,F0107,T090,14-05-2026,Completed,Medium
SR00971,C0085,F0437,T077,10-05-2026,In Progress,Medium
SR00972,C0424,F0154,T028,15-07-2026,Completed,Low
SR00973,C0034,F0344,T006,30-07-2026,Completed,Critical
SR00974,C0497,F0115,T066,08-02-2026,Open,High
SR00975,C0089,F0588,T015,17-03-2026,Completed,Medium
SR00976,C0211,F0649,T009,19-02-2026,In Progress,Medium
SR00977,C0118,F0607,T099,26-01-2026,In Progress,High
SR00978,C0407,F0564,T048,01-01-2026,In Progress,High
SR00979,C0197,F0189,T066,20-01-2026,In Progress,High
SR00980,C0373,F0425,T022,06-05-2026,In Progress,Critical
SR00981,C0034,F0084,T011,06-02-2026,Completed,Medium
SR00982,C0227,F0300,T007,16-02-2026,Completed,Medium
SR00983,C0456,F0405,T036,29-01-2026,In Progress,Medium
SR00984,C0464,F0535,T001,23-06-2026,In Progress,High
SR00985,C0105,F0078,T043,02-06-2026,Completed,Medium
SR00986,C0198,F0651,T033,19-08-2026,Open,Medium
SR00987,C0205,F0368,T053,27-01-2026,Completed,High
SR00988,C0283,F0705,T059,20-02-2026,Completed,Medium
SR00989,C0269,F0422,T031,20-04-2026,Completed,High
SR00990,C0053,F0438,T046,05-06-2026,Completed,Low
SR00991,C0382,F0555,T008,01-02-2026,Completed,Medium
SR00992,C0113,F0656,T031,20-02-2026,Cancelled,Medium
SR00993,C0158,F0127,T098,12-04-2026,Completed,High
SR00994,C0421,F0410,T100,05-01-2026,In Progress,High
SR00995,C0345,F0024,T049,05-04-2026,In Progress,Medium
SR00996,C0199,F0380,T094,02-07-2026,In Progress,Medium
SR00997,C0457,F0651,T051,07-05-2026,Completed,Low
SR00998,C0198,F0693,T013,15-04-2026,Completed,High
SR00999,C0283,F0227,T087,28-04-2026,In Progress,Critical
SR01000,C0123,F0310,T042,16-08-2026,In Progress,High
SR01001,C0092,F0442,T062,05-05-2026,Completed,Medium
SR01002,C0246,F0317,T065,09-05-2026,Completed,Medium
SR01003,C0282,F0143,T031,12-08-2026,Completed,Medium
SR01004,C0403,F0244,T074,07-02-2026,Cancelled,Low
SR01005,C0196,F0324,T051,24-01-2026,In Progress,Low
SR01006,C0448,F0415,T037,18-04-2026,Completed,Low
SR01007,C0304,F0737,T030,18-03-2026,Cancelled,Low
SR01008,C0036,F0436,T075,18-02-2026,Completed,High
SR01009,C0370,F0310,T025,29-01-2026,Completed,Medium
SR01010,C0288,F0529,T013,30-07-2026,Completed,High
SR01011,C0195,F0619,T089,28-05-2026,Open,High
SR01012,C0234,F0345,T034,15-06-2026,Completed,Medium
SR01013,C0151,F0392,T065,29-01-2026,Completed,Medium
SR01014,C0308,F0175,T072,23-03-2026,Completed,High
SR01015,C0284,F0692,T084,29-05-2026,Completed,Low
SR01016,C0224,F0694,T063,07-05-2026,Completed,Medium
SR01017,C0143,F0140,T071,16-06-2026,In Progress,Medium
SR01018,C0200,F0277,T084,10-06-2026,Completed,High
SR01019,C0249,F0218,T095,10-04-2026,Completed,High
SR01020,C0236,F0739,T005,07-07-2026,Open,High
SR01021,C0155,F0053,T075,04-03-2026,Completed,High
SR01022,C0291,F0166,T018,20-01-2026,Cancelled,Medium
SR01023,C0114,F0252,T090,08-08-2026,Completed,High
SR01024,C0251,F0449,T005,06-01-2026,Completed,High
SR01025,C0061,F0200,T025,10-03-2026,Completed,Medium
SR01026,C0237,F0430,T020,28-01-2026,Completed,Critical
SR01027,C0392,F0598,T061,25-02-2026,Completed,High
SR01028,C0409,F0663,T001,05-04-2026,Completed,Medium
SR01029,C0348,F0080,T002,01-02-2026,Open,Low
SR01030,C0373,F0112,T051,23-04-2026,Cancelled,Medium
SR01031,C0033,F0077,T098,11-08-2026,Cancelled,High
SR01032,C0171,F0728,T053,02-02-2026,Completed,Low
SR01033,C0328,F0522,T045,11-08-2026,Completed,Medium
SR01034,C0401,F0426,T066,09-04-2026,In Progress,Medium
SR01035,C0292,F0633,T056,23-05-2026,Completed,High
SR01036,C0427,F0469,T039,16-04-2026,In Progress,High
SR01037,C0137,F0189,T059,17-03-2026,Open,High
SR01038,C0077,F0409,T001,27-01-2026,Cancelled,Medium
SR01039,C0044,F0563,T025,23-05-2026,In Progress,Low
SR01040,C0292,F0029,T068,08-08-2026,Completed,High
SR01041,C0333,F0486,T035,05-05-2026,In Progress,Low
SR01042,C0143,F0398,T006,24-05-2026,Completed,Medium
SR01043,C0392,F0056,T013,04-06-2026,Completed,Critical
SR01044,C0370,F0211,T087,04-04-2026,In Progress,Medium
SR01045,C0181,F0359,T033,29-01-2026,Completed,Medium
SR01046,C0120,F0275,T003,02-05-2026,Cancelled,High
SR01047,C0372,F0233,T073,28-07-2026,Completed,High
SR01048,C0336,F0520,T054,17-03-2026,Cancelled,Medium
SR01049,C0086,F0324,T046,29-07-2026,Completed,Medium
SR01050,C0128,F0399,T090,25-07-2026,Completed,Low
SR01051,C0243,F0639,T032,28-02-2026,In Progress,Medium
SR01052,C0256,F0075,T058,19-05-2026,Open,Medium
SR01053,C0083,F0288,T075,29-06-2026,Completed,Medium
SR01054,C0475,F0059,T061,29-04-2026,Completed,High
SR01055,C0195,F0742,T021,17-06-2026,Completed,Low
SR01056,C0191,F0149,T069,07-08-2026,Completed,Medium
SR01057,C0031,F0656,T075,31-05-2026,In Progress,Low
SR01058,C0438,F0153,T013,21-07-2026,Completed,Medium
SR01059,C0118,F0260,T017,12-07-2026,In Progress,Low
SR01060,C0494,F0487,T068,15-07-2026,Cancelled,Low
SR01061,C0249,F0666,T012,24-07-2026,In Progress,Critical
SR01062,C0438,F0143,T089,24-02-2026,Open,Critical
SR01063,C0090,F0171,T011,05-01-2026,Completed,High
SR01064,C0083,F0706,T098,06-02-2026,In Progress,Medium
SR01065,C0401,F0258,T068,01-03-2026,Cancelled,High
SR01066,C0410,F0168,T045,15-06-2026,Completed,High
SR01067,C0272,F0595,T027,03-05-2026,In Progress,Medium
SR01068,C0017,F0073,T035,23-04-2026,In Progress,Low
SR01069,C0472,F0694,T075,03-01-2026,Cancelled,High
SR01070,C0197,F0701,T076,14-06-2026,Completed,Critical
SR01071,C0468,F0686,T021,29-03-2026,Completed,Medium
SR01072,C0436,F0237,T055,02-07-2026,Open,Medium
SR01073,C0426,F0092,T100,28-01-2026,Cancelled,Medium
SR01074,C0345,F0341,T026,12-03-2026,Completed,Medium
SR01075,C0337,F0268,T070,14-01-2026,Completed,High
SR01076,C0267,F0768,T018,10-03-2026,Completed,Medium
SR01077,C0013,F0506,T084,10-08-2026,Open,High
SR01078,C0194,F0756,T018,28-04-2026,Cancelled,High
SR01079,C0366,F0601,T030,16-04-2026,Cancelled,Low
SR01080,C0407,F0572,T046,07-03-2026,Completed,High
SR01081,C0280,F0090,T038,05-03-2026,Cancelled,High
SR01082,C0355,F0056,T018,10-06-2026,In Progress,Medium
SR01083,C0011,F0038,T065,25-08-2026,In Progress,Medium
SR01084,C0235,F0475,T002,29-06-2026,Open,High
SR01085,C0254,F0162,T099,26-06-2026,Completed,Medium
SR01086,C0447,F0792,T006,24-04-2026,Open,Low
SR01087,C0156,F0107,T034,24-01-2026,Completed,Medium
SR01088,C0115,F0758,T093,23-06-2026,Open,Medium
SR01089,C0177,F0535,T016,14-07-2026,Completed,High
SR01090,C0086,F0085,T008,03-05-2026,Completed,Low
SR01091,C0280,F0047,T075,22-01-2026,Completed,Medium
SR01092,C0322,F0317,T008,21-06-2026,In Progress,Medium
SR01093,C0401,F0272,T090,10-08-2026,Completed,High
SR01094,C0486,F0253,T046,23-02-2026,In Progress,Medium
SR01095,C0037,F0423,T087,08-02-2026,Completed,High
SR01096,C0124,F0104,T025,27-06-2026,Completed,High
SR01097,C0151,F0104,T015,21-03-2026,Completed,Low
SR01098,C0125,F0556,T097,21-06-2026,Open,High
SR01099,C0414,F0793,T077,18-06-2026,Completed,Medium
SR01100,C0070,F0220,T092,05-03-2026,Cancelled,High
SR01101,C0015,F0746,T032,11-01-2026,Completed,Medium
SR01102,C0431,F0276,T041,14-05-2026,Cancelled,Medium
SR01103,C0481,F0269,T058,08-04-2026,Cancelled,Medium
SR01104,C0114,F0073,T045,25-07-2026,In Progress,Medium
SR01105,C0167,F0339,T025,27-03-2026,Completed,High
SR01106,C0252,F0399,T038,01-03-2026,In Progress,High
SR01107,C0263,F0532,T061,26-07-2026,Completed,Low
SR01108,C0496,F0127,T004,26-06-2026,In Progress,Medium
SR01109,C0203,F0151,T034,29-05-2026,Cancelled,Medium
SR01110,C0007,F0346,T030,17-08-2026,Completed,Medium
SR01111,C0212,F0056,T008,07-07-2026,In Progress,Low
SR01112,C0279,F0115,T013,27-07-2026,Completed,Medium
SR01113,C0259,F0504,T050,11-07-2026,Completed,High
SR01114,C0257,F0764,T011,07-04-2026,Completed,Medium
SR01115,C0462,F0459,T035,15-01-2026,Cancelled,High
SR01116,C0404,F0116,T057,26-05-2026,In Progress,Medium
SR01117,C0126,F0793,T088,03-07-2026,Completed,Medium
SR01118,C0178,F0418,T010,27-08-2026,Completed,Medium
SR01119,C0334,F0574,T044,13-06-2026,Completed,Medium
SR01120,C0206,F0158,T011,17-05-2026,Completed,Medium
SR01121,C0215,F0463,T043,19-05-2026,Open,Critical
SR01122,C0084,F0062,T049,28-01-2026,In Progress,High
SR01123,C0128,F0501,T080,02-01-2026,Completed,High
SR01124,C0371,F0162,T045,11-01-2026,Cancelled,Low
SR01125,C0422,F0728,T094,06-08-2026,In Progress,Low
SR01126,C0393,F0044,T014,09-07-2026,In Progress,Low
SR01127,C0154,F0523,T006,04-03-2026,Completed,High
SR01128,C0069,F0112,T001,12-04-2026,Cancelled,High
SR01129,C0080,F0550,T036,27-04-2026,Completed,Medium
SR01130,C0197,F0395,T020,01-03-2026,Open,Critical
SR01131,C0259,F0774,T010,12-04-2026,Completed,Low
SR01132,C0447,F0522,T024,25-03-2026,Completed,Medium
SR01133,C0450,F0298,T098,16-06-2026,Completed,Low
SR01134,C0002,F0070,T081,01-07-2026,In Progress,Medium
SR01135,C0354,F0477,T002,24-01-2026,Open,High
SR01136,C0150,F0353,T092,22-04-2026,In Progress,High
SR01137,C0099,F0043,T021,26-08-2026,Completed,Low
SR01138,C0278,F0465,T041,28-07-2026,Completed,Medium
SR01139,C0017,F0168,T033,10-07-2026,In Progress,Medium
SR01140,C0168,F0188,T041,26-06-2026,Completed,Low
SR01141,C0277,F0008,T077,02-01-2026,Completed,Medium
SR01142,C0137,F0298,T072,22-08-2026,Open,Medium
SR01143,C0297,F0175,T060,26-06-2026,Completed,Medium
SR01144,C0231,F0058,T063,02-08-2026,Completed,Medium
SR01145,C0400,F0348,T073,07-08-2026,Completed,Medium
SR01146,C0091,F0177,T019,03-03-2026,Cancelled,High
SR01147,C0029,F0108,T040,04-01-2026,Completed,Medium
SR01148,C0265,F0374,T011,08-06-2026,In Progress,Medium
SR01149,C0129,F0051,T071,21-04-2026,Open,Medium
SR01150,C0354,F0793,T044,05-01-2026,In Progress,High
SR01151,C0047,F0377,T064,06-03-2026,In Progress,Low
SR01152,C0288,F0798,T057,26-08-2026,Completed,Low
SR01153,C0495,F0706,T028,29-03-2026,Cancelled,High
SR01154,C0047,F0784,T014,04-03-2026,Completed,High
SR01155,C0151,F0435,T098,07-06-2026,In Progress,Medium
SR01156,C0423,F0339,T030,09-06-2026,Completed,Medium
SR01157,C0267,F0576,T011,21-03-2026,Open,Critical
SR01158,C0088,F0065,T031,23-07-2026,Completed,Low
SR01159,C0107,F0673,T091,20-05-2026,Open,Low
SR01160,C0383,F0259,T027,08-02-2026,Cancelled,Medium
SR01161,C0431,F0006,T099,19-03-2026,Completed,Medium
SR01162,C0181,F0191,T047,23-07-2026,In Progress,Medium
SR01163,C0237,F0194,T087,22-01-2026,Completed,High
SR01164,C0392,F0012,T066,03-01-2026,Completed,Medium
SR01165,C0089,F0535,T005,07-06-2026,Completed,Medium
SR01166,C0104,F0077,T051,17-04-2026,Completed,Medium
SR01167,C0388,F0678,T042,02-03-2026,In Progress,High
SR01168,C0094,F0363,T021,24-04-2026,Completed,Low
SR01169,C0386,F0575,T055,14-02-2026,Open,Medium
SR01170,C0249,F0272,T011,31-03-2026,Completed,High
SR01171,C0496,F0106,T070,26-02-2026,In Progress,Medium
SR01172,C0017,F0145,T083,21-05-2026,Completed,Low
SR01173,C0473,F0517,T010,11-06-2026,Completed,Medium
SR01174,C0113,F0573,T048,08-08-2026,Open,High
SR01175,C0018,F0215,T066,17-01-2026,Completed,Low
SR01176,C0363,F0286,T007,20-03-2026,Completed,High
SR01177,C0267,F0757,T039,05-03-2026,In Progress,High
SR01178,C0419,F0682,T026,20-05-2026,Completed,Medium
SR01179,C0055,F0331,T004,08-05-2026,Completed,Medium
SR01180,C0041,F0193,T081,30-07-2026,Completed,High
SR01181,C0284,F0242,T045,09-08-2026,Completed,Medium
SR01182,C0442,F0431,T076,05-07-2026,Completed,High
SR01183,C0203,F0454,T059,17-02-2026,Completed,High
SR01184,C0399,F0148,T088,10-01-2026,Open,Low
SR01185,C0454,F0053,T100,04-08-2026,Open,High
SR01186,C0435,F0397,T061,15-08-2026,Open,Medium
SR01187,C0255,F0638,T036,02-03-2026,Cancelled,Medium
SR01188,C0350,F0122,T043,12-01-2026,Completed,Medium
SR01189,C0263,F0327,T083,13-06-2026,Completed,Medium
SR01190,C0338,F0130,T043,22-05-2026,In Progress,High
SR01191,C0284,F0194,T052,02-08-2026,Completed,High
SR01192,C0263,F0490,T020,19-05-2026,Completed,Medium
SR01193,C0219,F0229,T100,02-07-2026,Completed,Medium
SR01194,C0327,F0212,T066,08-07-2026,Open,High
SR01195,C0376,F0797,T034,03-01-2026,Completed,High
SR01196,C0460,F0138,T059,05-02-2026,In Progress,Medium
SR01197,C0307,F0152,T041,07-07-2026,In Progress,Medium
SR01198,C0051,F0744,T016,13-02-2026,Cancelled,High
SR01199,C0294,F0441,T088,19-02-2026,Completed,Medium
SR01200,C0158,F0035,T089,30-06-2026,Completed,Medium
SR01201,C0014,F0340,T084,19-02-2026,Completed,Medium
SR01202,C0037,F0453,T037,05-02-2026,Cancelled,Medium
SR01203,C0296,F0203,T026,04-01-2026,Open,Low
SR01204,C0473,F0439,T005,23-04-2026,Completed,Low
SR01205,C0253,F0519,T074,02-06-2026,In Progress,High
SR01206,C0223,F0201,T033,25-06-2026,Open,Critical
SR01207,C0045,F0650,T090,06-08-2026,Completed,Medium
SR01208,C0338,F0363,T087,06-06-2026,Completed,Low
SR01209,C0028,F0771,T013,01-07-2026,In Progress,High
SR01210,C0421,F0071,T092,20-02-2026,Completed,Medium
SR01211,C0409,F0260,T015,23-03-2026,Completed,Critical
SR01212,C0496,F0578,T050,14-03-2026,Completed,Medium
SR01213,C0143,F0716,T048,16-01-2026,Completed,Medium
SR01214,C0081,F0178,T096,21-08-2026,Completed,Medium
SR01215,C0150,F0785,T066,27-02-2026,Completed,Medium
SR01216,C0400,F0155,T088,18-04-2026,Completed,High
SR01217,C0110,F0333,T060,27-03-2026,Completed,Low
SR01218,C0444,F0252,T083,11-01-2026,Completed,High
SR01219,C0078,F0340,T086,05-08-2026,Open,High
SR01220,C0025,F0722,T086,22-02-2026,In Progress,High
SR01221,C0110,F0587,T042,25-01-2026,In Progress,High
SR01222,C0378,F0638,T039,24-03-2026,Completed,Medium
SR01223,C0302,F0204,T099,04-02-2026,Cancelled,Medium
SR01224,C0178,F0758,T076,28-08-2026,Completed,High
SR01225,C0329,F0349,T092,15-02-2026,Completed,Medium
SR01226,C0325,F0522,T058,14-03-2026,Completed,Low
SR01227,C0278,F0559,T093,07-03-2026,Completed,Medium
SR01228,C0258,F0531,T072,07-01-2026,Completed,Medium
SR01229,C0051,F0482,T075,04-01-2026,Completed,High
SR01230,C0130,F0385,T018,04-05-2026,Completed,Medium
SR01231,C0264,F0519,T057,25-02-2026,Open,High
SR01232,C0068,F0725,T074,21-01-2026,Completed,Critical
SR01233,C0238,F0312,T077,11-03-2026,Completed,Medium
SR01234,C0059,F0409,T096,07-03-2026,Completed,High
SR01235,C0394,F0145,T033,12-04-2026,Cancelled,Low
SR01236,C0052,F0285,T031,27-08-2026,Completed,Low
SR01237,C0047,F0618,T097,15-03-2026,Completed,Low
SR01238,C0319,F0513,T099,19-06-2026,In Progress,Medium
SR01239,C0111,F0169,T018,04-07-2026,Completed,Medium
SR01240,C0176,F0437,T038,13-01-2026,Completed,Medium
SR01241,C0158,F0650,T095,01-05-2026,Cancelled,Medium
SR01242,C0109,F0100,T020,18-04-2026,Completed,Low
SR01243,C0381,F0050,T079,02-05-2026,In Progress,High
SR01244,C0346,F0315,T012,11-02-2026,Completed,Low
SR01245,C0120,F0526,T018,22-04-2026,Completed,High
SR01246,C0344,F0251,T079,30-01-2026,Completed,High
SR01247,C0357,F0657,T061,15-08-2026,Completed,High
SR01248,C0270,F0678,T056,21-05-2026,Completed,Medium
SR01249,C0290,F0427,T086,09-01-2026,Completed,High
SR01250,C0468,F0304,T031,02-05-2026,In Progress,High
SR01251,C0227,F0034,T051,11-08-2026,Open,High
SR01252,C0193,F0658,T061,28-06-2026,Completed,Critical
SR01253,C0270,F0717,T074,07-03-2026,Cancelled,Medium
SR01254,C0418,F0354,T034,03-08-2026,Completed,Medium
SR01255,C0355,F0414,T064,14-02-2026,In Progress,High
SR01256,C0038,F0603,T045,01-03-2026,Open,Low
SR01257,C0230,F0557,T055,07-02-2026,In Progress,Medium
SR01258,C0370,F0109,T087,10-08-2026,Completed,High
SR01259,C0112,F0538,T040,22-06-2026,Completed,High
SR01260,C0495,F0740,T067,05-05-2026,Cancelled,Medium
SR01261,C0405,F0601,T095,10-06-2026,In Progress,Medium
SR01262,C0424,F0385,T077,04-03-2026,Completed,Low
SR01263,C0041,F0419,T099,17-01-2026,Completed,Medium
SR01264,C0290,F0208,T059,22-07-2026,In Progress,High
SR01265,C0264,F0529,T029,20-08-2026,Cancelled,High
SR01266,C0314,F0194,T100,09-01-2026,Completed,Medium
SR01267,C0426,F0274,T065,13-01-2026,Open,Medium
SR01268,C0177,F0213,T025,15-05-2026,Open,High
SR01269,C0267,F0269,T032,11-01-2026,Completed,High
SR01270,C0340,F0294,T027,23-06-2026,Completed,Medium
SR01271,C0377,F0067,T084,15-08-2026,Completed,Medium
SR01272,C0386,F0575,T010,09-03-2026,Completed,Low
SR01273,C0169,F0353,T074,12-03-2026,Completed,High
SR01274,C0500,F0760,T056,27-07-2026,Completed,Medium
SR01275,C0005,F0145,T008,27-03-2026,Cancelled,Medium
SR01276,C0247,F0536,T062,27-02-2026,In Progress,High
SR01277,C0305,F0144,T076,21-01-2026,Completed,High
SR01278,C0031,F0438,T073,21-07-2026,In Progress,High
SR01279,C0226,F0393,T053,11-08-2026,In Progress,Medium
SR01280,C0298,F0359,T034,19-01-2026,Completed,Medium
SR01281,C0304,F0524,T017,12-07-2026,Completed,High
SR01282,C0060,F0663,T002,08-02-2026,Open,Critical
SR01283,C0139,F0254,T036,03-02-2026,Completed,Critical
SR01284,C0123,F0680,T064,02-04-2026,Completed,High
SR01285,C0320,F0148,T004,15-04-2026,Open,Medium
SR01286,C0165,F0235,T100,24-07-2026,Completed,Medium
SR01287,C0286,F0249,T059,17-06-2026,Cancelled,Medium
SR01288,C0366,F0763,T030,04-02-2026,Open,High
SR01289,C0399,F0095,T097,21-05-2026,In Progress,Medium
SR01290,C0092,F0317,T019,30-07-2026,Cancelled,High
SR01291,C0452,F0340,T096,08-06-2026,In Progress,High
SR01292,C0083,F0641,T029,25-02-2026,Open,Critical
SR01293,C0011,F0389,T038,31-01-2026,Cancelled,High
SR01294,C0023,F0774,T043,19-04-2026,Completed,Medium
SR01295,C0101,F0593,T100,24-04-2026,Completed,Medium
SR01296,C0437,F0563,T026,26-03-2026,Completed,Critical
SR01297,C0104,F0603,T098,27-01-2026,Cancelled,Medium
SR01298,C0347,F0130,T035,29-01-2026,Completed,Low
SR01299,C0210,F0360,T029,07-05-2026,Completed,Critical
SR01300,C0020,F0469,T064,15-08-2026,Completed,High
SR01301,C0223,F0167,T070,24-05-2026,Completed,Medium
SR01302,C0015,F0096,T035,16-04-2026,Completed,Low
SR01303,C0239,F0109,T014,12-08-2026,Completed,Medium
SR01304,C0280,F0632,T040,15-06-2026,Completed,High
SR01305,C0261,F0526,T055,22-06-2026,Completed,Medium
SR01306,C0142,F0226,T005,19-05-2026,Completed,Medium
SR01307,C0384,F0590,T008,03-07-2026,Completed,Medium
SR01308,C0299,F0557,T092,01-05-2026,Completed,High
SR01309,C0128,F0654,T004,30-05-2026,Completed,High
SR01310,C0218,F0729,T041,28-05-2026,Open,Medium
SR01311,C0055,F0706,T077,30-06-2026,In Progress,Medium
SR01312,C0462,F0145,T033,04-08-2026,In Progress,Medium
SR01313,C0377,F0616,T050,12-03-2026,Completed,Medium
SR01314,C0144,F0315,T009,17-06-2026,Completed,Medium
SR01315,C0338,F0323,T080,08-01-2026,In Progress,Medium
SR01316,C0340,F0518,T064,08-05-2026,Completed,Medium
SR01317,C0305,F0482,T086,04-08-2026,Open,Medium
SR01318,C0028,F0336,T087,04-06-2026,In Progress,Medium
SR01319,C0440,F0800,T036,06-03-2026,Completed,Low
SR01320,C0478,F0140,T005,26-05-2026,Completed,Low
SR01321,C0488,F0078,T035,27-03-2026,Completed,High
SR01322,C0491,F0024,T015,14-04-2026,Completed,Medium
SR01323,C0465,F0652,T054,24-02-2026,Cancelled,Low
SR01324,C0370,F0326,T015,30-05-2026,Open,Critical
SR01325,C0029,F0350,T093,17-02-2026,Completed,Medium
SR01326,C0233,F0520,T061,17-04-2026,Completed,High
SR01327,C0123,F0349,T026,14-08-2026,In Progress,Medium
SR01328,C0110,F0460,T093,01-07-2026,Cancelled,High
SR01329,C0416,F0047,T077,10-04-2026,Completed,Medium
SR01330,C0407,F0125,T044,21-08-2026,Completed,Low
SR01331,C0262,F0746,T015,04-01-2026,Completed,High
SR01332,C0369,F0361,T035,19-08-2026,Completed,High
SR01333,C0065,F0134,T059,26-03-2026,In Progress,Medium
SR01334,C0111,F0296,T077,16-07-2026,Cancelled,High
SR01335,C0431,F0268,T027,16-08-2026,Completed,Medium
SR01336,C0226,F0220,T075,25-05-2026,Open,High
SR01337,C0274,F0235,T029,27-05-2026,Open,High
SR01338,C0232,F0584,T025,29-06-2026,Completed,Low
SR01339,C0102,F0086,T045,27-02-2026,In Progress,High
SR01340,C0414,F0248,T017,12-02-2026,Completed,Critical
SR01341,C0380,F0375,T041,24-03-2026,Completed,High
SR01342,C0342,F0433,T036,25-04-2026,In Progress,Low
SR01343,C0177,F0705,T029,28-06-2026,Completed,High
SR01344,C0322,F0739,T078,03-03-2026,In Progress,Medium
SR01345,C0477,F0238,T034,16-05-2026,Cancelled,Medium
SR01346,C0325,F0432,T070,01-01-2026,Completed,High
SR01347,C0248,F0018,T073,08-01-2026,In Progress,Medium
SR01348,C0136,F0494,T067,21-08-2026,Completed,High
SR01349,C0262,F0123,T027,24-07-2026,Completed,High
SR01350,C0186,F0059,T083,27-07-2026,Cancelled,Medium
SR01351,C0306,F0538,T024,20-03-2026,Completed,Critical
SR01352,C0023,F0143,T028,04-05-2026,Completed,Medium
SR01353,C0096,F0382,T088,11-06-2026,Cancelled,Medium
SR01354,C0394,F0081,T034,02-03-2026,In Progress,Medium
SR01355,C0191,F0597,T070,28-06-2026,Completed,Low
SR01356,C0217,F0612,T005,16-06-2026,Open,High
SR01357,C0272,F0460,T062,08-04-2026,Completed,Medium
SR01358,C0220,F0669,T087,15-04-2026,Completed,High
SR01359,C0380,F0350,T071,15-03-2026,Cancelled,Critical
SR01360,C0123,F0150,T059,12-07-2026,Completed,High
SR01361,C0380,F0122,T085,25-08-2026,Open,Medium
SR01362,C0105,F0176,T030,28-08-2026,Completed,High
SR01363,C0186,F0161,T038,05-07-2026,Completed,Low
SR01364,C0294,F0259,T007,25-03-2026,Completed,High
SR01365,C0443,F0172,T070,07-07-2026,Completed,Medium
SR01366,C0117,F0473,T073,28-02-2026,In Progress,High
SR01367,C0294,F0119,T076,04-08-2026,Completed,Medium
SR01368,C0033,F0498,T075,06-03-2026,Open,Medium
SR01369,C0038,F0268,T013,07-04-2026,In Progress,Critical
SR01370,C0384,F0550,T067,23-01-2026,Cancelled,Medium
SR01371,C0360,F0411,T077,20-01-2026,Completed,High
SR01372,C0189,F0725,T021,05-04-2026,In Progress,High
SR01373,C0312,F0352,T048,13-05-2026,Open,Medium
SR01374,C0191,F0237,T092,05-01-2026,Cancelled,Medium
SR01375,C0139,F0472,T042,23-07-2026,Open,Medium
SR01376,C0216,F0528,T076,28-01-2026,In Progress,High
SR01377,C0156,F0352,T054,28-08-2026,In Progress,Critical
SR01378,C0408,F0448,T066,07-03-2026,Open,Medium
SR01379,C0206,F0377,T063,01-04-2026,In Progress,High
SR01380,C0161,F0245,T066,08-02-2026,Cancelled,Medium
SR01381,C0269,F0251,T078,17-07-2026,In Progress,Medium
SR01382,C0380,F0726,T091,25-06-2026,Completed,High
SR01383,C0137,F0541,T030,19-01-2026,Completed,High
SR01384,C0470,F0077,T093,26-01-2026,Completed,Medium
SR01385,C0232,F0770,T063,27-05-2026,Completed,Medium
SR01386,C0331,F0570,T060,27-07-2026,Completed,Medium
SR01387,C0479,F0041,T033,27-01-2026,Completed,Low
SR01388,C0216,F0583,T042,23-02-2026,Completed,Medium
SR01389,C0100,F0472,T066,11-05-2026,Completed,High
SR01390,C0374,F0733,T037,27-01-2026,Completed,Medium
SR01391,C0004,F0392,T029,15-03-2026,Completed,Medium
SR01392,C0229,F0415,T082,03-01-2026,Open,High
SR01393,C0490,F0252,T042,30-04-2026,Completed,Medium
SR01394,C0208,F0258,T065,21-06-2026,Completed,Medium
SR01395,C0343,F0495,T004,09-04-2026,In Progress,High
SR01396,C0263,F0663,T008,03-03-2026,Completed,Low
SR01397,C0108,F0713,T085,12-04-2026,In Progress,Medium
SR01398,C0159,F0617,T015,03-05-2026,In Progress,Medium
SR01399,C0262,F0488,T080,09-02-2026,Completed,Medium
SR01400,C0053,F0401,T091,27-01-2026,In Progress,Medium
SR01401,C0208,F0272,T049,13-02-2026,Completed,Medium
SR01402,C0208,F0615,T089,25-08-2026,Completed,Medium
SR01403,C0418,F0255,T043,23-06-2026,Completed,High
SR01404,C0062,F0215,T096,31-01-2026,Completed,Medium
SR01405,C0422,F0695,T024,14-03-2026,Completed,Medium
SR01406,C0206,F0472,T043,09-04-2026,Completed,Medium
SR01407,C0326,F0284,T039,13-02-2026,Completed,Critical
SR01408,C0279,F0693,T079,24-07-2026,Cancelled,Low
SR01409,C0150,F0771,T005,14-08-2026,Completed,High
SR01410,C0466,F0255,T083,28-02-2026,Completed,Medium
SR01411,C0113,F0418,T003,04-01-2026,Cancelled,Critical
SR01412,C0019,F0387,T032,06-03-2026,Completed,Medium
SR01413,C0376,F0562,T060,20-05-2026,Open,Low
SR01414,C0311,F0761,T015,14-07-2026,In Progress,Medium
SR01415,C0446,F0439,T050,23-03-2026,Completed,Medium
SR01416,C0229,F0639,T100,07-03-2026,In Progress,High
SR01417,C0009,F0477,T083,01-03-2026,Completed,High
SR01418,C0011,F0710,T004,01-01-2026,Completed,High
SR01419,C0217,F0324,T060,04-01-2026,Completed,Low
SR01420,C0125,F0309,T060,13-04-2026,Open,High
SR01421,C0462,F0338,T007,29-05-2026,Completed,Medium
SR01422,C0060,F0798,T066,04-01-2026,Completed,Critical
SR01423,C0441,F0490,T053,18-02-2026,Open,High
SR01424,C0109,F0123,T069,07-08-2026,Completed,Medium
SR01425,C0060,F0033,T030,26-08-2026,Completed,High
SR01426,C0138,F0416,T026,04-06-2026,Completed,Medium
SR01427,C0073,F0645,T074,06-05-2026,Completed,Medium
SR01428,C0201,F0384,T073,20-05-2026,Open,Medium
SR01429,C0166,F0449,T017,30-03-2026,Completed,High
SR01430,C0265,F0639,T022,18-02-2026,Completed,Medium
SR01431,C0269,F0414,T059,01-04-2026,Open,Low
SR01432,C0001,F0727,T083,17-06-2026,Completed,High
SR01433,C0063,F0511,T021,09-06-2026,Completed,Low
SR01434,C0081,F0585,T022,12-06-2026,Completed,High
SR01435,C0098,F0626,T081,27-05-2026,Completed,Low
SR01436,C0047,F0502,T070,15-01-2026,Completed,Medium
SR01437,C0158,F0041,T091,31-05-2026,Completed,High
SR01438,C0275,F0342,T079,31-07-2026,Open,Low
SR01439,C0155,F0114,T096,05-06-2026,In Progress,High
SR01440,C0165,F0409,T019,20-05-2026,Cancelled,Medium
SR01441,C0235,F0115,T028,23-02-2026,Completed,High
SR01442,C0275,F0408,T024,10-07-2026,Completed,Low
SR01443,C0166,F0276,T006,19-04-2026,In Progress,High
SR01444,C0111,F0017,T078,05-03-2026,Completed,Medium
SR01445,C0205,F0100,T067,28-04-2026,In Progress,Medium
SR01446,C0013,F0403,T009,30-01-2026,In Progress,Medium
SR01447,C0247,F0064,T020,11-08-2026,In Progress,Medium
SR01448,C0471,F0685,T020,18-06-2026,Completed,Medium
SR01449,C0199,F0607,T041,20-03-2026,Completed,Low
SR01450,C0055,F0568,T046,10-07-2026,Open,Medium
SR01451,C0354,F0138,T029,14-01-2026,Open,High
SR01452,C0064,F0637,T094,03-04-2026,Completed,Medium
SR01453,C0097,F0508,T022,06-06-2026,Completed,Low
SR01454,C0074,F0313,T057,06-01-2026,Completed,Medium
SR01455,C0442,F0001,T044,20-06-2026,In Progress,Medium
SR01456,C0491,F0424,T039,16-07-2026,Completed,High
SR01457,C0285,F0637,T083,23-05-2026,Cancelled,High
SR01458,C0309,F0027,T098,19-02-2026,Completed,Medium
SR01459,C0323,F0043,T001,29-06-2026,In Progress,High
SR01460,C0306,F0307,T047,23-03-2026,Completed,Low
SR01461,C0273,F0410,T012,26-06-2026,In Progress,Critical
SR01462,C0494,F0380,T044,31-05-2026,Open,Medium
SR01463,C0367,F0341,T062,23-01-2026,In Progress,Medium
SR01464,C0045,F0205,T042,24-01-2026,Cancelled,Medium
SR01465,C0196,F0048,T031,04-01-2026,Completed,Low
SR01466,C0488,F0025,T032,18-01-2026,Completed,High
SR01467,C0202,F0080,T030,13-03-2026,Completed,Medium
SR01468,C0103,F0553,T033,07-01-2026,Completed,Medium
SR01469,C0435,F0629,T038,14-08-2026,Open,Low
SR01470,C0312,F0349,T069,08-08-2026,Completed,Critical
SR01471,C0282,F0062,T010,11-02-2026,Open,High
SR01472,C0211,F0333,T005,16-03-2026,Completed,High
SR01473,C0063,F0789,T052,28-06-2026,In Progress,High
SR01474,C0192,F0200,T069,08-06-2026,Completed,High
SR01475,C0219,F0393,T026,20-05-2026,Completed,Medium
SR01476,C0466,F0431,T021,26-08-2026,Open,Low
SR01477,C0154,F0264,T063,01-06-2026,In Progress,Medium
SR01478,C0075,F0351,T039,10-06-2026,Cancelled,Medium
SR01479,C0214,F0378,T074,01-05-2026,Open,High
SR01480,C0499,F0380,T015,07-05-2026,In Progress,Low
SR01481,C0242,F0575,T013,11-03-2026,In Progress,Low
SR01482,C0190,F0465,T056,06-05-2026,Completed,High
SR01483,C0334,F0043,T040,09-08-2026,Completed,Low
SR01484,C0325,F0006,T073,01-04-2026,In Progress,Low
SR01485,C0150,F0329,T051,01-02-2026,Completed,Low
SR01486,C0484,F0727,T036,24-05-2026,Completed,High
SR01487,C0297,F0030,T016,08-07-2026,In Progress,Low
SR01488,C0029,F0057,T017,19-08-2026,Cancelled,Low
SR01489,C0204,F0544,T076,11-05-2026,Cancelled,Medium
SR01490,C0462,F0361,T023,09-07-2026,Open,High
SR01491,C0197,F0185,T051,02-03-2026,In Progress,Medium
SR01492,C0284,F0166,T082,12-04-2026,In Progress,Low
SR01493,C0307,F0533,T090,11-04-2026,In Progress,High
SR01494,C0353,F0420,T027,21-03-2026,Completed,High
SR01495,C0437,F0511,T011,21-06-2026,Completed,Low
SR01496,C0075,F0225,T078,01-08-2026,Completed,Medium
SR01497,C0259,F0422,T069,20-03-2026,In Progress,Low
SR01498,C0267,F0689,T034,02-02-2026,In Progress,High
SR01499,C0077,F0254,T060,18-07-2026,Cancelled,Medium
SR01500,C0337,F0318,T019,23-07-2026,Cancelled,High
SR01501,C0060,F0131,T071,13-08-2026,Open,High
SR01502,C0229,F0512,T073,03-03-2026,Completed,Medium
SR01503,C0166,F0027,T030,22-06-2026,Completed,Low
SR01504,C0078,F0200,T047,21-06-2026,Completed,High
SR01505,C0412,F0571,T034,09-07-2026,Completed,High
SR01506,C0123,F0016,T004,13-07-2026,Completed,High
SR01507,C0128,F0792,T013,17-08-2026,Open,Low
SR01508,C0428,F0324,T096,25-04-2026,In Progress,High
SR01509,C0439,F0319,T046,19-01-2026,Cancelled,High
SR01510,C0018,F0430,T015,16-02-2026,In Progress,Critical
SR01511,C0139,F0512,T005,01-08-2026,Open,Medium
SR01512,C0355,F0368,T036,22-07-2026,Completed,Medium
SR01513,C0390,F0708,T099,03-01-2026,Completed,Medium
SR01514,C0500,F0770,T039,30-03-2026,Completed,High
SR01515,C0278,F0161,T100,28-02-2026,Completed,High
SR01516,C0004,F0566,T049,18-03-2026,Completed,Medium
SR01517,C0437,F0241,T077,03-06-2026,Open,Medium
SR01518,C0081,F0797,T079,03-05-2026,Completed,Low
SR01519,C0061,F0203,T003,26-04-2026,Completed,Medium
SR01520,C0338,F0237,T001,15-04-2026,Completed,High
SR01521,C0302,F0572,T093,03-06-2026,In Progress,Low
SR01522,C0030,F0632,T094,13-06-2026,Open,Medium
SR01523,C0085,F0103,T014,11-01-2026,Completed,High
SR01524,C0295,F0445,T065,02-02-2026,In Progress,Medium
SR01525,C0128,F0277,T093,23-03-2026,Open,Medium
SR01526,C0343,F0490,T096,15-04-2026,Completed,Medium
SR01527,C0206,F0446,T030,28-08-2026,Completed,Medium
SR01528,C0295,F0789,T082,03-08-2026,In Progress,Low
SR01529,C0238,F0747,T065,05-06-2026,Open,High
SR01530,C0183,F0524,T093,09-01-2026,Open,Medium
SR01531,C0172,F0544,T015,25-01-2026,Completed,Medium
SR01532,C0349,F0720,T061,20-04-2026,Completed,Medium
SR01533,C0258,F0147,T003,21-05-2026,Open,Low
SR01534,C0298,F0581,T036,08-06-2026,Completed,Low
SR01535,C0289,F0618,T002,04-02-2026,In Progress,Low
SR01536,C0104,F0102,T045,02-08-2026,Open,Low
SR01537,C0457,F0706,T082,29-04-2026,In Progress,High
SR01538,C0282,F0560,T066,23-05-2026,Completed,Low
SR01539,C0360,F0278,T032,10-01-2026,In Progress,High
SR01540,C0441,F0388,T043,17-07-2026,In Progress,Low
SR01541,C0463,F0392,T037,11-05-2026,Completed,Low
SR01542,C0334,F0736,T074,23-02-2026,Completed,Low
SR01543,C0394,F0776,T027,18-03-2026,Open,Medium
SR01544,C0236,F0646,T010,26-03-2026,Open,Medium
SR01545,C0369,F0522,T051,07-01-2026,Open,High
SR01546,C0161,F0084,T083,15-08-2026,Completed,Low
SR01547,C0356,F0732,T048,12-07-2026,Completed,Medium
SR01548,C0043,F0108,T021,01-08-2026,Open,High
SR01549,C0458,F0134,T005,26-03-2026,Completed,Medium
SR01550,C0123,F0056,T095,14-05-2026,Completed,Low
SR01551,C0329,F0759,T077,20-04-2026,Open,Low
SR01552,C0006,F0395,T016,25-04-2026,Open,Low
SR01553,C0078,F0189,T008,22-05-2026,In Progress,High
SR01554,C0494,F0065,T013,19-04-2026,Open,Medium
SR01555,C0417,F0330,T038,05-07-2026,Completed,Medium
SR01556,C0112,F0579,T082,15-01-2026,Open,High
SR01557,C0066,F0796,T016,16-02-2026,Completed,Medium
SR01558,C0408,F0442,T082,03-08-2026,Completed,Medium
SR01559,C0496,F0486,T001,31-07-2026,Completed,Low
SR01560,C0085,F0669,T074,16-07-2026,Completed,Medium
SR01561,C0332,F0722,T029,30-03-2026,Completed,Low
SR01562,C0142,F0224,T097,20-04-2026,Cancelled,Medium
SR01563,C0373,F0794,T048,07-01-2026,Cancelled,Medium
SR01564,C0210,F0416,T028,09-03-2026,Completed,High
SR01565,C0063,F0745,T025,24-06-2026,Open,High
SR01566,C0163,F0094,T083,24-03-2026,Completed,High
SR01567,C0270,F0078,T041,26-04-2026,In Progress,Low
SR01568,C0400,F0708,T036,30-01-2026,Completed,Critical
SR01569,C0011,F0539,T074,30-04-2026,Completed,Low
SR01570,C0479,F0141,T054,23-06-2026,Completed,High
SR01571,C0325,F0716,T067,18-05-2026,Completed,High
SR01572,C0438,F0082,T045,14-05-2026,In Progress,Medium
SR01573,C0466,F0546,T007,08-08-2026,Completed,Medium
SR01574,C0077,F0165,T001,26-02-2026,In Progress,High
SR01575,C0047,F0057,T004,13-03-2026,Completed,High
SR01576,C0389,F0645,T058,30-05-2026,Completed,Low
SR01577,C0094,F0678,T052,26-04-2026,Open,High
SR01578,C0074,F0085,T075,24-08-2026,Completed,Low
SR01579,C0235,F0075,T090,15-01-2026,In Progress,Medium
SR01580,C0457,F0492,T018,30-01-2026,Completed,Medium
SR01581,C0398,F0023,T096,24-03-2026,Completed,High
SR01582,C0259,F0597,T094,21-04-2026,Completed,Medium
SR01583,C0099,F0733,T062,02-08-2026,Completed,Medium
SR01584,C0169,F0601,T054,29-04-2026,Completed,Medium
SR01585,C0345,F0185,T018,15-04-2026,Completed,Medium
SR01586,C0079,F0153,T018,10-02-2026,Completed,Medium
SR01587,C0263,F0545,T002,15-04-2026,Completed,Medium
SR01588,C0006,F0050,T065,08-05-2026,Completed,High
SR01589,C0163,F0431,T044,21-05-2026,Completed,Medium
SR01590,C0124,F0360,T020,26-05-2026,Completed,Low
SR01591,C0341,F0596,T014,14-04-2026,Open,Medium
SR01592,C0458,F0162,T007,07-02-2026,In Progress,Low
SR01593,C0074,F0610,T065,06-02-2026,In Progress,Medium
SR01594,C0399,F0560,T069,07-02-2026,In Progress,Medium
SR01595,C0328,F0191,T064,29-05-2026,Completed,Medium
SR01596,C0485,F0286,T012,25-07-2026,In Progress,Medium
SR01597,C0456,F0053,T005,31-07-2026,Completed,Medium
SR01598,C0051,F0360,T011,16-03-2026,Open,High
SR01599,C0372,F0209,T076,20-01-2026,In Progress,Medium
SR01600,C0297,F0091,T074,01-06-2026,Completed,Medium
SR01601,C0057,F0448,T030,10-01-2026,Completed,Low
SR01602,C0129,F0455,T006,31-05-2026,Completed,Low
SR01603,C0464,F0069,T032,02-04-2026,Completed,Medium
SR01604,C0272,F0149,T081,21-07-2026,Cancelled,High
SR01605,C0170,F0067,T015,31-05-2026,Completed,Low
SR01606,C0161,F0544,T080,27-06-2026,Open,Low
SR01607,C0419,F0271,T047,08-04-2026,Open,Medium
SR01608,C0142,F0057,T015,21-07-2026,Cancelled,Medium
SR01609,C0080,F0154,T094,07-05-2026,Completed,Critical
SR01610,C0287,F0781,T052,31-05-2026,Completed,Medium
SR01611,C0497,F0205,T068,28-03-2026,Completed,Low
SR01612,C0092,F0548,T010,18-04-2026,In Progress,Medium
SR01613,C0128,F0375,T038,21-07-2026,Completed,Low
SR01614,C0235,F0146,T064,05-04-2026,Completed,Low
SR01615,C0100,F0246,T065,06-01-2026,Completed,Medium
SR01616,C0326,F0012,T007,01-04-2026,In Progress,Medium
SR01617,C0127,F0598,T061,05-04-2026,Completed,Low
SR01618,C0065,F0268,T095,11-04-2026,In Progress,Medium
SR01619,C0131,F0400,T079,17-01-2026,Cancelled,Medium
SR01620,C0466,F0123,T021,01-02-2026,In Progress,Low
SR01621,C0468,F0660,T092,19-03-2026,Completed,High
SR01622,C0253,F0175,T069,12-04-2026,In Progress,Medium
SR01623,C0201,F0454,T006,07-01-2026,Completed,Critical
SR01624,C0410,F0699,T013,04-04-2026,Completed,High
SR01625,C0098,F0571,T093,18-03-2026,In Progress,Medium
SR01626,C0327,F0483,T021,09-01-2026,Completed,Medium
SR01627,C0341,F0711,T010,02-03-2026,Completed,High
SR01628,C0356,F0142,T046,08-03-2026,Completed,Medium
SR01629,C0109,F0771,T053,04-02-2026,In Progress,Low
SR01630,C0359,F0446,T058,30-06-2026,Completed,Medium
SR01631,C0306,F0328,T066,18-01-2026,Completed,Medium
SR01632,C0438,F0205,T100,19-05-2026,Completed,High
SR01633,C0088,F0596,T076,09-06-2026,Completed,High
SR01634,C0307,F0781,T003,13-07-2026,Completed,High
SR01635,C0415,F0553,T009,11-05-2026,Open,High
SR01636,C0140,F0027,T001,11-05-2026,Completed,Medium
SR01637,C0372,F0376,T040,02-07-2026,In Progress,Medium
SR01638,C0050,F0586,T036,24-07-2026,In Progress,Critical
SR01639,C0360,F0318,T094,20-02-2026,Open,Critical
SR01640,C0304,F0619,T037,11-07-2026,In Progress,High
SR01641,C0097,F0566,T004,21-04-2026,Completed,High
SR01642,C0034,F0054,T089,24-01-2026,Completed,Medium
SR01643,C0373,F0447,T027,27-05-2026,Open,Medium
SR01644,C0121,F0138,T092,23-08-2026,Completed,High
SR01645,C0249,F0390,T078,03-02-2026,Cancelled,Low
SR01646,C0031,F0308,T089,04-01-2026,Completed,Medium
SR01647,C0482,F0646,T082,08-08-2026,Completed,Medium
SR01648,C0275,F0695,T015,24-05-2026,Cancelled,Medium
SR01649,C0466,F0370,T063,22-02-2026,Completed,Medium
SR01650,C0081,F0430,T042,10-07-2026,Cancelled,Low
SR01651,C0103,F0501,T063,05-04-2026,Cancelled,Low
SR01652,C0306,F0525,T075,21-03-2026,In Progress,Medium
SR01653,C0303,F0509,T051,11-03-2026,Completed,Medium
SR01654,C0396,F0627,T032,24-05-2026,Completed,Low
SR01655,C0465,F0786,T092,02-02-2026,Completed,High
SR01656,C0411,F0663,T067,28-03-2026,Completed,Medium
SR01657,C0071,F0108,T089,15-03-2026,Completed,Medium
SR01658,C0155,F0382,T024,15-01-2026,Completed,Medium
SR01659,C0457,F0370,T084,03-07-2026,Completed,Medium
SR01660,C0275,F0408,T033,03-01-2026,Completed,High
SR01661,C0434,F0423,T047,19-08-2026,Completed,Low
SR01662,C0282,F0575,T087,23-01-2026,Completed,Medium
SR01663,C0025,F0337,T036,27-03-2026,Completed,High
SR01664,C0237,F0211,T026,24-01-2026,Cancelled,Low
SR01665,C0413,F0367,T092,30-03-2026,In Progress,High
SR01666,C0328,F0684,T097,27-05-2026,Cancelled,Critical
SR01667,C0067,F0250,T032,21-01-2026,Open,Medium
SR01668,C0106,F0017,T031,07-05-2026,Completed,Critical
SR01669,C0428,F0782,T023,05-07-2026,Open,Medium
SR01670,C0490,F0157,T003,20-04-2026,Completed,Medium
SR01671,C0377,F0483,T056,27-01-2026,Completed,Low
SR01672,C0050,F0641,T026,16-06-2026,Open,Low
SR01673,C0310,F0220,T085,14-02-2026,Completed,Medium
SR01674,C0415,F0273,T018,05-01-2026,Completed,Medium
SR01675,C0321,F0225,T064,15-04-2026,In Progress,Medium
SR01676,C0298,F0120,T051,07-03-2026,Completed,Medium
SR01677,C0234,F0123,T062,07-01-2026,In Progress,Medium
SR01678,C0123,F0150,T012,06-07-2026,Open,Low
SR01679,C0141,F0367,T047,24-05-2026,Open,Medium
SR01680,C0373,F0425,T063,07-08-2026,Completed,Low
SR01681,C0035,F0013,T035,26-04-2026,Completed,High
SR01682,C0043,F0677,T088,16-04-2026,Completed,Medium
SR01683,C0199,F0541,T053,22-07-2026,Completed,High
SR01684,C0388,F0057,T037,20-01-2026,Completed,Low
SR01685,C0329,F0675,T004,28-03-2026,Completed,Medium
SR01686,C0295,F0025,T017,11-07-2026,Cancelled,Critical
SR01687,C0268,F0449,T048,12-03-2026,Completed,Low
SR01688,C0056,F0373,T041,01-08-2026,Open,Medium
SR01689,C0166,F0402,T088,10-03-2026,Open,Low
SR01690,C0040,F0765,T079,10-04-2026,Completed,Low
SR01691,C0380,F0742,T016,04-08-2026,Completed,Medium
SR01692,C0376,F0224,T060,28-02-2026,In Progress,Low
SR01693,C0130,F0464,T046,21-08-2026,Completed,Medium
SR01694,C0147,F0768,T011,11-01-2026,Cancelled,High
SR01695,C0159,F0584,T067,05-03-2026,In Progress,Medium
SR01696,C0445,F0711,T054,22-05-2026,In Progress,Low
SR01697,C0245,F0348,T009,23-05-2026,In Progress,High
SR01698,C0382,F0227,T047,07-08-2026,Completed,Medium
SR01699,C0225,F0409,T074,19-08-2026,Completed,High
SR01700,C0350,F0654,T033,12-06-2026,Completed,Medium
SR01701,C0265,F0744,T036,08-06-2026,Open,Medium
SR01702,C0140,F0549,T012,18-03-2026,Completed,High
SR01703,C0439,F0566,T021,13-07-2026,Open,Low
SR01704,C0355,F0410,T099,04-06-2026,Completed,High
SR01705,C0385,F0256,T063,06-01-2026,Completed,Medium
SR01706,C0475,F0339,T018,19-07-2026,Completed,High
SR01707,C0125,F0399,T049,28-03-2026,Completed,Low
SR01708,C0046,F0653,T020,25-04-2026,Completed,Medium
SR01709,C0292,F0445,T045,27-04-2026,Open,Low
SR01710,C0164,F0635,T015,16-07-2026,Completed,Critical
SR01711,C0218,F0022,T062,06-03-2026,Open,Low
SR01712,C0118,F0606,T058,05-04-2026,In Progress,Low
SR01713,C0200,F0406,T064,10-01-2026,Completed,High
SR01714,C0197,F0799,T045,25-03-2026,Completed,Medium
SR01715,C0176,F0378,T029,22-01-2026,In Progress,Medium
SR01716,C0372,F0383,T025,20-05-2026,Completed,Medium
SR01717,C0297,F0102,T022,03-08-2026,Completed,Medium
SR01718,C0238,F0646,T043,22-04-2026,Cancelled,Low
SR01719,C0057,F0562,T046,07-08-2026,Completed,Medium
SR01720,C0286,F0690,T068,23-08-2026,Open,Medium
SR01721,C0088,F0075,T006,13-01-2026,Completed,Medium
SR01722,C0158,F0170,T029,04-05-2026,In Progress,Medium
SR01723,C0208,F0702,T086,07-05-2026,Open,Low
SR01724,C0071,F0034,T092,03-04-2026,Completed,High
SR01725,C0195,F0407,T094,19-07-2026,Completed,Low
SR01726,C0134,F0324,T031,05-04-2026,Open,Medium
SR01727,C0425,F0752,T014,14-01-2026,Completed,Medium
SR01728,C0430,F0686,T020,12-05-2026,Completed,Medium
SR01729,C0003,F0718,T014,18-02-2026,Completed,High
SR01730,C0302,F0232,T096,27-03-2026,In Progress,Medium
SR01731,C0321,F0471,T089,01-05-2026,Completed,High
SR01732,C0189,F0561,T082,23-06-2026,Open,High
SR01733,C0235,F0774,T073,08-03-2026,In Progress,High
SR01734,C0395,F0006,T035,02-04-2026,In Progress,High
SR01735,C0189,F0782,T048,17-01-2026,In Progress,Low
SR01736,C0033,F0285,T085,03-04-2026,In Progress,Critical
SR01737,C0187,F0103,T082,20-05-2026,In Progress,High
SR01738,C0127,F0493,T052,29-05-2026,Cancelled,Medium
SR01739,C0192,F0626,T084,12-03-2026,Completed,Low
SR01740,C0116,F0104,T035,15-01-2026,In Progress,Low
SR01741,C0075,F0033,T042,19-05-2026,Cancelled,Medium
SR01742,C0493,F0718,T084,07-06-2026,In Progress,Medium
SR01743,C0065,F0747,T038,21-01-2026,Completed,High
SR01744,C0354,F0126,T076,02-05-2026,Completed,Medium
SR01745,C0359,F0724,T046,23-01-2026,Completed,Medium
SR01746,C0309,F0728,T030,19-04-2026,In Progress,Low
SR01747,C0456,F0798,T022,03-06-2026,Completed,Low
SR01748,C0003,F0174,T061,22-06-2026,Completed,Low
SR01749,C0151,F0464,T048,21-06-2026,Completed,High
SR01750,C0093,F0796,T037,01-07-2026,Completed,Medium
SR01751,C0289,F0723,T075,27-02-2026,Completed,High
SR01752,C0318,F0484,T001,23-07-2026,In Progress,High
SR01753,C0449,F0158,T010,25-03-2026,Completed,High
SR01754,C0190,F0068,T097,31-03-2026,In Progress,Medium
SR01755,C0118,F0208,T067,09-07-2026,Completed,High
SR01756,C0463,F0053,T055,20-03-2026,Completed,High
SR01757,C0337,F0157,T002,18-01-2026,Completed,High
SR01758,C0383,F0060,T060,21-06-2026,Completed,Low
SR01759,C0223,F0610,T044,08-06-2026,Open,High
SR01760,C0224,F0472,T060,20-05-2026,In Progress,Low
SR01761,C0195,F0415,T005,04-02-2026,Completed,Low
SR01762,C0375,F0648,T056,01-06-2026,Completed,High
SR01763,C0106,F0329,T058,17-02-2026,Completed,High
SR01764,C0488,F0323,T030,14-05-2026,Cancelled,Low
SR01765,C0088,F0166,T006,02-05-2026,Completed,Low
SR01766,C0231,F0356,T098,05-07-2026,Completed,High
SR01767,C0158,F0140,T071,23-08-2026,Completed,Low
SR01768,C0322,F0472,T063,15-02-2026,In Progress,Low
SR01769,C0341,F0798,T077,28-01-2026,Open,High
SR01770,C0460,F0427,T068,14-05-2026,Cancelled,High
SR01771,C0395,F0240,T014,17-08-2026,Completed,Medium
SR01772,C0125,F0551,T046,07-02-2026,Cancelled,Medium
SR01773,C0104,F0657,T089,27-04-2026,In Progress,Medium
SR01774,C0444,F0378,T029,08-04-2026,Open,Medium
SR01775,C0244,F0201,T098,18-03-2026,Completed,High
SR01776,C0049,F0572,T007,09-06-2026,Cancelled,High
SR01777,C0413,F0150,T034,12-03-2026,Open,Medium
SR01778,C0325,F0798,T036,29-04-2026,Open,Medium
SR01779,C0013,F0255,T062,22-07-2026,Open,Medium
SR01780,C0392,F0281,T018,02-04-2026,Completed,Low
SR01781,C0304,F0582,T023,06-01-2026,Completed,Medium
SR01782,C0308,F0010,T067,01-08-2026,Completed,Low
SR01783,C0433,F0163,T029,07-03-2026,Open,High
SR01784,C0248,F0101,T088,05-07-2026,Completed,Medium
SR01785,C0231,F0313,T088,03-07-2026,Completed,High
SR01786,C0309,F0443,T031,07-05-2026,In Progress,Medium
SR01787,C0099,F0144,T056,22-01-2026,In Progress,High
SR01788,C0076,F0276,T034,17-08-2026,Completed,Critical
SR01789,C0422,F0618,T035,13-06-2026,In Progress,Medium
SR01790,C0108,F0752,T068,12-04-2026,Cancelled,Low
SR01791,C0253,F0012,T030,24-07-2026,Completed,High
SR01792,C0135,F0502,T015,09-07-2026,Completed,Low
SR01793,C0116,F0021,T026,02-07-2026,Completed,Medium
SR01794,C0299,F0417,T093,10-02-2026,Completed,Low
SR01795,C0402,F0704,T026,01-06-2026,Open,High
SR01796,C0221,F0639,T037,10-03-2026,Completed,Low
SR01797,C0070,F0187,T063,19-01-2026,In Progress,Medium
SR01798,C0123,F0207,T011,23-03-2026,Completed,Medium
SR01799,C0083,F0627,T027,25-01-2026,Completed,High
SR01800,C0442,F0656,T018,26-01-2026,Completed,Medium
SR01801,C0160,F0225,T093,24-06-2026,Completed,High
SR01802,C0187,F0003,T094,01-05-2026,In Progress,High
SR01803,C0036,F0356,T076,06-04-2026,Completed,Medium
SR01804,C0224,F0496,T025,16-02-2026,In Progress,Medium
SR01805,C0457,F0356,T062,05-07-2026,Cancelled,High
SR01806,C0205,F0748,T067,02-06-2026,Completed,High
SR01807,C0326,F0651,T087,21-05-2026,Completed,Medium
SR01808,C0091,F0631,T016,15-02-2026,Completed,Medium
SR01809,C0072,F0017,T074,30-01-2026,Completed,Low
SR01810,C0366,F0683,T020,30-01-2026,Open,Low
SR01811,C0033,F0605,T057,07-01-2026,In Progress,Low
SR01812,C0225,F0318,T088,21-08-2026,Open,Low
SR01813,C0159,F0472,T007,30-03-2026,Open,Low
SR01814,C0009,F0660,T015,07-06-2026,Cancelled,High
SR01815,C0266,F0725,T082,24-08-2026,Completed,High
SR01816,C0483,F0441,T002,13-08-2026,Completed,High
SR01817,C0035,F0034,T069,18-03-2026,Completed,Medium
SR01818,C0408,F0495,T051,28-04-2026,Completed,Medium
SR01819,C0270,F0545,T035,22-04-2026,Completed,Low
SR01820,C0362,F0048,T087,09-01-2026,Completed,High
SR01821,C0049,F0654,T085,04-07-2026,Completed,Medium
SR01822,C0435,F0162,T033,18-05-2026,Completed,Medium
SR01823,C0006,F0713,T001,31-03-2026,In Progress,Critical
SR01824,C0454,F0441,T013,14-05-2026,Cancelled,High
SR01825,C0329,F0258,T011,26-06-2026,Open,Medium
SR01826,C0169,F0048,T099,04-01-2026,Completed,High
SR01827,C0004,F0015,T060,05-06-2026,Completed,Low
SR01828,C0306,F0594,T068,26-07-2026,In Progress,Low
SR01829,C0044,F0302,T024,24-06-2026,Open,Low
SR01830,C0305,F0673,T086,29-05-2026,Completed,Low
SR01831,C0387,F0185,T073,22-01-2026,Completed,High
SR01832,C0134,F0737,T076,28-06-2026,Cancelled,Medium
SR01833,C0120,F0754,T047,30-06-2026,Completed,Low
SR01834,C0111,F0082,T070,29-04-2026,Completed,Critical
SR01835,C0113,F0518,T055,20-05-2026,Cancelled,Medium
SR01836,C0057,F0752,T039,29-05-2026,Completed,Medium
SR01837,C0125,F0259,T060,30-01-2026,Completed,Medium
SR01838,C0330,F0055,T033,03-03-2026,In Progress,Medium
SR01839,C0152,F0701,T096,10-07-2026,Completed,Medium
SR01840,C0391,F0380,T072,22-08-2026,Open,Medium
SR01841,C0410,F0022,T074,06-03-2026,Open,High
SR01842,C0381,F0673,T072,07-04-2026,Completed,Medium
SR01843,C0270,F0544,T045,08-08-2026,Open,Medium
SR01844,C0159,F0057,T096,08-02-2026,Completed,Low
SR01845,C0465,F0207,T021,04-03-2026,Completed,High
SR01846,C0103,F0015,T057,14-01-2026,Open,Medium
SR01847,C0233,F0764,T007,26-02-2026,Completed,Medium
SR01848,C0227,F0020,T030,02-06-2026,Completed,Critical
SR01849,C0373,F0637,T058,25-03-2026,Completed,Medium
SR01850,C0274,F0410,T049,25-08-2026,In Progress,Low
SR01851,C0400,F0467,T095,02-08-2026,Cancelled,Medium
SR01852,C0460,F0650,T062,03-08-2026,Completed,Medium
SR01853,C0196,F0716,T042,24-06-2026,Completed,Critical
SR01854,C0438,F0102,T043,18-06-2026,Completed,Medium
SR01855,C0085,F0015,T062,03-05-2026,Completed,Medium
SR01856,C0459,F0100,T080,26-08-2026,Completed,Medium
SR01857,C0089,F0547,T028,23-01-2026,In Progress,Medium
SR01858,C0426,F0455,T059,23-06-2026,Cancelled,Low
SR01859,C0196,F0068,T058,03-02-2026,Cancelled,High
SR01860,C0483,F0188,T001,23-03-2026,Completed,Low
SR01861,C0065,F0430,T092,03-03-2026,Completed,High
SR01862,C0233,F0585,T057,25-05-2026,Completed,High
SR01863,C0451,F0275,T025,08-07-2026,Completed,Low
SR01864,C0024,F0760,T064,20-01-2026,Completed,High
SR01865,C0133,F0794,T068,25-05-2026,Open,High
SR01866,C0042,F0613,T092,23-02-2026,Open,Medium
SR01867,C0161,F0364,T004,19-01-2026,In Progress,Medium
SR01868,C0196,F0702,T042,11-04-2026,Cancelled,Low
SR01869,C0310,F0583,T019,20-05-2026,Completed,Low
SR01870,C0129,F0416,T058,18-02-2026,Completed,High
SR01871,C0080,F0356,T051,04-04-2026,Completed,Low
SR01872,C0085,F0666,T048,17-08-2026,In Progress,Medium
SR01873,C0470,F0446,T099,25-03-2026,Cancelled,Medium
SR01874,C0477,F0147,T054,27-08-2026,Completed,Low
SR01875,C0111,F0800,T042,20-07-2026,Completed,High
SR01876,C0098,F0055,T007,31-03-2026,Open,High
SR01877,C0028,F0557,T029,19-05-2026,Open,High
SR01878,C0480,F0525,T090,20-06-2026,Open,Low
SR01879,C0354,F0469,T046,22-04-2026,Completed,Medium
SR01880,C0381,F0042,T092,08-04-2026,Completed,High
SR01881,C0146,F0395,T054,21-03-2026,In Progress,Medium
SR01882,C0321,F0714,T055,03-02-2026,Open,High
SR01883,C0030,F0192,T043,06-01-2026,In Progress,Medium
SR01884,C0339,F0554,T056,22-03-2026,Completed,Medium
SR01885,C0290,F0688,T007,10-07-2026,Cancelled,Medium
SR01886,C0166,F0762,T006,26-02-2026,Completed,High
SR01887,C0356,F0413,T048,13-02-2026,Open,Low
SR01888,C0324,F0252,T060,20-03-2026,Completed,High
SR01889,C0220,F0560,T056,24-05-2026,Cancelled,Medium
SR01890,C0094,F0389,T043,21-02-2026,Completed,Low
SR01891,C0012,F0502,T030,22-02-2026,Completed,High
SR01892,C0469,F0594,T071,27-01-2026,Cancelled,Medium
SR01893,C0141,F0569,T061,21-03-2026,Completed,Medium
SR01894,C0151,F0195,T005,22-02-2026,Cancelled,Critical
SR01895,C0341,F0605,T046,19-07-2026,Open,High
SR01896,C0128,F0434,T072,06-08-2026,Completed,Medium
SR01897,C0188,F0745,T079,30-03-2026,Completed,High
SR01898,C0356,F0528,T029,21-01-2026,Cancelled,Medium
SR01899,C0298,F0714,T093,21-01-2026,Completed,Medium
SR01900,C0329,F0784,T066,19-03-2026,Completed,Low
SR01901,C0003,F0796,T044,22-04-2026,In Progress,Low
SR01902,C0226,F0596,T063,07-05-2026,Completed,Medium
SR01903,C0238,F0478,T088,14-03-2026,Completed,Medium
SR01904,C0317,F0095,T023,27-03-2026,Completed,High
SR01905,C0076,F0309,T016,10-03-2026,Completed,Medium
SR01906,C0080,F0381,T045,05-05-2026,In Progress,Medium
SR01907,C0382,F0625,T009,17-06-2026,In Progress,High
SR01908,C0337,F0472,T084,11-01-2026,In Progress,Critical
SR01909,C0406,F0352,T098,25-04-2026,Completed,Medium
SR01910,C0136,F0118,T061,05-06-2026,Completed,High
SR01911,C0499,F0573,T098,11-06-2026,Completed,High
SR01912,C0137,F0346,T007,16-05-2026,Open,Low
SR01913,C0326,F0029,T064,07-05-2026,Completed,Medium
SR01914,C0082,F0228,T045,13-06-2026,Completed,Medium
SR01915,C0460,F0704,T028,01-04-2026,Open,High
SR01916,C0167,F0096,T032,17-05-2026,In Progress,Medium
SR01917,C0402,F0325,T055,18-03-2026,Completed,Medium
SR01918,C0166,F0410,T065,16-04-2026,Completed,High
SR01919,C0396,F0067,T017,30-01-2026,Open,Medium
SR01920,C0228,F0133,T062,26-03-2026,In Progress,Medium
SR01921,C0032,F0753,T093,04-02-2026,Open,High
SR01922,C0096,F0473,T002,24-02-2026,Open,Critical
SR01923,C0342,F0169,T088,11-04-2026,In Progress,High
SR01924,C0097,F0136,T061,01-05-2026,Completed,Medium
SR01925,C0138,F0341,T035,15-08-2026,Completed,Low
SR01926,C0271,F0579,T074,07-01-2026,Completed,Medium
SR01927,C0127,F0585,T062,04-08-2026,Completed,Medium
SR01928,C0065,F0157,T077,20-03-2026,Completed,Medium
SR01929,C0313,F0581,T009,23-06-2026,Open,High
SR01930,C0345,F0718,T006,12-06-2026,In Progress,High
SR01931,C0367,F0182,T065,22-08-2026,In Progress,Medium
SR01932,C0472,F0021,T031,27-01-2026,Completed,Medium
SR01933,C0063,F0768,T024,21-08-2026,Completed,Medium
SR01934,C0214,F0418,T043,16-01-2026,Completed,Medium
SR01935,C0117,F0622,T073,30-07-2026,Completed,High
SR01936,C0451,F0257,T018,06-06-2026,Cancelled,Low
SR01937,C0270,F0240,T098,26-04-2026,In Progress,High
SR01938,C0050,F0181,T043,06-04-2026,Completed,Low
SR01939,C0347,F0174,T016,23-01-2026,Completed,Medium
SR01940,C0022,F0378,T008,12-07-2026,Completed,Critical
SR01941,C0138,F0085,T086,24-06-2026,Completed,Low
SR01942,C0361,F0674,T012,13-08-2026,Completed,Low
SR01943,C0254,F0409,T042,25-06-2026,In Progress,Medium
SR01944,C0381,F0733,T067,18-08-2026,Completed,Medium
SR01945,C0286,F0402,T052,01-08-2026,Completed,Low
SR01946,C0422,F0243,T027,13-04-2026,Completed,Low
SR01947,C0282,F0412,T011,18-06-2026,Cancelled,Low
SR01948,C0029,F0124,T072,05-03-2026,Completed,Medium
SR01949,C0036,F0660,T050,10-07-2026,Completed,Medium
SR01950,C0389,F0577,T005,27-05-2026,Completed,High
SR01951,C0020,F0118,T019,16-04-2026,Completed,High
SR01952,C0189,F0466,T057,31-05-2026,Completed,Low
SR01953,C0009,F0431,T017,08-03-2026,In Progress,Medium
SR01954,C0152,F0161,T040,30-05-2026,Completed,Low
SR01955,C0298,F0098,T013,24-04-2026,Completed,Medium
SR01956,C0087,F0609,T080,19-03-2026,Completed,Medium
SR01957,C0234,F0212,T064,23-08-2026,Completed,High
SR01958,C0499,F0416,T079,16-01-2026,Cancelled,Medium
SR01959,C0036,F0199,T006,01-07-2026,Completed,Medium
SR01960,C0032,F0523,T038,20-02-2026,In Progress,High
SR01961,C0136,F0040,T027,23-02-2026,Completed,High
SR01962,C0414,F0288,T063,07-02-2026,Cancelled,Medium
SR01963,C0203,F0438,T083,25-01-2026,In Progress,Medium
SR01964,C0320,F0352,T023,30-01-2026,Completed,Critical
SR01965,C0017,F0490,T077,19-07-2026,In Progress,Medium
SR01966,C0368,F0145,T059,11-08-2026,Completed,High
SR01967,C0034,F0354,T083,21-05-2026,Open,High
SR01968,C0356,F0606,T009,04-01-2026,Completed,Medium
SR01969,C0074,F0267,T100,27-07-2026,Completed,Medium
SR01970,C0430,F0126,T044,25-05-2026,Completed,Low
SR01971,C0149,F0679,T029,06-05-2026,Open,Medium
SR01972,C0092,F0623,T019,16-08-2026,Completed,Medium
SR01973,C0169,F0545,T099,09-04-2026,Completed,High
SR01974,C0001,F0639,T089,28-03-2026,Completed,High
SR01975,C0083,F0624,T014,07-07-2026,In Progress,High
SR01976,C0300,F0598,T045,07-05-2026,Open,Critical
SR01977,C0151,F0408,T074,22-06-2026,Completed,High
SR01978,C0177,F0016,T060,16-06-2026,Cancelled,Low
SR01979,C0404,F0478,T019,21-07-2026,In Progress,Medium
SR01980,C0062,F0219,T037,18-03-2026,Completed,Medium
SR01981,C0198,F0619,T037,18-01-2026,Open,Medium
SR01982,C0094,F0375,T029,25-04-2026,Completed,Low
SR01983,C0242,F0725,T097,05-06-2026,In Progress,Medium
SR01984,C0166,F0477,T021,16-07-2026,Completed,Medium
SR01985,C0024,F0441,T071,06-03-2026,Completed,Medium
SR01986,C0036,F0736,T092,28-06-2026,Open,High
SR01987,C0427,F0381,T080,19-07-2026,In Progress,Medium
SR01988,C0029,F0301,T080,14-07-2026,Completed,Medium
SR01989,C0392,F0298,T016,13-07-2026,Completed,Medium
SR01990,C0459,F0701,T014,25-08-2026,Cancelled,Medium
SR01991,C0233,F0606,T079,08-06-2026,Completed,Medium
SR01992,C0157,F0131,T075,30-03-2026,Cancelled,Medium
SR01993,C0389,F0394,T075,15-04-2026,Completed,Medium
SR01994,C0492,F0298,T042,29-06-2026,Open,High
SR01995,C0061,F0518,T053,26-02-2026,In Progress,Low
SR01996,C0483,F0042,T002,25-05-2026,Completed,Critical
SR01997,C0472,F0572,T030,18-05-2026,In Progress,High
SR01998,C0072,F0594,T053,09-06-2026,Completed,Medium
SR01999,C0028,F0182,T013,12-04-2026,Completed,Medium
SR02000,C0358,F0121,T014,27-06-2026,Completed,Medium
SR02001,C0039,F0503,T005,18-01-2026,Completed,High
SR02002,C0301,F0206,T021,29-06-2026,Completed,High
SR02003,C0033,F0754,T100,14-07-2026,Completed,High
SR02004,C0346,F0621,T070,01-08-2026,Open,High
SR02005,C0116,F0765,T095,10-08-2026,In Progress,Medium
SR02006,C0049,F0428,T026,25-03-2026,In Progress,High
SR02007,C0034,F0751,T060,12-01-2026,In Progress,Medium
SR02008,C0095,F0012,T090,06-06-2026,Completed,Medium
SR02009,C0271,F0232,T036,22-01-2026,Open,Medium
SR02010,C0039,F0002,T066,09-03-2026,In Progress,High
SR02011,C0402,F0543,T070,18-06-2026,Cancelled,Low
SR02012,C0303,F0409,T084,23-05-2026,Cancelled,Medium
SR02013,C0149,F0231,T097,26-05-2026,Completed,Medium
SR02014,C0494,F0244,T062,30-06-2026,Completed,High
SR02015,C0330,F0516,T059,09-02-2026,Completed,Medium
SR02016,C0336,F0145,T087,09-07-2026,Open,Medium
SR02017,C0087,F0412,T069,21-05-2026,Completed,Medium
SR02018,C0356,F0491,T037,11-04-2026,Open,Medium
SR02019,C0280,F0192,T064,22-04-2026,Completed,High
SR02020,C0493,F0183,T055,03-05-2026,Cancelled,Critical
SR02021,C0239,F0284,T023,13-05-2026,Completed,High
SR02022,C0340,F0474,T052,22-03-2026,Cancelled,High
SR02023,C0171,F0204,T063,23-02-2026,Completed,Low
SR02024,C0021,F0304,T091,10-02-2026,Completed,Medium
SR02025,C0064,F0435,T059,23-03-2026,Completed,Medium
SR02026,C0434,F0150,T017,04-03-2026,Completed,High
SR02027,C0370,F0456,T099,04-05-2026,Completed,Medium
SR02028,C0183,F0111,T058,07-08-2026,In Progress,High
SR02029,C0349,F0115,T029,26-01-2026,Completed,Low
SR02030,C0003,F0190,T076,16-03-2026,In Progress,Medium
SR02031,C0019,F0230,T039,12-01-2026,Completed,Medium
SR02032,C0254,F0024,T038,22-08-2026,Open,High
SR02033,C0313,F0770,T084,18-06-2026,Completed,High
SR02034,C0469,F0247,T087,27-02-2026,In Progress,Medium
SR02035,C0380,F0644,T053,10-04-2026,In Progress,High
SR02036,C0129,F0722,T038,23-06-2026,Completed,High
SR02037,C0408,F0641,T087,18-08-2026,In Progress,Medium
SR02038,C0246,F0666,T018,18-05-2026,Cancelled,High
SR02039,C0414,F0081,T075,07-03-2026,Completed,Medium
SR02040,C0087,F0298,T059,17-06-2026,Completed,Medium
SR02041,C0014,F0597,T086,14-06-2026,Open,Low
SR02042,C0029,F0461,T043,04-06-2026,Completed,Medium
SR02043,C0496,F0005,T084,12-01-2026,Completed,Medium
SR02044,C0041,F0454,T002,19-06-2026,Completed,Low
SR02045,C0470,F0644,T076,05-01-2026,In Progress,Medium
SR02046,C0364,F0663,T007,06-08-2026,Completed,High
SR02047,C0074,F0308,T065,31-07-2026,Cancelled,Medium
SR02048,C0433,F0190,T020,16-05-2026,Completed,Low
SR02049,C0073,F0248,T097,05-06-2026,Open,Low
SR02050,C0072,F0238,T077,17-01-2026,Open,Medium
SR02051,C0288,F0278,T011,29-07-2026,Open,High
SR02052,C0145,F0242,T090,06-03-2026,Completed,High
SR02053,C0146,F0366,T026,04-03-2026,Cancelled,Medium
SR02054,C0098,F0033,T055,19-06-2026,Cancelled,High
SR02055,C0304,F0221,T009,14-08-2026,Completed,Medium
SR02056,C0014,F0252,T011,29-04-2026,In Progress,Critical
SR02057,C0123,F0123,T025,02-05-2026,Cancelled,Low
SR02058,C0277,F0703,T054,12-05-2026,In Progress,Medium
SR02059,C0244,F0541,T055,11-03-2026,In Progress,Medium
SR02060,C0350,F0730,T086,24-05-2026,Completed,Medium
SR02061,C0109,F0450,T017,19-08-2026,Open,Low
SR02062,C0324,F0088,T075,02-04-2026,Completed,Low
SR02063,C0380,F0724,T001,05-07-2026,Cancelled,Medium
SR02064,C0195,F0367,T030,05-07-2026,Completed,High
SR02065,C0129,F0548,T018,24-07-2026,Completed,High
SR02066,C0278,F0306,T013,23-06-2026,Completed,Low
SR02067,C0290,F0396,T059,10-08-2026,Open,High
SR02068,C0048,F0392,T091,21-06-2026,Completed,Medium
SR02069,C0283,F0228,T067,23-08-2026,Completed,Critical
SR02070,C0078,F0444,T086,21-06-2026,Cancelled,Low
SR02071,C0285,F0587,T060,20-07-2026,Open,High
SR02072,C0466,F0017,T006,02-08-2026,In Progress,High
SR02073,C0269,F0105,T035,25-08-2026,Completed,High
SR02074,C0381,F0674,T083,23-05-2026,Completed,High
SR02075,C0155,F0456,T005,20-06-2026,Completed,Medium
SR02076,C0462,F0779,T010,21-08-2026,Cancelled,High
SR02077,C0407,F0484,T084,02-04-2026,In Progress,Medium
SR02078,C0459,F0523,T007,29-01-2026,Completed,Medium
SR02079,C0371,F0720,T096,01-08-2026,Open,Critical
SR02080,C0325,F0529,T076,01-06-2026,In Progress,Medium
SR02081,C0263,F0264,T067,13-04-2026,Completed,Medium
SR02082,C0465,F0423,T054,22-06-2026,Completed,High
SR02083,C0425,F0189,T009,08-01-2026,Completed,Medium
SR02084,C0209,F0268,T042,25-04-2026,Completed,Low
SR02085,C0043,F0545,T081,05-03-2026,Completed,Medium
SR02086,C0002,F0120,T091,11-03-2026,Completed,High
SR02087,C0117,F0538,T045,21-08-2026,In Progress,High
SR02088,C0032,F0468,T084,13-05-2026,In Progress,Low
SR02089,C0106,F0247,T078,03-02-2026,Completed,Medium
SR02090,C0055,F0036,T006,29-03-2026,Completed,Medium
SR02091,C0491,F0564,T063,28-02-2026,Completed,High
SR02092,C0048,F0660,T062,07-08-2026,In Progress,High
SR02093,C0314,F0585,T055,11-03-2026,Completed,Critical
SR02094,C0176,F0337,T078,27-03-2026,Cancelled,Medium
SR02095,C0088,F0523,T089,22-03-2026,Completed,Medium
SR02096,C0351,F0332,T056,12-02-2026,Completed,Medium
SR02097,C0486,F0287,T033,07-07-2026,Cancelled,Medium
SR02098,C0396,F0262,T099,19-05-2026,Open,Medium
SR02099,C0488,F0169,T097,15-04-2026,Completed,Low
SR02100,C0296,F0776,T069,06-04-2026,Completed,Low
SR02101,C0337,F0533,T065,10-06-2026,In Progress,High
SR02102,C0074,F0140,T011,24-01-2026,Completed,Low
SR02103,C0427,F0693,T041,12-08-2026,Completed,Medium
SR02104,C0374,F0122,T020,16-05-2026,Completed,High
SR02105,C0128,F0475,T052,24-02-2026,Cancelled,Low
SR02106,C0178,F0133,T083,10-05-2026,Completed,Medium
SR02107,C0306,F0289,T023,24-07-2026,Open,Medium
SR02108,C0007,F0527,T100,11-02-2026,Completed,Medium
SR02109,C0409,F0800,T013,06-05-2026,Cancelled,Medium
SR02110,C0141,F0794,T010,24-05-2026,Completed,Medium
SR02111,C0038,F0717,T098,14-07-2026,Completed,Medium
SR02112,C0166,F0189,T011,17-05-2026,Open,Low
SR02113,C0418,F0075,T074,26-06-2026,Completed,Low
SR02114,C0138,F0725,T077,05-07-2026,Open,Medium
SR02115,C0270,F0739,T034,02-08-2026,In Progress,Medium
SR02116,C0406,F0223,T007,28-03-2026,Cancelled,High
SR02117,C0017,F0016,T031,18-06-2026,Cancelled,Low
SR02118,C0380,F0519,T007,01-03-2026,Cancelled,Medium
SR02119,C0145,F0061,T068,22-07-2026,Completed,Medium
SR02120,C0348,F0033,T089,17-08-2026,In Progress,High
SR02121,C0095,F0750,T100,12-03-2026,Completed,Medium
SR02122,C0070,F0397,T081,15-05-2026,Open,Low
SR02123,C0395,F0090,T078,17-07-2026,Completed,Medium
SR02124,C0404,F0524,T089,07-01-2026,Completed,Medium
SR02125,C0491,F0296,T077,19-06-2026,Completed,High
SR02126,C0339,F0430,T066,16-07-2026,Open,Low
SR02127,C0233,F0720,T100,29-07-2026,Completed,High
SR02128,C0098,F0191,T033,17-02-2026,Completed,Medium
SR02129,C0148,F0518,T042,01-07-2026,Completed,High
SR02130,C0325,F0663,T091,08-07-2026,Open,Low
SR02131,C0174,F0340,T032,01-01-2026,In Progress,High
SR02132,C0242,F0777,T030,19-06-2026,Completed,High
SR02133,C0085,F0359,T016,31-05-2026,Open,Medium
SR02134,C0220,F0368,T028,21-08-2026,Cancelled,Medium
SR02135,C0119,F0708,T060,11-01-2026,Completed,Low
SR02136,C0057,F0509,T089,20-08-2026,Open,Medium
SR02137,C0066,F0695,T014,18-05-2026,Completed,High
SR02138,C0260,F0633,T069,07-03-2026,Completed,Medium
SR02139,C0184,F0570,T077,03-04-2026,In Progress,High
SR02140,C0050,F0194,T090,03-07-2026,Completed,High
SR02141,C0258,F0320,T076,28-08-2026,Open,High
SR02142,C0083,F0692,T016,18-03-2026,Completed,High
SR02143,C0008,F0493,T049,25-08-2026,Completed,Medium
SR02144,C0067,F0225,T096,01-06-2026,Cancelled,Medium
SR02145,C0225,F0262,T091,16-02-2026,In Progress,Low
SR02146,C0478,F0621,T062,24-05-2026,Completed,High
SR02147,C0121,F0143,T097,12-07-2026,In Progress,Critical
SR02148,C0143,F0090,T067,14-01-2026,Completed,Medium
SR02149,C0122,F0613,T007,19-01-2026,In Progress,High
SR02150,C0178,F0231,T092,02-01-2026,Completed,Critical
SR02151,C0359,F0613,T017,17-05-2026,In Progress,Medium
SR02152,C0162,F0427,T039,14-01-2026,Cancelled,High
SR02153,C0329,F0799,T024,12-08-2026,Completed,Medium
SR02154,C0450,F0420,T072,31-01-2026,In Progress,Medium
SR02155,C0474,F0694,T003,18-01-2026,Completed,Low
SR02156,C0282,F0681,T065,03-03-2026,Open,Medium
SR02157,C0357,F0170,T087,03-07-2026,Completed,High
SR02158,C0460,F0797,T079,06-08-2026,In Progress,Medium
SR02159,C0394,F0597,T031,02-03-2026,Open,High
SR02160,C0150,F0086,T090,05-05-2026,Completed,High
SR02161,C0067,F0005,T037,05-07-2026,Completed,High
SR02162,C0058,F0218,T069,11-07-2026,Completed,Medium
SR02163,C0442,F0013,T051,06-02-2026,Completed,Medium
SR02164,C0279,F0287,T007,21-07-2026,Open,Low
SR02165,C0149,F0798,T001,28-07-2026,Open,Medium
SR02166,C0173,F0384,T019,26-06-2026,Completed,Low
SR02167,C0141,F0020,T094,07-05-2026,Completed,Low
SR02168,C0401,F0396,T096,04-04-2026,Open,Medium
SR02169,C0307,F0176,T042,02-08-2026,Completed,Medium
SR02170,C0440,F0685,T097,27-07-2026,Completed,Medium
SR02171,C0151,F0073,T005,05-05-2026,Completed,Medium
SR02172,C0237,F0617,T097,28-06-2026,Completed,High
SR02173,C0061,F0357,T024,06-04-2026,Completed,Medium
SR02174,C0486,F0016,T004,28-06-2026,Completed,High
SR02175,C0256,F0539,T076,22-01-2026,Completed,Medium
SR02176,C0277,F0365,T039,05-08-2026,In Progress,Low
SR02177,C0207,F0618,T030,04-05-2026,Open,High
SR02178,C0136,F0495,T076,24-05-2026,Open,High
SR02179,C0475,F0630,T034,15-02-2026,Completed,Medium
SR02180,C0245,F0369,T076,07-05-2026,In Progress,Medium
SR02181,C0338,F0007,T020,01-01-2026,Completed,Medium
SR02182,C0019,F0105,T009,02-08-2026,Completed,Medium
SR02183,C0138,F0368,T033,29-06-2026,Completed,High
SR02184,C0403,F0318,T061,20-04-2026,Completed,Medium
SR02185,C0044,F0636,T023,20-07-2026,Completed,Low
SR02186,C0051,F0330,T015,14-07-2026,Open,Low
SR02187,C0405,F0689,T075,29-01-2026,Completed,Low
SR02188,C0155,F0151,T050,13-01-2026,Completed,Medium
SR02189,C0137,F0308,T044,02-03-2026,In Progress,Medium
SR02190,C0283,F0606,T024,01-01-2026,Completed,High
SR02191,C0098,F0100,T002,18-05-2026,Completed,Medium
SR02192,C0022,F0258,T006,07-05-2026,In Progress,Medium
SR02193,C0003,F0602,T069,10-05-2026,Cancelled,Medium
SR02194,C0040,F0472,T009,18-01-2026,Completed,Medium
SR02195,C0080,F0623,T025,09-08-2026,Completed,Medium
SR02196,C0349,F0413,T092,23-08-2026,Open,Medium
SR02197,C0149,F0688,T035,22-05-2026,In Progress,Critical
SR02198,C0036,F0702,T075,02-01-2026,Completed,Critical
SR02199,C0008,F0780,T035,06-04-2026,Completed,High
SR02200,C0239,F0098,T094,22-06-2026,Completed,High
SR02201,C0421,F0473,T083,29-06-2026,Completed,Medium
SR02202,C0170,F0092,T047,28-02-2026,In Progress,Medium
SR02203,C0032,F0184,T069,17-07-2026,Completed,Medium
SR02204,C0115,F0241,T042,21-08-2026,Completed,High
SR02205,C0250,F0517,T095,03-05-2026,Completed,Low
SR02206,C0095,F0345,T036,02-04-2026,Completed,Medium
SR02207,C0490,F0692,T084,07-05-2026,Completed,Low
SR02208,C0382,F0239,T062,07-01-2026,Open,Medium
SR02209,C0173,F0494,T065,06-05-2026,Completed,High
SR02210,C0476,F0611,T036,07-01-2026,Cancelled,Low
SR02211,C0163,F0785,T084,09-01-2026,Completed,Medium
SR02212,C0071,F0197,T075,13-05-2026,In Progress,Medium
SR02213,C0470,F0587,T082,03-05-2026,Cancelled,High
SR02214,C0480,F0068,T081,25-08-2026,In Progress,Low
SR02215,C0157,F0435,T016,02-05-2026,In Progress,Low
SR02216,C0298,F0332,T088,24-08-2026,In Progress,Medium
SR02217,C0087,F0767,T085,13-07-2026,Completed,Medium
SR02218,C0321,F0619,T025,22-03-2026,Completed,High
SR02219,C0346,F0742,T099,11-08-2026,Completed,Medium
SR02220,C0355,F0681,T053,26-04-2026,Cancelled,High
SR02221,C0285,F0329,T033,23-05-2026,Completed,Medium
SR02222,C0353,F0587,T023,25-01-2026,Completed,Medium
SR02223,C0278,F0025,T037,21-02-2026,Completed,Critical
SR02224,C0410,F0447,T004,06-05-2026,Completed,Low
SR02225,C0090,F0038,T070,07-03-2026,In Progress,High
SR02226,C0242,F0580,T071,24-05-2026,Open,Low
SR02227,C0209,F0774,T067,20-01-2026,Completed,Medium
SR02228,C0267,F0546,T055,02-03-2026,Completed,Low
SR02229,C0072,F0672,T037,09-06-2026,Completed,Medium
SR02230,C0162,F0188,T073,27-05-2026,In Progress,High
SR02231,C0478,F0796,T088,25-08-2026,Completed,Low
SR02232,C0053,F0441,T009,04-08-2026,Completed,Low
SR02233,C0318,F0540,T039,14-07-2026,Completed,Medium
SR02234,C0333,F0617,T100,01-01-2026,Completed,Medium
SR02235,C0238,F0512,T087,25-05-2026,Completed,Medium
SR02236,C0017,F0254,T100,24-02-2026,Completed,Critical
SR02237,C0018,F0490,T019,06-03-2026,Completed,Low
SR02238,C0138,F0524,T047,20-02-2026,Completed,Medium
SR02239,C0052,F0686,T014,20-04-2026,Completed,Medium
SR02240,C0048,F0386,T087,30-01-2026,Completed,Medium
SR02241,C0081,F0402,T052,08-05-2026,Completed,Medium
SR02242,C0096,F0403,T025,09-02-2026,Completed,High
SR02243,C0420,F0092,T010,01-05-2026,Completed,Medium
SR02244,C0320,F0073,T074,31-05-2026,Open,High
SR02245,C0016,F0017,T082,13-02-2026,Completed,Medium
SR02246,C0315,F0533,T088,25-01-2026,Completed,Medium
SR02247,C0069,F0336,T098,13-07-2026,In Progress,High
SR02248,C0211,F0693,T082,27-06-2026,Completed,High
SR02249,C0020,F0562,T079,04-03-2026,In Progress,High
SR02250,C0046,F0114,T082,01-08-2026,Cancelled,Medium
SR02251,C0067,F0081,T100,23-02-2026,Completed,Critical
SR02252,C0217,F0293,T047,11-08-2026,Completed,High
SR02253,C0232,F0737,T076,28-01-2026,Completed,High
SR02254,C0177,F0039,T082,08-06-2026,Completed,High
SR02255,C0311,F0150,T012,05-01-2026,Completed,Critical
SR02256,C0361,F0024,T070,17-02-2026,Cancelled,Medium
SR02257,C0365,F0331,T034,08-04-2026,Open,High
SR02258,C0290,F0792,T014,21-01-2026,Open,High
SR02259,C0273,F0547,T018,20-04-2026,Completed,High
SR02260,C0246,F0395,T012,25-02-2026,In Progress,High
SR02261,C0119,F0116,T090,24-01-2026,Completed,Low
SR02262,C0244,F0285,T078,19-08-2026,Completed,Medium
SR02263,C0006,F0420,T011,24-08-2026,Open,Medium
SR02264,C0484,F0220,T063,19-08-2026,Completed,High
SR02265,C0186,F0565,T067,06-02-2026,Completed,High
SR02266,C0379,F0785,T052,02-04-2026,Completed,High
SR02267,C0479,F0165,T061,20-03-2026,Completed,High
SR02268,C0249,F0202,T091,20-03-2026,In Progress,Medium
SR02269,C0431,F0101,T052,10-04-2026,Completed,Low
SR02270,C0240,F0581,T066,03-05-2026,Completed,Medium
SR02271,C0067,F0370,T058,27-04-2026,Completed,High
SR02272,C0014,F0228,T040,12-03-2026,Completed,Medium
SR02273,C0068,F0176,T090,24-08-2026,In Progress,High
SR02274,C0472,F0057,T042,24-08-2026,Completed,Critical
SR02275,C0238,F0381,T080,21-03-2026,Completed,Medium
SR02276,C0160,F0547,T061,23-02-2026,In Progress,High
SR02277,C0224,F0189,T069,08-05-2026,Completed,Medium
SR02278,C0128,F0002,T077,30-03-2026,Cancelled,Medium
SR02279,C0436,F0379,T074,25-08-2026,Completed,Medium
SR02280,C0500,F0541,T057,14-04-2026,In Progress,Medium
SR02281,C0043,F0276,T062,10-01-2026,Completed,Low
SR02282,C0360,F0201,T051,31-01-2026,In Progress,Medium
SR02283,C0168,F0124,T034,18-01-2026,Completed,Low
SR02284,C0024,F0597,T073,02-04-2026,Completed,Medium
SR02285,C0462,F0690,T088,17-03-2026,In Progress,Medium
SR02286,C0031,F0616,T071,25-07-2026,In Progress,Medium
SR02287,C0103,F0415,T078,02-08-2026,Cancelled,High
SR02288,C0013,F0580,T084,03-02-2026,In Progress,Medium
SR02289,C0236,F0318,T037,15-08-2026,Completed,Low
SR02290,C0300,F0020,T007,21-05-2026,Completed,Critical
SR02291,C0161,F0295,T034,15-03-2026,Completed,High
SR02292,C0036,F0563,T076,08-04-2026,Open,High
SR02293,C0059,F0518,T082,16-04-2026,In Progress,High
SR02294,C0467,F0793,T052,10-02-2026,In Progress,Low
SR02295,C0403,F0798,T078,28-07-2026,Completed,High
SR02296,C0469,F0195,T008,03-01-2026,Cancelled,Medium
SR02297,C0266,F0008,T065,17-01-2026,Completed,Medium
SR02298,C0274,F0220,T068,07-03-2026,Open,Low
SR02299,C0393,F0701,T051,04-02-2026,In Progress,High
SR02300,C0309,F0651,T072,15-01-2026,In Progress,Medium
SR02301,C0219,F0080,T050,03-04-2026,Cancelled,Medium
SR02302,C0146,F0129,T053,01-04-2026,In Progress,Low
SR02303,C0243,F0451,T061,31-01-2026,In Progress,High
SR02304,C0032,F0529,T080,14-07-2026,Completed,Medium
SR02305,C0097,F0786,T025,31-07-2026,Completed,Medium
SR02306,C0369,F0605,T031,22-06-2026,In Progress,Medium
SR02307,C0435,F0170,T042,06-05-2026,Completed,High
SR02308,C0051,F0030,T021,16-08-2026,Open,Medium
SR02309,C0049,F0507,T034,26-03-2026,Open,High
SR02310,C0043,F0444,T036,13-04-2026,Open,Medium
SR02311,C0396,F0738,T032,04-01-2026,Completed,Low
SR02312,C0156,F0461,T042,19-06-2026,Cancelled,Medium
SR02313,C0164,F0401,T051,23-01-2026,Completed,Low
SR02314,C0007,F0243,T070,09-06-2026,Completed,Medium
SR02315,C0487,F0070,T031,07-07-2026,In Progress,Medium
SR02316,C0218,F0702,T085,22-02-2026,Completed,High
SR02317,C0399,F0661,T048,27-05-2026,Cancelled,Medium
SR02318,C0354,F0131,T073,14-03-2026,Completed,Medium
SR02319,C0071,F0564,T012,06-04-2026,Cancelled,Medium
SR02320,C0401,F0292,T018,08-05-2026,Completed,Low
SR02321,C0276,F0350,T046,01-03-2026,Completed,Low
SR02322,C0303,F0679,T037,11-07-2026,In Progress,Medium
SR02323,C0101,F0674,T050,05-04-2026,Completed,Low
SR02324,C0424,F0153,T016,21-04-2026,Completed,Low
SR02325,C0466,F0247,T048,15-07-2026,Cancelled,High
SR02326,C0204,F0658,T069,24-02-2026,Cancelled,High
SR02327,C0047,F0734,T073,19-04-2026,Completed,High
SR02328,C0425,F0064,T025,27-08-2026,Cancelled,Medium
SR02329,C0444,F0667,T035,06-04-2026,Completed,High
SR02330,C0254,F0392,T053,28-01-2026,Completed,Medium
SR02331,C0290,F0473,T052,10-03-2026,Open,Low
SR02332,C0112,F0061,T080,18-08-2026,In Progress,High
SR02333,C0034,F0545,T040,02-07-2026,Open,Low
SR02334,C0473,F0543,T068,14-07-2026,Open,Medium
SR02335,C0242,F0531,T089,02-03-2026,Cancelled,High
SR02336,C0138,F0633,T030,21-07-2026,In Progress,Medium
SR02337,C0347,F0757,T083,05-04-2026,Completed,Medium
SR02338,C0014,F0680,T034,10-07-2026,Completed,Medium
SR02339,C0040,F0596,T034,31-07-2026,Completed,Low
SR02340,C0122,F0786,T066,19-02-2026,In Progress,Critical
SR02341,C0226,F0540,T063,14-08-2026,Completed,Low
SR02342,C0184,F0538,T055,01-06-2026,Completed,Medium
SR02343,C0094,F0434,T024,25-06-2026,Completed,Medium
SR02344,C0176,F0616,T010,01-07-2026,In Progress,High
SR02345,C0167,F0058,T091,10-02-2026,Completed,High
SR02346,C0263,F0405,T088,28-06-2026,Open,Medium
SR02347,C0282,F0341,T089,21-02-2026,Completed,Critical
SR02348,C0442,F0731,T052,07-03-2026,Completed,Low
SR02349,C0404,F0059,T089,28-01-2026,In Progress,High
SR02350,C0147,F0516,T048,13-02-2026,Completed,Low
SR02351,C0452,F0148,T008,23-08-2026,In Progress,Medium
SR02352,C0261,F0707,T020,20-03-2026,Cancelled,Low
SR02353,C0094,F0682,T028,03-04-2026,Completed,Critical
SR02354,C0171,F0189,T038,26-04-2026,Completed,High
SR02355,C0371,F0698,T094,21-06-2026,In Progress,Medium
SR02356,C0411,F0398,T034,18-05-2026,Open,Medium
SR02357,C0188,F0777,T062,09-05-2026,Cancelled,Medium
SR02358,C0079,F0584,T028,20-07-2026,Completed,Medium
SR02359,C0096,F0028,T065,30-04-2026,Open,Medium
SR02360,C0052,F0163,T057,04-07-2026,Completed,Low
SR02361,C0350,F0323,T016,07-08-2026,Open,High
SR02362,C0252,F0170,T047,12-06-2026,Completed,Medium
SR02363,C0226,F0106,T011,09-01-2026,Completed,High
SR02364,C0336,F0783,T089,05-03-2026,Open,Medium
SR02365,C0415,F0696,T071,29-05-2026,Completed,Medium
SR02366,C0398,F0348,T095,25-04-2026,In Progress,Medium
SR02367,C0069,F0173,T088,10-03-2026,Completed,Low
SR02368,C0295,F0146,T022,22-03-2026,Completed,Medium
SR02369,C0442,F0733,T071,19-01-2026,Cancelled,High
SR02370,C0387,F0266,T011,26-02-2026,Completed,Low
SR02371,C0165,F0011,T097,07-07-2026,Cancelled,Medium
SR02372,C0197,F0318,T079,03-01-2026,Completed,High
SR02373,C0446,F0364,T069,20-07-2026,Completed,Medium
SR02374,C0017,F0499,T100,23-03-2026,In Progress,Medium
SR02375,C0263,F0271,T085,13-07-2026,Completed,High
SR02376,C0059,F0739,T087,03-03-2026,Open,Medium
SR02377,C0448,F0515,T011,18-07-2026,Cancelled,Low
SR02378,C0020,F0790,T003,18-05-2026,Cancelled,High
SR02379,C0012,F0294,T097,24-07-2026,Completed,High
SR02380,C0165,F0522,T026,15-01-2026,Completed,Low
SR02381,C0101,F0293,T043,11-07-2026,Completed,Low
SR02382,C0248,F0560,T005,06-03-2026,In Progress,High
SR02383,C0150,F0597,T063,28-03-2026,Completed,Medium
SR02384,C0179,F0258,T083,11-01-2026,Completed,Medium
SR02385,C0283,F0751,T085,17-08-2026,Completed,Medium
SR02386,C0281,F0686,T059,03-06-2026,Open,High
SR02387,C0468,F0716,T067,24-08-2026,Cancelled,Medium
SR02388,C0241,F0175,T052,17-05-2026,Open,Low
SR02389,C0283,F0575,T045,07-02-2026,Completed,Low
SR02390,C0339,F0086,T056,22-03-2026,Open,Medium
SR02391,C0088,F0085,T094,16-04-2026,Open,High
SR02392,C0334,F0779,T026,05-02-2026,Open,Medium
SR02393,C0431,F0123,T048,12-08-2026,Completed,Medium
SR02394,C0160,F0692,T061,18-08-2026,Completed,High
SR02395,C0090,F0345,T058,16-05-2026,Completed,Medium
SR02396,C0174,F0243,T004,21-05-2026,Completed,Medium
SR02397,C0138,F0059,T029,18-06-2026,Completed,Low
SR02398,C0293,F0541,T065,12-06-2026,Open,High
SR02399,C0432,F0578,T070,16-01-2026,Open,High
SR02400,C0299,F0374,T074,08-05-2026,Completed,High
SR02401,C0063,F0648,T100,06-07-2026,Completed,Medium
SR02402,C0158,F0259,T068,13-07-2026,Completed,Medium
SR02403,C0345,F0442,T058,24-05-2026,In Progress,Low
SR02404,C0166,F0230,T034,04-08-2026,Completed,Critical
SR02405,C0294,F0466,T038,21-05-2026,Open,Low
SR02406,C0348,F0109,T083,02-04-2026,Completed,Medium
SR02407,C0165,F0381,T047,17-04-2026,Open,High
SR02408,C0324,F0440,T072,15-06-2026,Completed,Low
SR02409,C0200,F0446,T013,01-08-2026,Completed,Medium
SR02410,C0068,F0358,T013,25-02-2026,Completed,Low
SR02411,C0187,F0515,T022,12-03-2026,Open,Medium
SR02412,C0221,F0410,T020,06-06-2026,Completed,Critical
SR02413,C0002,F0227,T061,03-07-2026,Open,Medium
SR02414,C0447,F0173,T064,06-04-2026,Completed,Critical
SR02415,C0264,F0519,T056,04-06-2026,Open,Low
SR02416,C0019,F0751,T029,02-01-2026,Open,Medium
SR02417,C0434,F0603,T058,12-03-2026,Completed,High
SR02418,C0428,F0511,T012,18-08-2026,Open,High
SR02419,C0007,F0738,T048,19-05-2026,In Progress,Medium
SR02420,C0082,F0720,T016,28-07-2026,Completed,High
SR02421,C0182,F0406,T008,22-02-2026,Completed,High
SR02422,C0254,F0088,T017,11-03-2026,Completed,High
SR02423,C0363,F0508,T012,22-08-2026,In Progress,Medium
SR02424,C0213,F0499,T048,28-08-2026,Completed,Low
SR02425,C0306,F0222,T055,30-07-2026,Completed,Low
SR02426,C0006,F0680,T061,18-03-2026,Open,Medium
SR02427,C0330,F0696,T044,12-07-2026,Completed,Medium
SR02428,C0458,F0265,T018,21-04-2026,Open,Medium
SR02429,C0264,F0382,T003,22-07-2026,Cancelled,Medium
SR02430,C0228,F0157,T072,24-07-2026,Completed,Medium
SR02431,C0149,F0143,T099,15-04-2026,Completed,Medium
SR02432,C0478,F0213,T029,15-03-2026,Completed,Medium
SR02433,C0017,F0293,T021,22-08-2026,In Progress,Medium
SR02434,C0144,F0219,T032,19-04-2026,In Progress,Low
SR02435,C0070,F0122,T022,14-04-2026,Completed,High
SR02436,C0434,F0358,T023,09-06-2026,Completed,Medium
SR02437,C0242,F0499,T050,13-08-2026,Completed,Low
SR02438,C0462,F0261,T079,01-02-2026,In Progress,Medium
SR02439,C0333,F0427,T072,25-08-2026,Completed,Medium
SR02440,C0279,F0218,T096,12-04-2026,Completed,Medium
SR02441,C0259,F0564,T036,07-01-2026,In Progress,Medium
SR02442,C0102,F0519,T050,16-03-2026,Cancelled,Medium
SR02443,C0282,F0769,T039,21-04-2026,Completed,High
SR02444,C0343,F0043,T005,12-06-2026,Completed,Low
SR02445,C0483,F0683,T039,16-05-2026,Cancelled,Medium
SR02446,C0275,F0273,T027,02-02-2026,Completed,Low
SR02447,C0470,F0053,T048,28-04-2026,Cancelled,Medium
SR02448,C0473,F0552,T016,25-02-2026,Completed,Medium
SR02449,C0262,F0138,T075,06-03-2026,Completed,High
SR02450,C0220,F0141,T085,20-06-2026,In Progress,Low
SR02451,C0072,F0784,T097,12-07-2026,Open,Medium
SR02452,C0135,F0177,T009,07-02-2026,Completed,Medium
SR02453,C0440,F0438,T012,25-05-2026,Open,Medium
SR02454,C0070,F0161,T097,12-04-2026,Open,High
SR02455,C0199,F0100,T085,22-03-2026,Completed,Low
SR02456,C0350,F0001,T059,21-06-2026,Completed,Medium
SR02457,C0121,F0013,T033,01-03-2026,In Progress,Medium
SR02458,C0488,F0380,T052,03-07-2026,Completed,High
SR02459,C0325,F0348,T054,07-04-2026,Cancelled,Low
SR02460,C0015,F0032,T085,23-01-2026,Completed,High
SR02461,C0124,F0280,T053,10-07-2026,Completed,Critical
SR02462,C0371,F0219,T003,24-07-2026,Completed,High
SR02463,C0432,F0458,T070,16-05-2026,In Progress,Medium
SR02464,C0464,F0796,T078,23-06-2026,Completed,High
SR02465,C0426,F0554,T030,05-02-2026,Cancelled,Low
SR02466,C0038,F0735,T012,23-03-2026,Completed,High
SR02467,C0365,F0154,T015,25-03-2026,Completed,Medium
SR02468,C0056,F0173,T085,03-07-2026,Cancelled,Low
SR02469,C0039,F0601,T045,26-03-2026,In Progress,Medium
SR02470,C0346,F0249,T053,24-06-2026,In Progress,High
SR02471,C0240,F0680,T097,15-03-2026,Completed,High
SR02472,C0324,F0371,T007,25-05-2026,Open,Medium
SR02473,C0426,F0161,T021,20-02-2026,Completed,Medium
SR02474,C0035,F0676,T084,15-05-2026,Completed,High
SR02475,C0264,F0441,T055,20-01-2026,Completed,High
SR02476,C0418,F0643,T003,26-06-2026,In Progress,High
SR02477,C0221,F0362,T071,07-01-2026,Completed,Medium
SR02478,C0262,F0101,T014,28-08-2026,Open,Medium
SR02479,C0249,F0545,T079,21-07-2026,Completed,High
SR02480,C0454,F0100,T080,19-05-2026,Open,Low
SR02481,C0025,F0531,T083,07-08-2026,Completed,Medium
SR02482,C0439,F0334,T047,14-07-2026,Completed,Low
SR02483,C0409,F0634,T027,04-02-2026,Completed,Medium
SR02484,C0407,F0697,T089,28-06-2026,Completed,High
SR02485,C0207,F0326,T056,01-04-2026,In Progress,Low
SR02486,C0258,F0706,T064,25-07-2026,Completed,Medium
SR02487,C0185,F0089,T014,27-07-2026,Completed,Low
SR02488,C0126,F0086,T063,18-08-2026,Completed,High
SR02489,C0438,F0795,T059,19-04-2026,In Progress,High
SR02490,C0253,F0460,T030,16-02-2026,Completed,Medium
SR02491,C0362,F0361,T077,31-01-2026,Completed,High
SR02492,C0051,F0125,T014,09-02-2026,Completed,Low
SR02493,C0395,F0232,T072,27-08-2026,Completed,High
SR02494,C0330,F0549,T097,21-05-2026,Open,High
SR02495,C0499,F0658,T057,26-03-2026,Cancelled,Low
SR02496,C0067,F0734,T011,18-04-2026,Completed,Critical
SR02497,C0271,F0327,T056,11-02-2026,Completed,Low
SR02498,C0256,F0364,T053,17-05-2026,Completed,Medium
SR02499,C0270,F0131,T056,13-04-2026,In Progress,Low
SR02500,C0028,F0067,T028,11-07-2026,Completed,High
SR00201,C0222,F0357,T017,10-05-2026,In Progress,Low
SR00401,C0057,F0734,T086,15-05-2026,In Progress,Medium
SR00601,C0092,F0711,T022,05-08-2026,Completed,Medium
