Transaction_ID,Request_ID,Customer_ID,Facility_ID,Product_ID,Technician_ID,Service_Date,Quantity,Status
TX000001,SR00575,C0078,F0614,P0048,T010,26-02-2026,37,Pending
TX000002,SR00177,C0008,F0575,P0021,T029,28-06-2026,13,Pending
TX000003,SR01220,C0323,F0717,P0063,T020,09-06-2026,34,Pending
TX000004,SR00203,C0242,F0561,P0032,T031,11-01-2026,5,Pending
TX000005,SR00284,C0130,F0477,P0049,T026,02-08-2026,21,Completed
TX000006,SR01166,C0028,F0094,P0094,T065,09-04-2026,18,Cancelled
TX000007,SR02040,C0473,F0613,P0055,T007,14-03-2026,17,Completed
TX000008,SR02486,C0414,F0185,P0031,T094,21-04-2026,43,Completed
TX000009,SR01570,C0468,F0086,P0068,T025,05-04-2026,4,Pending
TX000010,SR00692,C0057,F0586,P0074,T100,01-05-2026,31,Pending
TX000011,SR00821,C0008,F0471,P0061,T073,09-02-2026,-5,Pending
TX000012,SR01532,C0109,F0120,P0005,T036,03-02-2026,24,Completed
TX000013,SR00434,C0051,F0440,P0023,T031,26-08-2026,10,Completed
TX000014,SR01297,C0230,F0553,P0013,T095,29-06-2026,36,Completed
TX000015,SR01923,C0323,F0400,P0096,T100,28-03-2026,3,Pending
TX000016,SR02106,C0098,F0575,P0032,T062,23-07-2026,4,Completed
TX000017,SR00148,C0199,F0404,P0048,T005,10-07-2026,17,Completed
TX000018,SR00722,C0270,F0283,P0091,T091,17-06-2026,44,Completed
TX000019,SR00638,C0159,F0179,P0100,T048,23-06-2026,2,Completed
TX000020,SR01388,C0231,F0207,P0022,T003,17-08-2026,9,Completed
TX000021,SR00464,C0296,F0648,P0086,T081,20-07-2026,25,Completed
TX000022,SR02377,C0477,F0299,P0073,T004,03-03-2026,2,Completed
TX000023,SR02293,C0156,F0573,P0062,T038,24-06-2026,27,Completed
TX000024,SR00832,C0045,F0288,P0017,T008,08-02-2026,18,Pending
TX000025,SR01018,C0435,F0421,P0070,T044,01-05-2026,32,Completed
TX000026,SR01099,C0289,F0486,P0062,T081,17-01-2026,0,Pending
TX000027,SR00107,C0237,F0383,P0045,T013,10-02-2026,9,Completed
TX000028,SR02223,C0361,F0596,P0059,T014,23-06-2026,9,Completed
TX000029,SR01949,C0491,F0740,P0022,T096,31-03-2026,37,Completed
TX000030,SR00832,C0064,F0690,P0063,T018,08-02-2026,37,Completed
TX000031,SR01369,C0431,F0738,P0016,T012,24-08-2026,6,Completed
TX000032,SR00952,C0319,F0024,P0029,T059,14-08-2026,20,Completed
TX000033,SR00571,C0293,F0608,P0050,T028,25-02-2026,35,Completed
TX000034,SR00761,C0433,F0582,P0017,T096,24-05-2026,1,Pending
TX000035,SR00268,C0153,F0330,P0092,T017,12-03-2026,5,Completed
TX000036,SR02024,C0394,F0252,P0089,T057,12-07-2026,32,Completed
TX000037,SR01637,C0286,F0043,P0048,T093,15-06-2026,28,Pending
TX000038,SR02326,C0468,F0671,P0057,T074,15-04-2026,35,Completed
TX000039,SR00017,C0234,F0673,P0030,T003,12-08-2026,23,Completed
TX000040,SR01578,C0361,F0061,P0022,T019,26-06-2026,45,Completed
TX000041,SR01401,C0249,F0466,P0097,T013,06-02-2026,7,Completed
TX000042,SR01560,C0197,F0441,P0042,T092,17-04-2026,8,Completed
TX000043,SR02475,C0188,F0138,P0096,T021,19-07-2026,32,Cancelled
TX000044,SR00976,C0461,F0439,P0007,T006,10-05-2026,43,Completed
TX000045,SR00353,C0419,F0650,P0011,T039,24-01-2026,2,Completed
TX000046,SR00032,C0113,F0262,P9999,T029,05-07-2026,35,Pending
TX000047,SR01231,C0433,F0581,P0079,T017,26-04-2026,48,Completed
TX000048,SR00435,C0292,F0777,P0043,T046,27-02-2026,28,Cancelled
TX000049,SR00353,C0053,F0364,P0084,T091,15-07-2026,41,Pending
TX000050,SR00369,C0383,F0086,P0014,T023,01-08-2026,13,Completed
TX000051,SR00693,C0082,F0238,P0086,T099,22-05-2026,40,Completed
TX000052,SR00290,C0437,F0110,P0045,T067,21-06-2026,23,Completed
TX000053,SR01215,C0228,F0283,P0029,T039,27-02-2026,15,Completed
TX000054,SR01636,C0459,F0516,P0064,T068,29-06-2026,10,Completed
TX000055,SR00724,C0242,F0163,P0078,T035,06-08-2026,42,Completed
TX000056,SR00341,C0043,F0412,P0093,T022,27-02-2026,36,Completed
TX000057,SR01432,C0384,F0799,P0009,T024,15-08-2026,39,Completed
TX000058,SR00215,C0364,F0212,P0071,T001,22-01-2026,35,Cancelled
TX000059,SR01844,C0152,F0704,P0032,T065,18-04-2026,13,Completed
TX000060,SR00957,C0103,F0244,P0051,T008,18-01-2026,10,Completed
TX000061,SR01025,C0432,F0492,P0047,T020,18-04-2026,32,Completed
TX000062,SR00623,C0390,F0126,P0078,T001,05-06-2026,13,Completed
TX000063,SR00708,C0149,F0215,P0040,T007,28-07-2026,32,Completed
TX000064,SR00365,C0351,F0695,P0028,T091,06-02-2026,45,Completed
TX000065,SR01396,C0121,F0472,P0049,T003,01-08-2026,37,Completed
TX000066,SR99999,C0091,F0456,P0067,T063,28-08-2026,24,Completed
TX000067,SR01702,C0332,F0409,P0085,T033,16-01-2026,45,Completed
TX000068,SR00641,C0417,F0196,P0001,T014,19-08-2026,28,Completed
TX000069,SR01414,C0460,F0744,P0057,T030,06-08-2026,24,Completed
TX000070,SR01343,C0231,F0315,P0008,T010,08-01-2026,47,Cancelled
TX000071,SR01584,C0072,F0010,P0062,T032,16-01-2026,17,Completed
TX000072,SR01896,C0272,F0726,P0063,T082,24-06-2026,11,Completed
TX000073,SR01402,C0341,F0038,P0086,T063,11-04-2026,7,Cancelled
TX000074,SR02132,C0486,F0710,P0020,T082,04-03-2026,31,Completed
TX000075,SR00648,C0057,F0213,P0080,T070,07-04-2026,25,Completed
TX000076,SR01879,C0329,F0056,P0069,T093,23-03-2026,38,Completed
TX000077,SR00858,C0257,F0177,P0067,T011,23-08-2026,8,Completed
TX000078,SR01571,C0295,F0524,P0064,T016,27-02-2026,16,Completed
TX000079,SR01230,C0047,F0437,P0055,T042,22-01-2026,6,Completed
TX000080,SR02270,C0009,F0123,P0007,T053,19-07-2026,16,Cancelled
TX000081,SR00679,C0304,F0241,P0082,T079,21-07-2026,48,Completed
TX000082,SR01300,C0100,F0169,P0040,T013,03-08-2026,44,Completed
TX000083,SR00412,C0307,F0523,P0011,T012,22-08-2026,25,Cancelled
TX000084,SR01584,C0014,F0692,P0062,T080,10-01-2026,5,Completed
TX000085,SR00093,C0401,F0205,P0095,T055,04-07-2026,49,Cancelled
TX000086,SR01030,C0167,F0717,P0072,T042,2026-13-05,8,Cancelled
TX000087,SR00025,C0226,F0327,P0025,T023,12-04-2026,5,Cancelled
TX000088,SR00819,C0173,F0067,P0082,T070,18-04-2026,21,Completed
TX000089,SR01211,C0210,F0258,P0085,T081,25-08-2026,47,Completed
TX000090,SR00830,C0266,F0700,P0034,T004,06-05-2026,40,Pending
TX000091,SR00965,C0323,F0647,P0053,T006,23-02-2026,18,Completed
TX000092,SR00371,C0345,F0583,P0084,T078,22-01-2026,23,Completed
TX000093,SR01787,C0496,F0320,P0016,T089,22-05-2026,3,Completed
TX000094,SR01992,C0090,F0621,P0036,T023,19-07-2026,14,Completed
TX000095,SR01137,C0436,F0569,P0046,T071,20-06-2026,33,Pending
TX000096,SR00139,C0301,F0634,P0001,T085,13-08-2026,21,Cancelled
TX000097,SR00157,C0155,F0447,P0017,T012,11-01-2026,48,Completed
TX000098,SR01687,C0459,F0406,P0062,T019,07-04-2026,22,Completed
TX000099,SR02323,C0354,F0774,P0027,T014,27-05-2026,42,Completed
TX000100,SR02162,C0093,F0758,P0025,T080,25-07-2026,36,Completed
TX000101,SR01014,C0088,F0429,P0030,T078,17-03-2026,25,Completed
TX000102,SR01244,C0330,F0161,P0013,T014,12-06-2026,43,Pending
TX000103,SR00408,C0365,F0328,P0064,T018,19-02-2026,43,Completed
TX000104,SR00176,C0023,F0404,P0026,T067,23-05-2026,16,Pending
TX000105,SR01915,C0315,F0542,P0066,T090,06-07-2026,14,Completed
TX000106,SR01072,C0266,F0255,P0083,T078,29/02/2026,35,Completed
TX000107,SR01243,C0485,F0037,P0048,T017,19-04-2026,2,Pending
TX000108,SR00859,C0371,F0658,P0092,T039,24-04-2026,35,Completed
TX000109,SR00783,C0455,F0760,P0020,T007,31-07-2026,22,Completed
TX000110,SR02464,C0018,F0067,P0097,T025,12-05-2026,38,Completed
TX000111,SR02041,C0383,F0255,P0033,T057,26-03-2026,7,Completed
TX000112,SR01729,C0167,F0347,P0031,T035,07-03-2026,29,Completed
TX000113,SR00973,C0277,F0609,P0098,T061,20-06-2026,27,Pending
TX000114,SR01804,C0439,F0619,P0046,T030,20-06-2026,1,Completed
TX000115,SR00849,C0435,F0275,P0075,T057,10-05-2026,26,Completed
TX000116,SR01290,C0113,F0250,P0081,T064,08-02-2026,33,Completed
TX000117,SR00363,C0121,F0325,P0045,T020,08-02-2026,20,Pending
TX000118,SR01774,C0362,F0193,P0032,T005,28-02-2026,31,Completed
TX000119,SR00152,C0440,F0350,P0050,T034,03-01-2026,16,Pending
TX000120,SR01807,C0307,F0211,P0039,T005,26-04-2026,30,Completed
TX000121,SR01510,C0028,F0049,P0042,T016,10-04-2026,12,Pending
TX000122,SR00166,C0082,F0571,P0024,T029,03-04-2026,14,Pending
TX000123,SR01266,C0375,F0630,P0092,T034,13-08-2026,4,Pending
TX000124,SR00557,C0371,F0230,P0058,T028,27-02-2026,5,Pending
TX000125,SR01191,C0449,F0321,P0080,T006,14-07-2026,7,Completed
TX000126,SR00033,C0267,F0323,P0066,T018,16-02-2026,10,completed
TX000127,SR01805,C0214,F0018,P0036,T089,27-05-2026,36,Completed
TX000128,SR01275,C0057,F0437,P0032,T072,26-07-2026,11,Completed
TX000129,SR00906,C0391,F0367,P0099,T045,21-07-2026,18,Completed
TX000130,SR02190,C0475,F0753,P0003,T003,22-05-2026,9,Completed
TX000131,SR01613,C0023,F0298,P0030,T036,19-02-2026,21,Completed
TX000132,SR01524,C0246,F0636,P0074,T093,01-04-2026,12,Cancelled
TX000133,SR00368,C0178,F0313,P0055,T081,12-04-2026,17,Pending
TX000134,SR01251,C0373,F0149,P0062,T076,22-07-2026,4,Completed
TX000135,SR01752,C0382,F0279,P0003,T025,01-04-2026,25,Completed
TX000136,SR02315,C0109,F0707,P0022,T041,18-07-2026,14,Completed
TX000137,SR01511,C0477,F0206,P0060,T003,17-08-2026,32,Completed
TX000138,SR00431,C0069,F0676,P0032,T086,27-01-2026,49,Completed
TX000139,SR01695,C0391,F0533,P0048,T012,13-08-2026,24,Completed
TX000140,SR00187,C0371,F0597,P0096,T062,17-05-2026,26,Completed
TX000141,SR00783,C0082,F0603,P0064,T029,25-05-2026,41,Completed
TX000142,SR02294,C0337,F0414,P0064,T058,15-03-2026,17,Completed
TX000143,SR02005,C0136,F0482,P0020,T083,22-03-2026,7,Completed
TX000144,SR02257,C0138,F0056,P0060,T032,10-05-2026,36,Completed
TX000145,SR00882,C0044,F0560,P0097,T002,17-02-2026,32,Completed
TX000146,SR01708,C0374,F0570,P0064,T067,22-06-2026,24,PEND
TX000147,SR01751,C0404,F0083,P0079,T054,10-06-2026,19,Completed
TX000148,SR00615,C0253,F0415,P0096,T014,03-01-2026,2,Completed
TX000149,SR02357,C0388,F0408,P0091,T005,20-02-2026,28,Cancelled
TX000150,SR02425,C0175,F0248,P0034,T053,04-05-2026,27,Completed
TX000151,SR00276,C0283,F0053,P0030,T062,28-06-2026,26,Completed
TX000152,SR01914,C0394,F0008,P0029,T012,12-03-2026,15,Pending
TX000153,SR01120,C0216,F0167,P0078,T060,01-08-2026,8,Pending
TX000154,SR01685,C0309,F0185,P0038,T045,09-05-2026,28,Completed
TX000155,SR01387,C0073,F0170,P0083,T014,10-05-2026,31,Completed
TX000156,SR00558,C0254,F0485,P0081,T062,27-01-2026,9,Pending
TX000157,SR00240,C0426,F0337,P0067,T065,31-05-2026,6,Completed
TX000158,SR01283,C0387,F0090,P0013,T016,16-07-2026,24,Completed
TX000159,SR02094,C0151,F0068,P0072,T068,20-02-2026,3,Pending
TX000160,SR02057,C0273,F0525,P0021,T023,11-05-2026,10,Pending
TX000161,SR00687,C0310,F0748,P0056,T060,02-01-2026,32,Completed
TX000162,SR02151,C0470,F0656,P0023,T082,20-02-2026,15,Completed
TX000163,SR00890,C0415,F0607,P0007,T094,18-01-2026,23,Completed
TX000164,SR01404,C0410,F0255,P0064,T026,04-07-2026,34,Pending
TX000165,SR00811,C0377,F0564,P0046,T034,27-08-2026,9,Pending
TX000166,SR01307,,F0066,P0065,T010,10-01-2026,12,Pending
TX000167,SR01324,C0189,F0138,P0050,T097,18-06-2026,15,Completed
TX000168,SR01745,C0233,F0112,P0038,T034,23-05-2026,21,Cancelled
TX000169,SR01180,C0214,F0147,P0002,T081,18-06-2026,28,Completed
TX000170,SR01321,C0479,F0287,P0028,T094,01-05-2026,4,Completed
TX000171,SR01629,C0438,F0035,P0089,T048,26-08-2026,24,Pending
TX000172,SR01045,C0448,F0651,P0076,T070,10-01-2026,34,Completed
TX000173,SR01311,C0304,F0573,P0047,T048,05-02-2026,42,Completed
TX000174,SR00214,C0096,F0508,P0004,T058,01-03-2026,27,Completed
TX000175,SR02175,C0072,F0141,P0099,T025,07-07-2026,31,Pending
TX000176,SR00316,C0138,F0695,P0074,T085,19-01-2026,40,Completed
TX000177,SR02183,C0326,F0006,P0003,T013,30-01-2026,36,Completed
TX000178,SR01901,C0183,F0796,P0022,T067,25-06-2026,27,Completed
TX000179,SR02370,C0328,F0582,P0018,T092,11-04-2026,28,Pending
TX000180,SR00062,C0440,F0163,P0091,T082,19-06-2026,49,Cancelled
TX000181,SR00543,C0168,F0158,P0096,T076,29-03-2026,38,Completed
TX000182,SR00131,C0464,F0556,P0042,T066,22-01-2026,12,Pending
TX000183,SR01044,C0256,F0647,P0018,T095,24-05-2026,23,Completed
TX000184,SR02262,C0402,F0374,P0065,T087,27-01-2026,37,Completed
TX000185,SR01916,C0030,F0049,P0028,T028,25-04-2026,26,Completed
TX000186,SR01760,C0138,F0395,P0013,,31-07-2026,22,Completed
TX000187,SR02122,C0466,F0384,P0026,T043,13-02-2026,30,Completed
TX000188,SR00011,C0444,F0261,P0026,T027,18-02-2026,19,Completed
TX000189,SR01970,C0286,F0723,P0006,T082,16-08-2026,34,Completed
TX000190,SR00781,C0017,F0275,P0071,T005,14-03-2026,36,Pending
TX000191,SR01728,C0030,F0195,P0036,T013,31-03-2026,45,Completed
TX000192,SR01909,C0212,F0542,P0056,T011,14-06-2026,47,Pending
TX000193,SR01715,C0450,F0495,P0056,T021,31-01-2026,35,Pending
TX000194,SR01045,C0189,F0497,P0078,T052,15-01-2026,38,Completed
TX000195,SR01529,C0443,F0404,P0077,T095,22-07-2026,38,Pending
TX000196,SR01172,C0268,F0255,P0057,T098,16-08-2026,17,Completed
TX000197,SR01571,C0068,F0207,P0084,T091,25-08-2026,45,Completed
TX000198,SR01147,C0281,F0095,P0057,T076,06-01-2026,25,Pending
TX000199,SR00986,C0183,F0149,P0003,T046,08-05-2026,43,Completed
TX000200,SR00506,C0113,F0463,P0086,T078,23-07-2026,11,Completed
TX000201,SR00969,C0338,F0325,P0077,T027,22-07-2026,16,Pending
TX000202,SR01804,C0103,F0592,P0043,T067,28-03-2026,31,Pending
TX000203,SR02176,C0453,F0644,P0039,T001,28-04-2026,29,Completed
TX000204,SR00258,C0402,F0447,P0090,T091,06-02-2026,20,Completed
TX000205,SR00457,C0392,F0084,P0043,T098,03-02-2026,11,Pending
TX000206,SR01269,C0039,F0003,P0038,T074,01-04-2026,12,Cancelled
TX000207,SR01757,C0481,F0183,P0074,T018,25-02-2026,36,Completed
TX000208,SR00425,C0247,F0226,P0033,T026,22-08-2026,2,Pending
TX000209,SR00813,C0367,F0059,P0041,T074,20-01-2026,6,Completed
TX000210,SR00117,C0096,F0623,P0078,T050,07-05-2026,46,Completed
TX000211,SR00132,C0385,F0294,P0023,T055,14-05-2026,48,Cancelled
TX000212,SR00359,C0160,F0595,P0002,T041,15-01-2026,4,Completed
TX000213,SR01823,C0354,F0168,P0034,T084,16-04-2026,7,Completed
TX000214,SR02174,C0139,F0009,P0018,T017,14-08-2026,17,Completed
TX000215,SR01248,C0467,F0110,P0037,T045,27-01-2026,29,Completed
TX000216,SR00441,C0355,F0377,P0008,T023,04-02-2026,10,Completed
TX000217,SR02304,C0227,F0384,P0059,T070,09-02-2026,49,Completed
TX000218,SR00696,C0229,F0350,P0052,T029,14-01-2026,25,Completed
TX000219,SR00387,C0001,F0768,P0028,T030,01-08-2026,27,Completed
TX000220,SR00346,C0150,F0522,P0063,T018,11-01-2026,10,Completed
TX000221,SR00883,C0395,F0586,P0015,T087,09-03-2026,16,Completed
TX000222,SR01839,C0416,F0100,P0002,T022,18-07-2026,37,Cancelled
TX000223,SR00993,C0500,F0373,P0048,T087,27-08-2026,31,Completed
TX000224,SR01114,C0043,F0498,P0017,T092,06-02-2026,12,Completed
TX000225,SR00851,C0126,F0468,P0086,T097,28-03-2026,22,Pending
TX000226,SR02360,C0384,F0758,P0031,T035,12-02-2026,10,Pending
TX000227,SR01710,C0181,F0381,P0043,T066,16-02-2026,20,Pending
TX000228,SR01661,C0125,F0298,P0030,T083,15-08-2026,11,Cancelled
TX000229,SR01095,C0141,F0756,P0044,T008,23-03-2026,49,Completed
TX000230,SR01329,C0460,F0270,P0010,T007,27-05-2026,15,Pending
TX000231,SR02213,C0429,F0457,P0094,T021,07-02-2026,24,Completed
TX000232,SR01642,C0003,F0023,P0018,T099,10-03-2026,32,Completed
TX000233,SR02035,C0421,F0133,P0040,T009,28-03-2026,3,Completed
TX000234,SR00102,C0279,F0046,P0085,T077,21-05-2026,11,Pending
TX000235,SR02149,C0423,F0335,P0043,T084,05-08-2026,49,Completed
TX000236,SR02377,C0312,F0746,P0071,T091,28-02-2026,35,Pending
TX000237,SR01671,C0345,F0058,P0007,T053,04-06-2026,12,Completed
TX000238,SR02392,C0289,F0781,P0030,T053,29-04-2026,22,Pending
TX000239,SR01420,C0368,F0696,P0076,T075,10-07-2026,43,Completed
TX000240,SR00691,C0408,F0005,P0027,T064,22-03-2026,10,Completed
TX000241,SR01516,C0255,F0013,P0042,T079,12-04-2026,15,Completed
TX000242,SR01571,C0057,F0721,P0009,T037,30-05-2026,12,Completed
TX000243,SR00362,C0047,F0469,P0051,T094,17-04-2026,33,Cancelled
TX000244,SR00505,C0208,F0140,P0035,T044,02-07-2026,26,Completed
TX000245,SR00729,C0237,F0764,P0087,T025,04-01-2026,25,Completed
TX000246,SR01369,C0432,F0450,P0040,T076,25-03-2026,19,Completed
TX000247,SR00370,C0017,F0509,P0083,T063,11-02-2026,17,Completed
TX000248,SR01927,C0445,F0543,P0091,T005,04-02-2026,26,Completed
TX000249,SR00274,C0028,F0162,P0084,T017,13-01-2026,40,Completed
TX000250,SR02350,C0250,F0288,P0075,T004,27-03-2026,40,Completed
TX000251,SR01690,C0212,F0103,P0059,T058,22-02-2026,39,Pending
TX000252,SR00849,C0279,F0424,P0048,T088,01-07-2026,3,Completed
TX000253,SR00932,C0022,F0790,P0009,T033,01-05-2026,25,Completed
TX000254,SR01734,C0382,F0503,P0014,T012,08-07-2026,20,Completed
TX000255,SR00222,C0068,F0554,P0039,T086,01-08-2026,46,Completed
TX000256,SR01792,C0390,F0156,P0066,T073,08-07-2026,21,Completed
TX000257,SR01381,C0284,F0434,P0001,T055,12-04-2026,13,Completed
TX000258,SR00553,C0445,F0796,P0094,T020,22-08-2026,13,Pending
TX000259,SR02244,C0490,F0071,P0100,T068,03-04-2026,10,Completed
TX000260,SR01573,C0422,F0164,P0008,T037,17-07-2026,22,Cancelled
TX000261,SR00410,C0227,F0576,P0010,T025,11-02-2026,13,Pending
TX000262,SR01639,C0208,F0009,P0085,T030,21-08-2026,28,Completed
TX000263,SR01029,C0332,F0166,P0020,T007,14-03-2026,12,Completed
TX000264,SR01911,C0325,F0756,P0019,T050,31-05-2026,29,Pending
TX000265,SR01231,C0396,F0016,P0019,T076,26-03-2026,31,Completed
TX000266,SR02500,C0242,F0344,P0071,T083,25-02-2026,33,Pending
TX000267,SR02319,C0232,F0264,P0014,T073,21-03-2026,44,Completed
TX000268,SR00101,C0059,F0319,P0019,T088,26-05-2026,4,Completed
TX000269,SR01028,C0085,F0207,P0040,T097,27-01-2026,3,Pending
TX000270,SR00506,C0411,F0221,P0061,T023,17-02-2026,23,Pending
TX000271,SR01126,C0495,F0609,P0100,T044,09-08-2026,26,Completed
TX000272,SR00363,C0301,F0021,P0024,T034,21-01-2026,38,Completed
TX000273,SR01340,C0173,F0104,P0026,T069,23-06-2026,12,Completed
TX000274,SR00387,C0030,F0212,P0055,T084,14-03-2026,23,Completed
TX000275,SR01558,C0022,F0662,P0042,T089,18-03-2026,30,Pending
TX000276,SR01136,C0339,F0315,P0061,T009,29-03-2026,33,Completed
TX000277,SR02483,C0321,F0028,P0025,T052,02-04-2026,27,Completed
TX000278,SR02197,C0142,F0417,P0062,T012,20-06-2026,29,Completed
TX000279,SR01501,C0095,F0502,P0093,T033,13-07-2026,9,Cancelled
TX000280,SR01122,C0035,F0367,P0069,T048,29-03-2026,23,Completed
TX000281,SR01790,C0342,F0071,P0074,T062,11-02-2026,27,Completed
TX000282,SR01672,C0304,F0704,P0007,T080,01-01-2026,4,Pending
TX000283,SR00349,C0167,F0687,P0091,T100,23-06-2026,48,Pending
TX000284,SR00942,C0367,F0730,P0071,T034,09-08-2026,32,Completed
TX000285,SR02481,C0423,F0772,P0063,T056,09-01-2026,36,Completed
TX000286,SR00800,C0259,F0254,P0016,T007,22-05-2026,27,Cancelled
TX000287,SR00034,C0132,F0338,P0056,T012,22-02-2026,46,Completed
TX000288,SR02086,C0003,F0768,P0068,T097,20-02-2026,1,Completed
TX000289,SR02333,C0398,F0360,P0063,T094,18-07-2026,47,Completed
TX000290,SR01639,C0289,F0692,P0013,T094,02-03-2026,11,Pending
TX000291,SR01588,C0174,F0519,P0005,T027,14-03-2026,44,Cancelled
TX000292,SR00878,C0004,F0743,P0048,T066,30-01-2026,4,Completed
TX000293,SR00899,C0408,F0009,P0072,T023,05-08-2026,16,Completed
TX000294,SR02286,C0464,F0566,P0039,T069,06-08-2026,28,Pending
TX000295,SR02146,C0241,F0641,P0069,T049,08-08-2026,33,Completed
TX000296,SR01247,C0134,F0159,P0097,T094,25-02-2026,1,Pending
TX000297,SR00783,C0310,F0589,P0089,T038,15-02-2026,18,Completed
TX000298,SR00471,C0436,F0157,P0064,T065,14-08-2026,42,Completed
TX000299,SR00028,C0294,F0724,P0073,T066,28-05-2026,9,Completed
TX000300,SR01209,C0007,F0727,P0009,T079,05-03-2026,47,Completed
TX000301,SR01385,C0098,F0003,P0009,T006,12-01-2026,35,Completed
TX000302,SR01687,C0049,F0406,P0071,T047,11-07-2026,48,Pending
TX000303,SR02013,C0206,F0306,P0081,T046,12-07-2026,45,Completed
TX000304,SR00918,C0226,F0713,P0020,T023,03-01-2026,12,Completed
TX000305,SR00417,C0268,F0257,P0060,T081,25-04-2026,47,Completed
TX000306,SR02110,C0380,F0577,P0029,T084,26-04-2026,25,Completed
TX000307,SR01907,C0057,F0094,P0011,T009,22-04-2026,13,Completed
TX000308,SR01333,C0472,F0171,P0038,T069,30-03-2026,44,Completed
TX000309,SR00098,C0132,F0789,P0045,T087,20-03-2026,24,Completed
TX000310,SR01170,C0261,F0308,P0078,T029,22-03-2026,34,Pending
TX000311,SR01549,C0106,F0613,P0087,T064,09-08-2026,30,Completed
TX000312,SR02147,C0178,F0775,P0095,T063,27-08-2026,15,Completed
TX000313,SR01271,C0417,F0773,P0011,T002,27-01-2026,49,Completed
TX000314,SR01158,C0023,F0016,P0093,T082,23-06-2026,41,Completed
TX000315,SR00950,C0242,F0187,P0052,T076,18-05-2026,26,Completed
TX000316,SR01037,C0292,F0572,P0018,T028,03-03-2026,29,Completed
TX000317,SR00041,C0285,F0742,P0065,T032,14-02-2026,4,Completed
TX000318,SR00260,C0191,F0784,P0007,T077,30-06-2026,36,Completed
TX000319,SR01891,C0189,F0577,P0047,T081,29-03-2026,45,Completed
TX000320,SR00907,C0455,F0084,P0083,T008,01-02-2026,48,Completed
TX000321,SR02128,C0121,F0595,P0098,T036,21-08-2026,28,Completed
TX000322,SR00993,C0241,F0218,P0029,T063,11-08-2026,49,Completed
TX000323,SR02493,C0183,F0647,P0018,T013,11-04-2026,40,Completed
TX000324,SR00452,C0383,F0438,P0059,T100,13-04-2026,25,Completed
TX000325,SR00471,C0403,F0148,P0016,T021,11-04-2026,40,Cancelled
TX000326,SR01470,C0425,F0676,P0098,T087,15-02-2026,8,Pending
TX000327,SR02007,C0043,F0792,P0033,T007,26-01-2026,34,Completed
TX000328,SR00360,C0050,F0406,P0019,T088,07-03-2026,31,Cancelled
TX000329,SR01258,C0188,F0651,P0024,T005,03-04-2026,25,Completed
TX000330,SR00560,C0221,F0048,P0038,T069,07-02-2026,32,Completed
TX000331,SR01843,C0032,F0217,P0075,T037,09-01-2026,42,Cancelled
TX000332,SR01403,C0447,F0102,P0087,T047,12-08-2026,29,Pending
TX000333,SR01636,C0449,F0228,P0074,T011,30-07-2026,19,Completed
TX000334,SR00673,C0213,F0301,P0065,T068,15-03-2026,21,Completed
TX000335,SR00723,C0385,F0346,P0028,T063,28-05-2026,28,Cancelled
TX000336,SR01600,C0283,F0259,P0094,T033,04-02-2026,29,Completed
TX000337,SR00883,C0329,F0436,P0100,T048,11-08-2026,16,Completed
TX000338,SR01727,C0437,F0176,P0064,T056,15-07-2026,27,Completed
TX000339,SR00385,C0047,F0279,P0079,T069,12-02-2026,15,Cancelled
TX000340,SR00754,C0117,F0673,P0031,T054,21-02-2026,47,Completed
TX000341,SR00255,C0215,F0450,P0045,T006,21-03-2026,27,Completed
TX000342,SR00219,C0448,F0022,P0081,T055,23-01-2026,42,Completed
TX000343,SR00657,C0296,F0263,P0043,T035,25-03-2026,19,Completed
TX000344,SR01224,C0199,F0664,P0076,T042,10-06-2026,20,Completed
TX000345,SR00362,C0015,F0145,P0086,T038,24-06-2026,15,Completed
TX000346,SR00233,C0297,F0738,P0094,T036,02-01-2026,28,Pending
TX000347,SR02194,C0135,F0237,P0030,T024,26-03-2026,31,Pending
TX000348,SR01289,C0165,F0505,P0048,T034,19-07-2026,28,Completed
TX000349,SR01789,C0498,F0381,P0039,T072,28-07-2026,42,Pending
TX000350,SR01816,C0264,F0501,P0051,T023,16-05-2026,26,Completed
TX000351,SR00255,C0070,F0638,P0075,T076,26-06-2026,41,Completed
TX000352,SR01551,C0025,F0120,P0033,T044,01-03-2026,3,Completed
TX000353,SR02152,C0195,F0282,P0024,T062,28-07-2026,18,Completed
TX000354,SR01121,C0033,F0455,P0027,T012,24-04-2026,35,Completed
TX000355,SR02156,C0215,F0209,P0077,T021,16-06-2026,19,Completed
TX000356,SR02365,C0208,F0301,P0100,T091,04-03-2026,36,Completed
TX000357,SR01367,C0440,F0709,P0011,T084,11-02-2026,30,Completed
TX000358,SR00255,C0168,F0184,P0098,T007,08-05-2026,24,Completed
TX000359,SR01544,C0139,F0152,P0004,T091,06-05-2026,28,Completed
TX000360,SR02201,C0308,F0467,P0053,T084,18-05-2026,45,Cancelled
TX000361,SR01449,C0320,F0080,P0014,T014,13-07-2026,34,Completed
TX000362,SR02001,C0019,F0001,P0096,T025,05-07-2026,49,Cancelled
TX000363,SR01339,C0042,F0696,P0077,T018,14-03-2026,5,Pending
TX000364,SR01050,C0084,F0222,P0036,T086,22-04-2026,40,Completed
TX000365,SR02364,C0389,F0097,P0069,T086,21-01-2026,44,Completed
TX000366,SR00383,C0105,F0525,P0085,T073,08-07-2026,46,Pending
TX000367,SR01120,C0497,F0385,P0022,T026,02-02-2026,27,Cancelled
TX000368,SR00390,C0221,F0365,P0064,T093,17-01-2026,24,Pending
TX000369,SR01637,C0467,F0351,P0030,T085,05-05-2026,29,Pending
TX000370,SR02305,C0124,F0117,P0072,T088,10-08-2026,45,Completed
TX000371,SR02495,C0212,F0687,P0057,T036,01-04-2026,43,Completed
TX000372,SR00585,C0069,F0002,P0072,T071,14-02-2026,46,Cancelled
TX000373,SR01820,C0424,F0387,P0064,T068,14-02-2026,48,Completed
TX000374,SR02186,C0299,F0217,P0064,T016,20-07-2026,31,Completed
TX000375,SR02085,C0038,F0514,P0009,T059,08-06-2026,13,Completed
TX000376,SR01259,C0372,F0440,P0086,T055,29-04-2026,8,Pending
TX000377,SR00437,C0444,F0308,P0018,T059,11-08-2026,44,Pending
TX000378,SR01155,C0343,F0428,P0040,T034,26-01-2026,8,Completed
TX000379,SR01941,C0405,F0182,P0052,T067,28-05-2026,4,Completed
TX000380,SR01549,C0139,F0105,P0085,T089,28-03-2026,24,Completed
TX000381,SR00971,C0217,F0725,P0063,T061,26-02-2026,37,Completed
TX000382,SR00538,C0428,F0491,P0019,T088,09-08-2026,37,Cancelled
TX000383,SR01630,C0305,F0524,P0029,T078,18-08-2026,13,Completed
TX000384,SR01071,C0306,F0800,P0020,T032,20-07-2026,25,Cancelled
TX000385,SR01181,C0384,F0724,P0060,T074,05-02-2026,44,Completed
TX000386,SR02347,C0308,F0468,P0072,T068,23-06-2026,40,Pending
TX000387,SR00023,C0064,F0634,P0071,T095,28-03-2026,45,Completed
TX000388,SR00596,C0107,F0423,P0076,T034,02-04-2026,38,Pending
TX000389,SR02300,C0390,F0191,P0071,T017,16-02-2026,5,Completed
TX000390,SR02304,C0122,F0499,P0091,T068,22-05-2026,10,Pending
TX000391,SR00757,C0333,F0731,P0091,T064,25-07-2026,9,Pending
TX000392,SR02486,C0238,F0704,P0028,T062,25-02-2026,7,Completed
TX000393,SR00529,C0311,F0405,P0031,T074,10-05-2026,43,Cancelled
TX000394,SR00130,C0119,F0757,P0006,T052,05-06-2026,35,Completed
TX000395,SR00768,C0156,F0159,P0027,T004,01-06-2026,45,Completed
TX000396,SR01329,C0345,F0033,P0051,T088,04-03-2026,16,Completed
TX000397,SR00016,C0086,F0323,P0066,T028,07-01-2026,49,Completed
TX000398,SR00430,C0155,F0164,P0088,T025,18-07-2026,46,Pending
TX000399,SR01978,C0500,F0767,P0060,T082,24-05-2026,6,Pending
TX000400,SR01555,C0076,F0093,P0098,T080,19-06-2026,43,Completed
TX000401,SR01514,C0289,F0428,P0056,T051,08-05-2026,6,Completed
TX000402,SR02474,C0076,F0618,P0086,T069,03-04-2026,23,Completed
TX000403,SR00571,C0354,F0089,P0081,T009,02-03-2026,9,Completed
TX000404,SR02243,C0064,F0037,P0049,T029,08-06-2026,29,Pending
TX000405,SR00888,C0287,F0443,P0088,T025,19-07-2026,1,Completed
TX000406,SR02313,C0220,F0723,P0087,T043,20-03-2026,42,Completed
TX000407,SR01958,C0346,F0014,P0032,T036,06-01-2026,24,Completed
TX000408,SR00534,C0002,F0017,P0022,T007,07-02-2026,43,Completed
TX000409,SR00524,C0259,F0741,P0013,T069,20-05-2026,22,Completed
TX000410,SR01356,C0272,F0483,P0093,T060,26-02-2026,28,Completed
TX000411,SR01257,C0121,F0562,P0045,T038,15-07-2026,37,Completed
TX000412,SR00588,C0150,F0221,P0057,T089,07-03-2026,48,Cancelled
TX000413,SR00651,C0354,F0250,P0028,T037,29-04-2026,19,Completed
TX000414,SR02249,C0277,F0377,P0039,T012,24-02-2026,26,Pending
TX000415,SR01885,C0290,F0172,P0041,T085,20-04-2026,16,Completed
TX000416,SR00478,C0468,F0354,P0059,T014,12-06-2026,3,Completed
TX000417,SR01814,C0203,F0764,P0018,T008,10-07-2026,43,Completed
TX000418,SR00385,C0435,F0600,P0079,T048,27-06-2026,28,Completed
TX000419,SR01113,C0488,F0696,P0040,T058,02-05-2026,19,Pending
TX000420,SR00031,C0289,F0398,P0025,T029,20-04-2026,39,Pending
TX000421,SR01624,C0106,F0631,P0002,T084,20-03-2026,41,Completed
TX000422,SR00455,C0210,F0337,P0011,T028,26-08-2026,49,Completed
TX000423,SR00591,C0024,F0494,P0027,T097,26-06-2026,22,Completed
TX000424,SR00475,C0350,F0585,P0074,T064,02-08-2026,6,Completed
TX000425,SR00459,C0137,F0660,P0086,T019,27-06-2026,24,Completed
TX000426,SR00194,C0462,F0741,P0096,T042,21-01-2026,22,Completed
TX000427,SR01387,C0327,F0085,P0030,T008,05-03-2026,11,Completed
TX000428,SR02170,C0245,F0636,P0064,T085,21-04-2026,29,Completed
TX000429,SR00754,C0094,F0568,P0027,T065,17-03-2026,21,Completed
TX000430,SR01950,C0050,F0590,P0015,T043,07-08-2026,44,Completed
TX000431,SR01359,C0337,F0012,P0055,T068,29-04-2026,3,Completed
TX000432,SR00637,C0384,F0391,P0065,T062,22-02-2026,36,Pending
TX000433,SR00155,C0134,F0769,P0077,T060,24-05-2026,30,Completed
TX000434,SR01959,C0006,F0721,P0012,T040,01-04-2026,12,Completed
TX000435,SR00058,C0160,F0185,P0075,T036,31-01-2026,18,Completed
TX000436,SR01056,C0383,F0390,P0031,T026,16-08-2026,43,Completed
TX000437,SR00086,C0291,F0692,P0028,T079,15-08-2026,18,Completed
TX000438,SR01939,C0043,F0745,P0004,T048,06-07-2026,33,Pending
TX000439,SR02475,C0058,F0265,P0021,T047,17-03-2026,26,Completed
TX000440,SR00808,C0054,F0643,P0049,T073,19-07-2026,44,Pending
TX000441,SR00785,C0380,F0668,P0019,T054,11-03-2026,33,Pending
TX000442,SR01412,C0391,F0121,P0033,T096,31-07-2026,41,Completed
TX000443,SR01255,C0204,F0026,P0054,T025,01-08-2026,45,Completed
TX000444,SR00955,C0345,F0038,P0010,T005,11-02-2026,7,Cancelled
TX000445,SR00915,C0011,F0117,P0088,T043,17-03-2026,41,Pending
TX000446,SR00470,C0281,F0593,P0031,T054,17-06-2026,48,Cancelled
TX000447,SR00627,C0137,F0312,P0076,T083,26-02-2026,2,Completed
TX000448,SR01465,C0411,F0549,P0065,T064,12-07-2026,23,Cancelled
TX000449,SR01836,C0245,F0072,P0076,T094,12-06-2026,13,Completed
TX000450,SR01878,C0426,F0482,P0029,T009,24-02-2026,49,Completed
TX000451,SR01292,C0282,F0597,P0018,T054,06-07-2026,18,Completed
TX000452,SR01883,C0229,F0781,P0015,T083,11-01-2026,10,Completed
TX000453,SR01481,C0474,F0256,P0023,T051,03-04-2026,5,Completed
TX000454,SR00891,C0499,F0437,P0055,T028,12-02-2026,39,Completed
TX000455,SR00884,C0228,F0387,P0063,T077,01-01-2026,3,Completed
TX000456,SR01297,C0179,F0279,P0076,T088,27-06-2026,15,Cancelled
TX000457,SR00770,C0324,F0512,P0097,T026,06-02-2026,28,Cancelled
TX000458,SR01910,C0086,F0452,P0084,T056,16-06-2026,3,Pending
TX000459,SR00463,C0194,F0667,P0036,T081,19-01-2026,9,Cancelled
TX000460,SR00137,C0423,F0023,P0048,T016,03-08-2026,49,Pending
TX000461,SR01228,C0449,F0178,P0096,T002,23-08-2026,23,Cancelled
TX000462,SR00180,C0208,F0464,P0072,T074,18-03-2026,15,Completed
TX000463,SR00479,C0196,F0460,P0042,T076,27-04-2026,43,Completed
TX000464,SR00941,C0438,F0722,P0084,T016,30-05-2026,4,Pending
TX000465,SR00011,C0102,F0540,P0014,T060,22-05-2026,13,Completed
TX000466,SR00559,C0031,F0004,P0068,T073,07-01-2026,43,Pending
TX000467,SR01362,C0037,F0392,P0095,T097,24-08-2026,37,Completed
TX000468,SR00937,C0056,F0677,P0053,T081,13-08-2026,22,Completed
TX000469,SR02241,C0440,F0699,P0062,T022,27-04-2026,49,Completed
TX000470,SR00235,C0021,F0642,P0006,T058,14-05-2026,29,Pending
TX000471,SR01800,C0167,F0382,P0061,T074,10-02-2026,37,Completed
TX000472,SR01481,C0302,F0085,P0030,T028,29-06-2026,49,Completed
TX000473,SR01611,C0305,F0171,P0100,T017,04-05-2026,25,Completed
TX000474,SR01680,C0416,F0678,P0032,T044,10-03-2026,24,Completed
TX000475,SR00131,C0491,F0273,P0032,T072,15-03-2026,33,Completed
TX000476,SR01980,C0202,F0611,P0040,T053,20-01-2026,4,Completed
TX000477,SR00829,C0117,F0029,P0070,T061,09-07-2026,22,Completed
TX000478,SR01627,C0046,F0393,P0096,T067,16-01-2026,34,Cancelled
TX000479,SR00735,C0446,F0761,P0035,T096,16-05-2026,19,Completed
TX000480,SR00991,C0187,F0197,P0021,T064,15-07-2026,35,Cancelled
TX000481,SR01751,C0450,F0025,P0077,T014,13-01-2026,20,Pending
TX000482,SR02338,C0175,F0231,P0055,T041,06-02-2026,10,Pending
TX000483,SR02195,C0379,F0051,P0046,T017,02-07-2026,8,Pending
TX000484,SR01816,C0322,F0490,P0100,T076,17-07-2026,27,Completed
TX000485,SR01347,C0357,F0154,P0050,T100,20-01-2026,10,Completed
TX000486,SR01320,C0327,F0198,P0062,T078,05-03-2026,19,Completed
TX000487,SR02415,C0154,F0471,P0099,T025,26-05-2026,26,Completed
TX000488,SR00518,C0052,F0261,P0021,T070,10-05-2026,3,Completed
TX000489,SR02386,C0006,F0521,P0091,T003,05-05-2026,21,Completed
TX000490,SR01623,C0211,F0745,P0097,T028,04-03-2026,16,Pending
TX000491,SR01541,C0446,F0746,P0048,T031,10-05-2026,16,Completed
TX000492,SR01480,C0322,F0584,P0034,T047,13-01-2026,45,Completed
TX000493,SR02032,C0338,F0775,P0017,T033,29-07-2026,46,Completed
TX000494,SR01709,C0130,F0589,P0005,T044,11-05-2026,15,Completed
TX000495,SR00238,C0244,F0055,P0099,T001,31-03-2026,44,Completed
TX000496,SR01953,C0204,F0765,P0044,T082,30-03-2026,11,Pending
TX000497,SR01822,C0069,F0454,P0067,T040,30-03-2026,17,Completed
TX000498,SR02288,C0307,F0005,P0025,T081,15-04-2026,47,Cancelled
TX000499,SR02342,C0182,F0497,P0033,T006,16-02-2026,5,Completed
TX000500,SR02373,C0202,F0196,P0082,T087,25-05-2026,19,Completed
TX000501,SR00107,C0299,F0428,P0066,T063,14-02-2026,40,Completed
TX000502,SR01576,C0016,F0527,P0022,T024,17-03-2026,47,Completed
TX000503,SR02337,C0469,F0023,P0001,T076,29-07-2026,47,Completed
TX000504,SR02415,C0112,F0351,P0082,T075,16-05-2026,44,Completed
TX000505,SR01374,C0340,F0045,P0009,T073,05-08-2026,48,Pending
TX000506,SR02279,C0389,F0091,P0004,T088,07-06-2026,24,Completed
TX000507,SR02202,C0077,F0170,P0031,T096,08-07-2026,16,Completed
TX000508,SR00007,C0125,F0625,P0093,T017,22-01-2026,19,Cancelled
TX000509,SR02213,C0207,F0331,P0065,T029,02-05-2026,6,Completed
TX000510,SR01595,C0409,F0038,P0005,T004,26-03-2026,7,Completed
TX000511,SR01435,C0318,F0598,P0092,T007,05-01-2026,48,Completed
TX000512,SR00447,C0234,F0436,P0094,T011,22-01-2026,10,Completed
TX000513,SR02297,C0425,F0114,P0070,T070,15-02-2026,31,Pending
TX000514,SR00738,C0237,F0450,P0008,T061,02-01-2026,12,Completed
TX000515,SR01045,C0443,F0200,P0002,T004,15-04-2026,33,Completed
TX000516,SR00744,C0386,F0509,P0088,T043,13-01-2026,24,Completed
TX000517,SR02425,C0087,F0759,P0083,T012,17-07-2026,6,Completed
TX000518,SR01208,C0192,F0253,P0084,T020,23-05-2026,19,Completed
TX000519,SR00286,C0013,F0597,P0049,T006,20-08-2026,36,Completed
TX000520,SR00028,C0120,F0019,P0060,T053,21-01-2026,40,Cancelled
TX000521,SR02451,C0012,F0326,P0018,T009,20-01-2026,15,Completed
TX000522,SR00590,C0053,F0712,P0004,T079,28-07-2026,15,Completed
TX000523,SR01927,C0003,F0060,P0023,T094,05-04-2026,36,Completed
TX000524,SR00073,C0336,F0744,P0063,T086,02-07-2026,21,Completed
TX000525,SR02242,C0205,F0075,P0041,T083,15-02-2026,4,Completed
TX000526,SR01627,C0235,F0386,P0062,T076,03-01-2026,7,Cancelled
TX000527,SR00562,C0383,F0145,P0045,T092,30-04-2026,19,Pending
TX000528,SR02224,C0405,F0017,P0056,T089,18-05-2026,14,Completed
TX000529,SR00745,C0267,F0280,P0096,T022,27-01-2026,6,Pending
TX000530,SR02495,C0229,F0465,P0064,T061,03-01-2026,39,Pending
TX000531,SR01499,C0325,F0578,P0096,T031,20-02-2026,23,Completed
TX000532,SR01122,C0208,F0253,P0097,T084,27-01-2026,35,Cancelled
TX000533,SR00147,C0222,F0394,P0062,T002,28-08-2026,1,Pending
TX000534,SR00651,C0150,F0146,P0100,T042,26-08-2026,20,Pending
TX000535,SR00146,C0095,F0584,P0025,T038,04-01-2026,24,Completed
TX000536,SR02133,C0100,F0136,P0053,T086,20-04-2026,29,Completed
TX000537,SR00251,C0328,F0689,P0008,T030,03-04-2026,48,Pending
TX000538,SR00283,C0416,F0144,P0010,T090,07-01-2026,23,Completed
TX000539,SR00312,C0212,F0532,P0014,T050,09-06-2026,24,Cancelled
TX000540,SR02436,C0048,F0265,P0014,T069,24-07-2026,44,Completed
TX000541,SR02427,C0306,F0798,P0042,T054,27-05-2026,20,Completed
TX000542,SR01788,C0452,F0225,P0073,T044,09-08-2026,20,Pending
TX000543,SR00185,C0264,F0759,P0099,T031,02-06-2026,8,Completed
TX000544,SR01260,C0014,F0670,P0099,T029,12-05-2026,36,Completed
TX000545,SR02372,C0041,F0375,P0018,T065,16-08-2026,1,Pending
TX000546,SR00242,C0262,F0397,P0044,T033,19-06-2026,11,Pending
TX000547,SR01984,C0431,F0284,P0044,T087,03-07-2026,21,Completed
TX000548,SR00046,C0030,F0343,P0010,T014,07-07-2026,22,Completed
TX000549,SR02010,C0377,F0373,P0004,T022,08-01-2026,2,Completed
TX000550,SR01362,C0390,F0117,P0036,T005,26-06-2026,26,Completed
TX000551,SR02220,C0026,F0259,P0086,T087,29-06-2026,48,Pending
TX000552,SR01035,C0106,F0701,P0039,T042,29-04-2026,6,Completed
TX000553,SR01964,C0002,F0784,P0039,T004,16-05-2026,25,Completed
TX000554,SR02107,C0283,F0044,P0100,T005,19-07-2026,29,Completed
TX000555,SR00813,C0088,F0586,P0038,T092,04-02-2026,16,Completed
TX000556,SR01606,C0459,F0192,P0069,T089,07-05-2026,29,Completed
TX000557,SR01153,C0046,F0524,P0099,T028,04-07-2026,17,Completed
TX000558,SR01080,C0325,F0498,P0012,T065,04-03-2026,8,Pending
TX000559,SR02000,C0394,F0704,P0052,T026,05-03-2026,42,Cancelled
TX000560,SR00566,C0090,F0562,P0034,T085,01-01-2026,49,Completed
TX000561,SR00300,C0127,F0659,P0012,T072,16-03-2026,19,Pending
TX000562,SR01202,C0399,F0641,P0005,T045,28-03-2026,5,Completed
TX000563,SR02055,C0047,F0518,P0065,T093,17-08-2026,9,Completed
TX000564,SR00408,C0221,F0329,P0066,T023,20-01-2026,44,Completed
TX000565,SR00851,C0126,F0270,P0057,T100,05-06-2026,44,Completed
TX000566,SR01668,C0007,F0278,P0068,T030,16-01-2026,25,Completed
TX000567,SR01193,C0226,F0287,P0072,T089,11-07-2026,43,Cancelled
TX000568,SR01515,C0244,F0231,P0006,T086,23-04-2026,11,Completed
TX000569,SR01321,C0174,F0249,P0004,T057,13-04-2026,20,Completed
TX000570,SR02026,C0407,F0455,P0034,T013,15-08-2026,6,Completed
TX000571,SR02189,C0049,F0217,P0057,T076,29-06-2026,27,Cancelled
TX000572,SR01124,C0215,F0279,P0091,T070,26-01-2026,35,Completed
TX000573,SR01080,C0091,F0568,P0098,T087,05-03-2026,48,Cancelled
TX000574,SR00697,C0380,F0263,P0083,T023,07-03-2026,37,Cancelled
TX000575,SR01110,C0279,F0086,P0030,T024,27-05-2026,33,Completed
TX000576,SR02091,C0353,F0014,P0058,T036,19-07-2026,33,Completed
TX000577,SR01255,C0054,F0613,P0012,T037,03-06-2026,31,Completed
TX000578,SR01728,C0229,F0759,P0049,T001,07-04-2026,21,Completed
TX000579,SR01047,C0026,F0547,P0010,T016,29-06-2026,25,Completed
TX000580,SR01767,C0162,F0049,P0100,T048,02-07-2026,9,Pending
TX000581,SR01782,C0473,F0451,P0046,T097,20-01-2026,1,Cancelled
TX000582,SR01321,C0364,F0217,P0073,T013,11-05-2026,39,Completed
TX000583,SR02337,C0040,F0257,P0011,T025,20-06-2026,25,Completed
TX000584,SR02190,C0185,F0738,P0096,T086,25-05-2026,43,Completed
TX000585,SR00397,C0436,F0660,P0053,T004,28-02-2026,6,Completed
TX000586,SR00570,C0086,F0589,P0008,T010,08-02-2026,20,Completed
TX000587,SR02387,C0379,F0401,P0037,T089,11-03-2026,13,Cancelled
TX000588,SR01005,C0161,F0463,P0022,T026,26-03-2026,42,Completed
TX000589,SR00776,C0239,F0733,P0007,T031,10-08-2026,19,Completed
TX000590,SR01991,C0439,F0529,P0004,T002,30-05-2026,32,Completed
TX000591,SR01506,C0337,F0464,P0072,T041,20-07-2026,5,Completed
TX000592,SR00333,C0142,F0078,P0087,T100,07-01-2026,26,Cancelled
TX000593,SR00230,C0005,F0798,P0067,T099,08-07-2026,22,Cancelled
TX000594,SR02021,C0118,F0647,P0070,T065,15-02-2026,30,Completed
TX000595,SR01913,C0209,F0292,P0004,T068,16-05-2026,29,Completed
TX000596,SR00882,C0067,F0201,P0018,T065,03-04-2026,6,Pending
TX000597,SR02157,C0442,F0775,P0004,T070,27-07-2026,3,Completed
TX000598,SR00314,C0028,F0765,P0098,T052,11-06-2026,7,Completed
TX000599,SR02173,C0271,F0337,P0074,T021,21-04-2026,11,Cancelled
TX000600,SR00198,C0489,F0186,P0096,T087,03-05-2026,36,Completed
TX000601,SR01591,C0168,F0639,P0091,T088,19-06-2026,14,Completed
TX000602,SR02108,C0269,F0501,P0023,T015,22-06-2026,48,Completed
TX000603,SR01549,C0037,F0721,P0052,T010,18-05-2026,5,Completed
TX000604,SR01947,C0365,F0437,P0065,T080,24-06-2026,25,Pending
TX000605,SR00860,C0489,F0442,P0075,T005,09-07-2026,36,Pending
TX000606,SR00721,C0387,F0115,P0067,T081,08-01-2026,3,Completed
TX000607,SR00665,C0075,F0483,P0046,T099,30-03-2026,26,Completed
TX000608,SR00291,C0177,F0291,P0001,T004,05-08-2026,4,Pending
TX000609,SR00694,C0362,F0165,P0094,T080,19-03-2026,39,Completed
TX000610,SR00619,C0400,F0626,P0069,T014,17-07-2026,23,Completed
TX000611,SR01892,C0202,F0277,P0084,T030,12-05-2026,43,Completed
TX000612,SR00533,C0481,F0171,P0023,T055,07-03-2026,33,Completed
TX000613,SR00415,C0102,F0769,P0011,T069,26-03-2026,16,Completed
TX000614,SR01833,C0371,F0771,P0091,T010,27-04-2026,8,Completed
TX000615,SR01345,C0249,F0396,P0081,T011,30-01-2026,8,Completed
TX000616,SR00539,C0356,F0237,P0084,T029,15-03-2026,2,Completed
TX000617,SR01765,C0299,F0130,P0045,T069,13-06-2026,15,Completed
TX000618,SR00541,C0217,F0502,P0091,T041,06-08-2026,36,Completed
TX000619,SR01964,C0408,F0489,P0023,T028,17-08-2026,18,Pending
TX000620,SR00081,C0421,F0496,P0076,T016,02-04-2026,8,Completed
TX000621,SR01476,C0409,F0615,P0050,T097,10-07-2026,4,Completed
TX000622,SR01493,C0045,F0377,P0017,T071,06-04-2026,22,Completed
TX000623,SR00933,C0212,F0547,P0072,T099,13-07-2026,11,Completed
TX000624,SR01723,C0375,F0525,P0037,T050,07-08-2026,36,Completed
TX000625,SR00950,C0434,F0637,P0016,T082,17-04-2026,17,Completed
TX000626,SR01634,C0181,F0595,P0071,T064,25-05-2026,7,Completed
TX000627,SR00559,C0371,F0029,P0078,T053,28-07-2026,14,Completed
TX000628,SR01422,C0283,F0496,P0033,T048,03-02-2026,22,Completed
TX000629,SR01891,C0111,F0781,P0097,T051,01-03-2026,2,Pending
TX000630,SR02416,C0447,F0448,P0072,T042,31-05-2026,6,Completed
TX000631,SR00901,C0223,F0424,P0003,T064,12-02-2026,48,Cancelled
TX000632,SR01182,C0303,F0486,P0034,T050,10-07-2026,18,Completed
TX000633,SR01191,C0145,F0448,P0098,T098,05-03-2026,37,Completed
TX000634,SR02151,C0013,F0322,P0018,T090,23-03-2026,45,Completed
TX000635,SR02407,C0227,F0796,P0096,T047,14-07-2026,6,Pending
TX000636,SR01616,C0362,F0057,P0052,T040,07-05-2026,34,Completed
TX000637,SR02056,C0164,F0652,P0068,T076,09-07-2026,41,Cancelled
TX000638,SR00211,C0465,F0128,P0069,T065,31-05-2026,2,Pending
TX000639,SR01899,C0376,F0166,P0052,T024,04-05-2026,16,Completed
TX000640,SR02026,C0322,F0486,P0052,T084,03-05-2026,7,Completed
TX000641,SR01788,C0404,F0511,P0057,T069,12-07-2026,2,Completed
TX000642,SR01461,C0431,F0742,P0065,T063,28-08-2026,15,Completed
TX000643,SR02249,C0361,F0236,P0074,T079,06-01-2026,9,Cancelled
TX000644,SR01634,C0413,F0021,P0044,T023,02-05-2026,44,Pending
TX000645,SR02116,C0357,F0205,P0044,T080,07-07-2026,12,Completed
TX000646,SR00451,C0431,F0436,P0078,T013,04-06-2026,37,Completed
TX000647,SR01664,C0052,F0286,P0076,T080,27-04-2026,3,Completed
TX000648,SR01094,C0173,F0202,P0065,T060,10-07-2026,31,Pending
TX000649,SR02171,C0444,F0732,P0047,T059,23-04-2026,35,Completed
TX000650,SR02202,C0238,F0450,P0058,T073,02-02-2026,8,Completed
TX000651,SR02110,C0008,F0538,P0058,T032,07-03-2026,22,Completed
TX000652,SR00539,C0425,F0600,P0044,T077,11-01-2026,46,Cancelled
TX000653,SR01231,C0328,F0328,P0018,T003,18-06-2026,31,Completed
TX000654,SR00001,C0456,F0589,P0054,T070,22-08-2026,40,Completed
TX000655,SR02450,C0009,F0772,P0045,T080,02-04-2026,21,Cancelled
TX000656,SR00644,C0074,F0580,P0006,T001,25-06-2026,12,Pending
TX000657,SR01562,C0256,F0238,P0096,T070,24-08-2026,24,Completed
TX000658,SR01219,C0091,F0624,P0067,T078,05-04-2026,20,Pending
TX000659,SR02262,C0261,F0189,P0012,T053,31-07-2026,49,Completed
TX000660,SR02054,C0174,F0059,P0021,T061,05-01-2026,21,Completed
TX000661,SR01943,C0106,F0356,P0058,T006,12-06-2026,31,Completed
TX000662,SR01609,C0386,F0408,P0087,T099,09-02-2026,29,Completed
TX000663,SR00299,C0020,F0376,P0049,T097,07-07-2026,19,Pending
TX000664,SR02298,C0438,F0210,P0082,T077,03-01-2026,19,Completed
TX000665,SR00157,C0077,F0219,P0013,T002,19-07-2026,42,Completed
TX000666,SR01139,C0291,F0738,P0053,T044,06-04-2026,11,Pending
TX000667,SR00949,C0496,F0234,P0083,T082,26-02-2026,21,Completed
TX000668,SR00978,C0057,F0627,P0085,T068,14-05-2026,33,Completed
TX000669,SR02444,C0464,F0207,P0025,T091,26-08-2026,3,Completed
TX000670,SR00579,C0152,F0087,P0068,T062,08-02-2026,34,Pending
TX000671,SR01450,C0371,F0051,P0004,T072,16-03-2026,41,Completed
TX000672,SR00546,C0429,F0195,P0015,T034,03-06-2026,22,Cancelled
TX000673,SR02279,C0116,F0674,P0091,T082,23-01-2026,29,Pending
TX000674,SR01841,C0174,F0365,P0075,T054,18-08-2026,24,Pending
TX000675,SR01038,C0431,F0557,P0021,T081,06-05-2026,33,Pending
TX000676,SR00201,C0052,F0771,P0100,T021,26-08-2026,3,Completed
TX000677,SR00382,C0055,F0039,P0100,T027,10-04-2026,31,Cancelled
TX000678,SR00607,C0152,F0088,P0005,T009,19-07-2026,23,Completed
TX000679,SR01016,C0302,F0737,P0003,T068,21-03-2026,2,Completed
TX000680,SR02215,C0404,F0455,P0025,T074,17-04-2026,40,Completed
TX000681,SR00299,C0282,F0495,P0080,T029,25-03-2026,8,Pending
TX000682,SR01443,C0247,F0274,P0060,T039,12-05-2026,29,Completed
TX000683,SR00869,C0436,F0662,P0052,T057,23-02-2026,42,Pending
TX000684,SR00117,C0086,F0518,P0042,T076,01-05-2026,46,Cancelled
TX000685,SR01549,C0451,F0207,P0048,T031,21-07-2026,31,Completed
TX000686,SR01761,C0157,F0519,P0064,T049,07-02-2026,36,Completed
TX000687,SR02399,C0138,F0004,P0007,T019,10-07-2026,29,Completed
TX000688,SR01267,C0477,F0193,P0059,T081,25-07-2026,39,Completed
TX000689,SR00814,C0323,F0164,P0023,T088,09-01-2026,48,Completed
TX000690,SR02137,C0216,F0629,P0079,T074,12-06-2026,23,Completed
TX000691,SR00619,C0166,F0589,P0020,T082,27-04-2026,21,Completed
TX000692,SR01707,C0221,F0074,P0008,T077,03-06-2026,9,Completed
TX000693,SR02359,C0396,F0726,P0044,T084,12-03-2026,48,Completed
TX000694,SR00012,C0077,F0655,P0045,T043,22-02-2026,45,Completed
TX000695,SR02313,C0088,F0348,P0052,T021,10-03-2026,35,Completed
TX000696,SR00515,C0153,F0170,P0087,T097,06-02-2026,33,Pending
TX000697,SR01204,C0242,F0337,P0070,T001,08-04-2026,11,Completed
TX000698,SR00645,C0408,F0472,P0037,T041,29-07-2026,45,Completed
TX000699,SR00362,C0106,F0505,P0073,T073,06-07-2026,3,Completed
TX000700,SR01756,C0394,F0278,P0051,T080,13-02-2026,31,Completed
TX000701,SR01206,C0454,F0082,P0023,T069,14-05-2026,13,Pending
TX000702,SR01274,C0218,F0488,P0003,T049,18-01-2026,23,Completed
TX000703,SR01210,C0481,F0565,P0001,T093,15-01-2026,5,Completed
TX000704,SR01869,C0447,F0214,P0023,T024,31-05-2026,7,Pending
TX000705,SR02416,C0399,F0512,P0082,T015,14-03-2026,19,Pending
TX000706,SR01283,C0191,F0456,P0047,T063,19-06-2026,20,Completed
TX000707,SR00389,C0151,F0402,P0046,T033,07-02-2026,44,Completed
TX000708,SR00819,C0433,F0007,P0040,T047,29-01-2026,30,Completed
TX000709,SR01241,C0221,F0246,P0026,T046,21-06-2026,2,Completed
TX000710,SR00260,C0016,F0300,P0072,T027,19-02-2026,46,Pending
TX000711,SR00573,C0359,F0668,P0002,T100,14-01-2026,30,Completed
TX000712,SR00507,C0174,F0662,P0062,T039,09-07-2026,41,Completed
TX000713,SR02433,C0468,F0700,P0094,T068,19-06-2026,46,Completed
TX000714,SR01002,C0428,F0371,P0089,T016,12-08-2026,26,Cancelled
TX000715,SR02198,C0053,F0262,P0037,T100,24-05-2026,9,Completed
TX000716,SR01379,C0451,F0400,P0086,T099,25-04-2026,22,Pending
TX000717,SR01266,C0475,F0634,P0024,T007,10-06-2026,34,Completed
TX000718,SR02347,C0379,F0498,P0025,T065,10-07-2026,2,Pending
TX000719,SR01730,C0138,F0481,P0035,T060,01-06-2026,47,Pending
TX000720,SR00600,C0335,F0348,P0002,T018,18-03-2026,18,Pending
TX000721,SR00705,C0435,F0558,P0027,T077,02-08-2026,33,Cancelled
TX000722,SR01666,C0408,F0694,P0086,T077,18-06-2026,49,Cancelled
TX000723,SR00006,C0216,F0535,P0077,T085,30-07-2026,43,Cancelled
TX000724,SR00382,C0354,F0323,P0033,T061,14-05-2026,37,Completed
TX000725,SR00186,C0193,F0672,P0032,T071,18-04-2026,15,Completed
TX000726,SR01785,C0128,F0755,P0035,T073,22-07-2026,26,Completed
TX000727,SR01104,C0337,F0638,P0012,T077,27-05-2026,25,Completed
TX000728,SR00029,C0234,F0702,P0016,T059,06-07-2026,43,Completed
TX000729,SR01855,C0113,F0213,P0100,T075,02-08-2026,2,Completed
TX000730,SR01640,C0331,F0337,P0070,T007,10-03-2026,2,Cancelled
TX000731,SR01797,C0161,F0200,P0068,T062,16-02-2026,6,Completed
TX000732,SR00409,C0294,F0293,P0029,T021,05-02-2026,47,Completed
TX000733,SR02188,C0181,F0587,P0086,T041,24-05-2026,27,Completed
TX000734,SR00451,C0443,F0542,P0018,T077,13-07-2026,35,Completed
TX000735,SR01428,C0426,F0003,P0097,T012,23-08-2026,5,Completed
TX000736,SR01398,C0237,F0605,P0051,T076,08-01-2026,1,Completed
TX000737,SR00547,C0356,F0154,P0034,T026,01-01-2026,32,Completed
TX000738,SR00939,C0089,F0149,P0076,T076,12-06-2026,35,Pending
TX000739,SR00131,C0499,F0435,P0042,T077,06-03-2026,21,Completed
TX000740,SR01179,C0108,F0193,P0027,T002,25-04-2026,5,Pending
TX000741,SR01693,C0434,F0771,P0069,T024,19-01-2026,24,Pending
TX000742,SR00773,C0424,F0118,P0073,T081,19-01-2026,32,Completed
TX000743,SR01345,C0090,F0122,P0061,T035,07-05-2026,11,Completed
TX000744,SR02384,C0005,F0609,P0047,T044,15-06-2026,15,Pending
TX000745,SR00587,C0369,F0230,P0033,T002,01-08-2026,37,Pending
TX000746,SR00727,C0435,F0572,P0041,T070,26-04-2026,11,Completed
TX000747,SR00300,C0359,F0546,P0088,T010,04-06-2026,5,Completed
TX000748,SR01356,C0028,F0152,P0036,T028,26-07-2026,31,Completed
TX000749,SR00510,C0323,F0464,P0097,T048,14-04-2026,2,Completed
TX000750,SR02136,C0196,F0430,P0015,T077,20-02-2026,22,Completed
TX000751,SR00728,C0458,F0076,P0017,T050,18-07-2026,28,Pending
TX000752,SR01661,C0401,F0612,P0034,T099,01-01-2026,4,Completed
TX000753,SR00474,C0400,F0686,P0001,T053,08-03-2026,33,Completed
TX000754,SR00807,C0204,F0758,P0088,T026,01-02-2026,41,Completed
TX000755,SR00428,C0162,F0071,P0035,T020,04-06-2026,48,Completed
TX000756,SR01382,C0412,F0143,P0011,T079,06-03-2026,14,Completed
TX000757,SR00070,C0058,F0661,P0062,T046,24-03-2026,17,Completed
TX000758,SR00208,C0051,F0244,P0096,T061,06-06-2026,31,Pending
TX000759,SR01254,C0032,F0501,P0100,T038,13-03-2026,30,Pending
TX000760,SR01365,C0256,F0279,P0011,T028,29-03-2026,30,Completed
TX000761,SR00825,C0038,F0175,P0080,T060,30-04-2026,16,Completed
TX000762,SR01079,C0292,F0500,P0037,T030,29-01-2026,3,Completed
TX000763,SR01042,C0084,F0165,P0084,T100,13-08-2026,2,Pending
TX000764,SR01895,C0446,F0110,P0061,T074,24-08-2026,49,Completed
TX000765,SR01117,C0217,F0425,P0074,T082,21-06-2026,20,Pending
TX000766,SR02120,C0047,F0155,P0084,T029,26-01-2026,22,Completed
TX000767,SR00543,C0347,F0154,P0090,T003,24-04-2026,31,Completed
TX000768,SR00500,C0170,F0625,P0015,T005,27-03-2026,11,Completed
TX000769,SR01010,C0131,F0423,P0073,T086,09-02-2026,19,Completed
TX000770,SR00204,C0330,F0434,P0015,T088,30-07-2026,22,Completed
TX000771,SR01678,C0478,F0115,P0095,T068,10-04-2026,5,Completed
TX000772,SR00977,C0490,F0129,P0063,T059,06-06-2026,30,Completed
TX000773,SR00916,C0218,F0313,P0020,T021,15-06-2026,10,Cancelled
TX000774,SR01336,C0425,F0311,P0030,T076,18-03-2026,1,Completed
TX000775,SR00206,C0105,F0362,P0090,T052,25-03-2026,31,Pending
TX000776,SR00943,C0424,F0108,P0065,T061,21-08-2026,15,Cancelled
TX000777,SR02431,C0472,F0719,P0023,T003,17-07-2026,36,Completed
TX000778,SR01572,C0259,F0291,P0083,T052,01-05-2026,27,Completed
TX000779,SR01435,C0262,F0653,P0072,T070,09-05-2026,2,Completed
TX000780,SR01265,C0283,F0321,P0008,T077,02-01-2026,35,Pending
TX000781,SR01172,C0037,F0378,P0029,T015,19-02-2026,2,Cancelled
TX000782,SR02342,C0430,F0090,P0085,T004,02-01-2026,16,Cancelled
TX000783,SR02326,C0369,F0542,P0036,T086,13-07-2026,34,Completed
TX000784,SR01024,C0435,F0048,P0004,T032,14-08-2026,20,Cancelled
TX000785,SR02312,C0058,F0599,P0061,T048,08-02-2026,19,Completed
TX000786,SR00207,C0402,F0706,P0090,T063,09-03-2026,11,Completed
TX000787,SR00800,C0182,F0290,P0056,T050,26-03-2026,22,Completed
TX000788,SR00755,C0410,F0711,P0098,T095,14-07-2026,15,Completed
TX000789,SR01744,C0497,F0560,P0012,T085,08-04-2026,47,Completed
TX000790,SR01515,C0440,F0003,P0067,T040,11-01-2026,34,Completed
TX000791,SR01182,C0458,F0163,P0065,T020,21-05-2026,45,Cancelled
TX000792,SR00641,C0057,F0513,P0099,T098,05-02-2026,17,Completed
TX000793,SR01268,C0165,F0562,P0053,T071,04-06-2026,47,Pending
TX000794,SR00673,C0147,F0075,P0083,T076,25-07-2026,14,Completed
TX000795,SR01244,C0257,F0548,P0015,T047,17-01-2026,16,Completed
TX000796,SR00849,C0489,F0649,P0005,T049,27-08-2026,15,Completed
TX000797,SR02222,C0343,F0074,P0072,T019,09-06-2026,29,Pending
TX000798,SR01866,C0273,F0704,P0001,T043,13-01-2026,31,Pending
TX000799,SR00439,C0403,F0427,P0088,T055,22-02-2026,4,Completed
TX000800,SR02351,C0089,F0494,P0003,T013,10-02-2026,28,Completed
TX000801,SR01647,C0331,F0041,P0069,T064,01-08-2026,47,Completed
TX000802,SR00876,C0252,F0491,P0046,T062,23-06-2026,20,Completed
TX000803,SR01327,C0102,F0364,P0065,T085,31-03-2026,35,Completed
TX000804,SR00489,C0323,F0298,P0063,T006,08-05-2026,31,Pending
TX000805,SR00118,C0421,F0625,P0045,T023,25-03-2026,49,Completed
TX000806,SR01052,C0415,F0200,P0049,T043,08-04-2026,32,Completed
TX000807,SR01956,C0422,F0048,P0051,T088,03-06-2026,24,Completed
TX000808,SR00880,C0407,F0400,P0068,T024,16-02-2026,1,Cancelled
TX000809,SR00961,C0235,F0595,P0072,T098,02-07-2026,40,Completed
TX000810,SR02476,C0025,F0107,P0045,T096,15-08-2026,17,Completed
TX000811,SR02469,C0483,F0788,P0036,T010,22-08-2026,46,Pending
TX000812,SR01160,C0227,F0538,P0005,T037,11-02-2026,12,Completed
TX000813,SR00111,C0317,F0748,P0078,T026,09-04-2026,22,Completed
TX000814,SR01699,C0011,F0377,P0023,T049,05-03-2026,41,Completed
TX000815,SR01787,C0445,F0099,P0044,T093,02-06-2026,8,Pending
TX000816,SR02285,C0445,F0143,P0100,T038,19-03-2026,14,Pending
TX000817,SR02371,C0465,F0401,P0079,T067,05-04-2026,39,Completed
TX000818,SR01573,C0087,F0471,P0035,T014,03-02-2026,16,Completed
TX000819,SR00268,C0422,F0588,P0048,T058,15-05-2026,47,Completed
TX000820,SR00624,C0313,F0637,P0033,T036,09-05-2026,27,Completed
TX000821,SR01792,C0074,F0611,P0063,T092,13-05-2026,41,Completed
TX000822,SR01519,C0286,F0472,P0016,T078,23-03-2026,27,Completed
TX000823,SR01090,C0239,F0015,P0096,T022,01-07-2026,3,Completed
TX000824,SR01005,C0313,F0424,P0099,T063,26-05-2026,40,Cancelled
TX000825,SR01774,C0042,F0656,P0030,T035,12-02-2026,21,Completed
TX000826,SR01056,C0282,F0679,P0024,T044,30-03-2026,20,Completed
TX000827,SR00387,C0339,F0668,P0054,T047,08-06-2026,37,Completed
TX000828,SR02449,C0358,F0009,P0065,T083,28-01-2026,14,Pending
TX000829,SR00874,C0385,F0349,P0065,T030,26-03-2026,21,Pending
TX000830,SR00697,C0314,F0494,P0005,T001,29-07-2026,30,Cancelled
TX000831,SR00174,C0351,F0199,P0072,T020,17-04-2026,30,Completed
TX000832,SR01173,C0046,F0328,P0007,T083,03-05-2026,36,Completed
TX000833,SR02466,C0399,F0078,P0035,T030,13-06-2026,5,Completed
TX000834,SR00400,C0184,F0155,P0072,T006,19-03-2026,49,Pending
TX000835,SR00612,C0274,F0005,P0089,T041,18-07-2026,30,Completed
TX000836,SR00447,C0274,F0784,P0064,T088,04-01-2026,31,Completed
TX000837,SR00236,C0489,F0688,P0016,T088,24-04-2026,44,Completed
TX000838,SR01509,C0163,F0324,P0069,T095,24-05-2026,25,Completed
TX000839,SR00746,C0193,F0004,P0004,T069,27-02-2026,2,Completed
TX000840,SR01878,C0381,F0269,P0024,T082,07-07-2026,7,Completed
TX000841,SR01002,C0318,F0348,P0013,T078,20-01-2026,47,Completed
TX000842,SR01592,C0159,F0136,P0099,T002,06-06-2026,49,Completed
TX000843,SR00224,C0173,F0530,P0037,T042,02-06-2026,5,Completed
TX000844,SR00824,C0415,F0799,P0056,T053,09-07-2026,34,Completed
TX000845,SR01036,C0418,F0676,P0080,T047,19-02-2026,33,Pending
TX000846,SR00150,C0074,F0685,P0097,T083,07-02-2026,9,Completed
TX000847,SR01049,C0200,F0665,P0100,T099,20-05-2026,39,Completed
TX000848,SR01176,C0385,F0056,P0017,T055,22-08-2026,23,Completed
TX000849,SR01010,C0060,F0442,P0040,T010,08-07-2026,12,Pending
TX000850,SR01261,C0092,F0453,P0041,T036,20-02-2026,28,Pending
TX000851,SR01994,C0080,F0081,P0080,T020,08-04-2026,45,Completed
TX000852,SR01927,C0265,F0118,P0034,T048,06-03-2026,11,Completed
TX000853,SR00036,C0226,F0453,P0024,T024,07-07-2026,31,Pending
TX000854,SR01601,C0161,F0573,P0076,T009,03-05-2026,36,Pending
TX000855,SR02261,C0068,F0168,P0050,T018,15-04-2026,31,Completed
TX000856,SR02179,C0319,F0388,P0075,T050,02-01-2026,32,Completed
TX000857,SR00809,C0404,F0061,P0038,T015,02-06-2026,36,Completed
TX000858,SR01958,C0107,F0089,P0049,T003,17-04-2026,12,Pending
TX000859,SR02003,C0334,F0465,P0001,T029,10-01-2026,5,Completed
TX000860,SR00915,C0398,F0446,P0002,T065,16-02-2026,49,Cancelled
TX000861,SR02173,C0279,F0601,P0001,T064,24-06-2026,16,Completed
TX000862,SR01581,C0287,F0729,P0018,T040,29-06-2026,47,Completed
TX000863,SR01878,C0084,F0152,P0035,T067,29-04-2026,14,Pending
TX000864,SR01869,C0479,F0273,P0006,T020,01-07-2026,14,Pending
TX000865,SR01954,C0479,F0685,P0017,T073,27-06-2026,2,Pending
TX000866,SR02393,C0356,F0041,P0085,T002,28-05-2026,22,Completed
TX000867,SR02144,C0452,F0663,P0086,T014,20-02-2026,47,Cancelled
TX000868,SR01056,C0304,F0757,P0029,T093,12-04-2026,44,Cancelled
TX000869,SR01406,C0331,F0080,P0095,T047,15-07-2026,15,Cancelled
TX000870,SR01621,C0415,F0114,P0012,T056,16-03-2026,20,Completed
TX000871,SR02142,C0020,F0548,P0004,T040,08-06-2026,33,Pending
TX000872,SR00982,C0110,F0381,P0036,T065,18-07-2026,47,Completed
TX000873,SR00783,C0102,F0791,P0027,T075,08-05-2026,30,Completed
TX000874,SR01845,C0317,F0436,P0008,T078,02-05-2026,10,Completed
TX000875,SR02386,C0122,F0525,P0085,T025,15-02-2026,18,Completed
TX000876,SR02280,C0196,F0190,P0098,T063,30-04-2026,36,Cancelled
TX000877,SR00370,C0247,F0260,P0028,T079,11-01-2026,2,Completed
TX000878,SR02299,C0372,F0142,P0032,T042,28-01-2026,30,Completed
TX000879,SR01973,C0259,F0118,P0072,T039,11-05-2026,38,Pending
TX000880,SR00393,C0013,F0091,P0094,T063,22-02-2026,17,Completed
TX000881,SR00017,C0344,F0715,P0029,T058,25-03-2026,27,Completed
TX000882,SR00511,C0214,F0056,P0069,T026,28-03-2026,36,Completed
TX000883,SR02324,C0057,F0414,P0003,T096,24-04-2026,30,Completed
TX000884,SR01888,C0326,F0407,P0057,T057,17-06-2026,2,Completed
TX000885,SR01439,C0136,F0045,P0099,T057,18-04-2026,29,Pending
TX000886,SR01578,C0231,F0674,P0048,T021,22-07-2026,12,Completed
TX000887,SR01034,C0484,F0401,P0065,T068,26-04-2026,37,Completed
TX000888,SR02263,C0119,F0102,P0069,T092,27-08-2026,13,Completed
TX000889,SR00391,C0443,F0103,P0064,T073,28-08-2026,48,Cancelled
TX000890,SR00785,C0233,F0561,P0069,T051,13-04-2026,6,Completed
TX000891,SR00502,C0467,F0496,P0089,T064,03-07-2026,44,Pending
TX000892,SR02121,C0425,F0331,P0002,T024,19-04-2026,2,Completed
TX000893,SR01351,C0417,F0325,P0089,T007,30-07-2026,34,Completed
TX000894,SR01710,C0104,F0029,P0091,T064,03-07-2026,18,Completed
TX000895,SR02299,C0396,F0026,P0091,T019,23-03-2026,10,Completed
TX000896,SR00489,C0184,F0429,P0037,T010,19-03-2026,11,Completed
TX000897,SR02412,C0456,F0291,P0059,T078,31-07-2026,2,Completed
TX000898,SR00317,C0496,F0202,P0036,T044,10-05-2026,7,Pending
TX000899,SR01886,C0306,F0304,P0085,T086,16-06-2026,20,Completed
TX000900,SR01757,C0457,F0485,P0041,T087,12-06-2026,8,Completed
TX000901,SR02064,C0267,F0235,P0032,T013,09-02-2026,48,Completed
TX000902,SR00397,C0017,F0280,P0069,T077,26-02-2026,41,Completed
TX000903,SR02400,C0437,F0227,P0005,T034,05-08-2026,24,Pending
TX000904,SR01986,C0266,F0534,P0038,T071,09-03-2026,5,Cancelled
TX000905,SR00277,C0023,F0044,P0021,T005,28-07-2026,49,Pending
TX000906,SR01393,C0033,F0735,P0038,T048,27-03-2026,36,Completed
TX000907,SR02044,C0362,F0444,P0045,T063,23-07-2026,9,Cancelled
TX000908,SR01193,C0462,F0196,P0007,T045,19-05-2026,3,Pending
TX000909,SR00953,C0349,F0608,P0087,T056,24-01-2026,31,Completed
TX000910,SR00689,C0221,F0752,P0042,T002,06-03-2026,2,Completed
TX000911,SR01290,C0154,F0047,P0036,T001,17-08-2026,31,Completed
TX000912,SR02460,C0210,F0164,P0015,T061,19-02-2026,22,Pending
TX000913,SR01519,C0162,F0116,P0100,T042,24-02-2026,44,Completed
TX000914,SR01806,C0137,F0057,P0086,T058,05-02-2026,19,Completed
TX000915,SR01950,C0065,F0591,P0049,T036,27-05-2026,22,Completed
TX000916,SR01946,C0285,F0155,P0034,T001,14-07-2026,27,Completed
TX000917,SR01002,C0110,F0307,P0047,T071,13-08-2026,49,Completed
TX000918,SR01922,C0073,F0652,P0097,T014,01-08-2026,35,Completed
TX000919,SR00821,C0138,F0490,P0023,T079,01-08-2026,33,Completed
TX000920,SR01461,C0400,F0543,P0069,T002,06-08-2026,16,Completed
TX000921,SR00757,C0287,F0079,P0091,T093,17-05-2026,24,Cancelled
TX000922,SR02350,C0246,F0777,P0076,T026,17-07-2026,10,Completed
TX000923,SR01826,C0296,F0067,P0088,T090,02-06-2026,20,Completed
TX000924,SR01460,C0284,F0568,P0095,T001,02-02-2026,41,Completed
TX000925,SR01129,C0249,F0512,P0006,T046,06-01-2026,5,Completed
TX000926,SR01301,C0421,F0331,P0024,T042,24-01-2026,9,Pending
TX000927,SR01950,C0366,F0671,P0015,T017,24-03-2026,29,Cancelled
TX000928,SR00685,C0093,F0714,P0057,T048,30-04-2026,40,Completed
TX000929,SR02072,C0409,F0057,P0041,T022,03-06-2026,48,Completed
TX000930,SR00705,C0088,F0767,P0005,T044,06-05-2026,29,Completed
TX000931,SR00355,C0040,F0193,P0056,T038,29-03-2026,33,Completed
TX000932,SR01843,C0211,F0634,P0011,T020,25-06-2026,15,Completed
TX000933,SR01771,C0197,F0657,P0041,T079,26-07-2026,21,Completed
TX000934,SR00837,C0394,F0446,P0037,T053,23-02-2026,16,Completed
TX000935,SR01622,C0348,F0691,P0090,T084,04-03-2026,6,Completed
TX000936,SR01822,C0030,F0661,P0069,T082,12-08-2026,19,Cancelled
TX000937,SR01970,C0250,F0419,P0063,T027,21-08-2026,11,Completed
TX000938,SR02382,C0398,F0144,P0084,T030,16-03-2026,29,Pending
TX000939,SR02136,C0367,F0348,P0019,T096,03-05-2026,37,Pending
TX000940,SR01099,C0251,F0721,P0026,T032,19-05-2026,49,Completed
TX000941,SR00576,C0308,F0163,P0076,T010,02-06-2026,44,Cancelled
TX000942,SR00244,C0281,F0800,P0075,T055,27-07-2026,16,Completed
TX000943,SR01435,C0116,F0146,P0003,T097,26-01-2026,46,Completed
TX000944,SR01667,C0283,F0533,P0023,T024,06-05-2026,47,Completed
TX000945,SR01728,C0338,F0513,P0023,T064,21-02-2026,25,Completed
TX000946,SR00024,C0029,F0157,P0001,T034,30-06-2026,11,Completed
TX000947,SR01754,C0348,F0378,P0067,T039,24-05-2026,39,Completed
TX000948,SR01968,C0125,F0116,P0006,T046,29-06-2026,6,Pending
TX000949,SR01805,C0004,F0292,P0085,T015,06-08-2026,18,Cancelled
TX000950,SR01315,C0378,F0768,P0059,T039,09-07-2026,27,Completed
TX000951,SR00038,C0195,F0044,P0077,T028,24-07-2026,43,Completed
TX000952,SR01225,C0207,F0698,P0050,T082,14-07-2026,48,Completed
TX000953,SR01612,C0313,F0543,P0098,T023,31-05-2026,41,Cancelled
TX000954,SR01424,C0281,F0599,P0028,T085,05-04-2026,24,Completed
TX000955,SR01437,C0311,F0226,P0056,T002,22-03-2026,5,Cancelled
TX000956,SR01292,C0473,F0760,P0001,T041,29-03-2026,40,Completed
TX000957,SR01381,C0326,F0203,P0084,T027,26-05-2026,42,Completed
TX000958,SR00810,C0024,F0403,P0057,T045,12-07-2026,24,Completed
TX000959,SR01513,C0112,F0030,P0018,T078,30-03-2026,28,Completed
TX000960,SR00704,C0225,F0711,P0082,T096,20-05-2026,42,Completed
TX000961,SR01229,C0237,F0564,P0099,T073,10-04-2026,7,Cancelled
TX000962,SR01039,C0181,F0131,P0007,T051,26-05-2026,40,Completed
TX000963,SR01786,C0093,F0530,P0085,T052,16-07-2026,26,Completed
TX000964,SR02238,C0054,F0147,P0074,T100,09-04-2026,34,Completed
TX000965,SR01584,C0073,F0356,P0036,T100,06-04-2026,10,Completed
TX000966,SR00339,C0476,F0410,P0064,T077,18-02-2026,31,Completed
TX000967,SR01669,C0198,F0746,P0079,T017,30-04-2026,14,Pending
TX000968,SR00812,C0481,F0267,P0048,T027,20-04-2026,26,Cancelled
TX000969,SR00124,C0168,F0011,P0067,T028,08-02-2026,26,Completed
TX000970,SR00481,C0156,F0347,P0005,T023,21-08-2026,47,Completed
TX000971,SR02499,C0245,F0742,P0093,T097,26-07-2026,33,Completed
TX000972,SR01068,C0474,F0639,P0093,T016,11-03-2026,28,Completed
TX000973,SR00505,C0282,F0048,P0022,T086,15-08-2026,20,Completed
TX000974,SR00334,C0018,F0043,P0048,T081,07-03-2026,17,Completed
TX000975,SR01626,C0136,F0606,P0024,T053,11-04-2026,32,Completed
TX000976,SR01902,C0491,F0577,P0040,T031,01-02-2026,44,Cancelled
TX000977,SR00883,C0078,F0446,P0028,T027,27-05-2026,29,Cancelled
TX000978,SR00259,C0418,F0071,P0087,T068,26-04-2026,33,Completed
TX000979,SR00887,C0465,F0225,P0070,T068,06-03-2026,17,Cancelled
TX000980,SR01664,C0108,F0679,P0085,T055,11-03-2026,28,Pending
TX000981,SR00285,C0280,F0112,P0080,T057,13-08-2026,29,Completed
TX000982,SR00670,C0300,F0162,P0073,T083,14-06-2026,34,Cancelled
TX000983,SR00006,C0397,F0362,P0017,T076,06-02-2026,16,Cancelled
TX000984,SR01181,C0400,F0588,P0083,T076,02-02-2026,18,Completed
TX000985,SR00427,C0031,F0663,P0079,T029,17-01-2026,18,Pending
TX000986,SR00500,C0160,F0474,P0013,T007,01-03-2026,21,Completed
TX000987,SR00283,C0471,F0394,P0009,T046,27-06-2026,15,Completed
TX000988,SR01826,C0177,F0309,P0077,T034,15-01-2026,10,Pending
TX000989,SR01224,C0123,F0035,P0040,T034,01-03-2026,25,Completed
TX000990,SR02371,C0315,F0215,P0033,T053,10-01-2026,42,Completed
TX000991,SR00988,C0098,F0172,P0040,T093,05-06-2026,2,Completed
TX000992,SR00555,C0074,F0046,P0087,T081,15-07-2026,33,Pending
TX000993,SR00511,C0399,F0597,P0037,T068,07-05-2026,41,Pending
TX000994,SR02383,C0060,F0283,P0038,T072,06-08-2026,41,Completed
TX000995,SR01475,C0446,F0408,P0040,T042,15-06-2026,42,Completed
TX000996,SR00814,C0125,F0161,P0006,T055,03-07-2026,16,Completed
TX000997,SR01636,C0054,F0473,P0004,T044,17-03-2026,5,Completed
TX000998,SR01395,C0371,F0109,P0042,T081,27-07-2026,49,Completed
TX000999,SR00287,C0089,F0543,P0002,T100,01-06-2026,35,Cancelled
TX001000,SR01754,C0184,F0591,P0076,T044,21-01-2026,18,Completed
TX001001,SR00298,C0176,F0250,P0043,T073,20-01-2026,42,Completed
TX001002,SR00499,C0254,F0171,P0051,T006,04-08-2026,18,Pending
TX001003,SR01784,C0237,F0625,P0034,T041,08-03-2026,37,Completed
TX001004,SR01112,C0098,F0179,P0077,T088,22-04-2026,48,Completed
TX001005,SR00556,C0118,F0143,P0043,T069,02-07-2026,38,Completed
TX001006,SR00170,C0098,F0273,P0004,T053,04-07-2026,33,Completed
TX001007,SR01485,C0028,F0774,P0049,T022,07-01-2026,10,Pending
TX001008,SR01743,C0326,F0371,P0018,T081,28-05-2026,46,Completed
TX001009,SR00508,C0236,F0211,P0060,T098,08-08-2026,21,Pending
TX001010,SR01042,C0055,F0411,P0057,T040,25-03-2026,31,Completed
TX001011,SR00861,C0166,F0279,P0048,T081,11-05-2026,30,Completed
TX001012,SR02230,C0334,F0532,P0039,T059,05-03-2026,13,Completed
TX001013,SR01978,C0143,F0352,P0060,T040,23-06-2026,30,Pending
TX001014,SR00685,C0201,F0471,P0069,T034,29-01-2026,20,Cancelled
TX001015,SR01284,C0372,F0350,P0088,T051,05-05-2026,18,Completed
TX001016,SR02310,C0336,F0386,P0097,T041,10-04-2026,43,Completed
TX001017,SR00865,C0351,F0358,P0009,T062,03-06-2026,36,Completed
TX001018,SR00353,C0191,F0316,P0066,T015,29-04-2026,24,Completed
TX001019,SR00746,C0242,F0772,P0009,T048,24-08-2026,1,Cancelled
TX001020,SR01518,C0424,F0213,P0042,T075,24-08-2026,35,Completed
TX001021,SR02481,C0437,F0645,P0075,T085,10-03-2026,37,Completed
TX001022,SR00770,C0028,F0568,P0055,T029,09-01-2026,9,Completed
TX001023,SR00147,C0420,F0423,P0081,T061,29-04-2026,38,Completed
TX001024,SR00455,C0447,F0255,P0092,T031,22-05-2026,20,Pending
TX001025,SR01032,C0472,F0388,P0098,T079,30-06-2026,36,Completed
TX001026,SR00235,C0135,F0680,P0068,T036,06-05-2026,42,Cancelled
TX001027,SR00088,C0251,F0146,P0068,T068,21-05-2026,35,Completed
TX001028,SR01640,C0022,F0469,P0081,T044,06-01-2026,47,Pending
TX001029,SR02061,C0055,F0612,P0024,T027,03-07-2026,4,Completed
TX001030,SR00583,C0282,F0508,P0031,T058,21-03-2026,16,Completed
TX001031,SR01307,C0104,F0116,P0035,T063,03-04-2026,3,Completed
TX001032,SR01433,C0113,F0408,P0075,T069,12-04-2026,9,Completed
TX001033,SR01670,C0149,F0147,P0036,T080,18-01-2026,19,Cancelled
TX001034,SR02449,C0230,F0743,P0014,T068,29-04-2026,2,Pending
TX001035,SR02214,C0077,F0282,P0080,T086,02-04-2026,20,Completed
TX001036,SR00790,C0402,F0338,P0075,T043,26-02-2026,7,Completed
TX001037,SR02440,C0335,F0686,P0060,T051,01-03-2026,6,Completed
TX001038,SR00088,C0396,F0342,P0089,T049,09-01-2026,41,Completed
TX001039,SR02405,C0464,F0156,P0080,T058,02-08-2026,37,Completed
TX001040,SR00358,C0301,F0715,P0091,T015,12-03-2026,23,Completed
TX001041,SR00285,C0181,F0519,P0026,T086,29-07-2026,28,Completed
TX001042,SR00299,C0489,F0484,P0012,T053,20-07-2026,15,Cancelled
TX001043,SR00306,C0283,F0061,P0035,T056,20-04-2026,24,Completed
TX001044,SR01159,C0232,F0360,P0083,T088,13-07-2026,39,Pending
TX001045,SR01601,C0209,F0368,P0093,T047,20-02-2026,26,Cancelled
TX001046,SR01862,C0020,F0210,P0011,T047,13-02-2026,39,Completed
TX001047,SR00040,C0478,F0452,P0086,T057,04-08-2026,24,Completed
TX001048,SR00742,C0410,F0197,P0048,T094,05-06-2026,18,Completed
TX001049,SR00331,C0350,F0377,P0082,T026,15-06-2026,44,Completed
TX001050,SR00365,C0111,F0642,P0069,T016,10-08-2026,45,Completed
TX001051,SR01867,C0465,F0589,P0007,T011,04-01-2026,12,Completed
TX001052,SR01602,C0089,F0224,P0049,T074,11-02-2026,23,Completed
TX001053,SR00525,C0121,F0167,P0009,T002,19-08-2026,38,Completed
TX001054,SR00753,C0036,F0005,P0034,T071,31-01-2026,13,Pending
TX001055,SR02313,C0145,F0277,P0076,T089,18-04-2026,37,Completed
TX001056,SR01438,C0164,F0016,P0069,T069,06-01-2026,45,Pending
TX001057,SR00598,C0398,F0103,P0071,T018,20-03-2026,12,Completed
TX001058,SR02335,C0164,F0783,P0067,T067,11-02-2026,8,Completed
TX001059,SR00497,C0478,F0685,P0002,T045,03-03-2026,47,Completed
TX001060,SR00729,C0152,F0448,P0059,T003,15-07-2026,49,Pending
TX001061,SR01732,C0263,F0620,P0049,T020,08-03-2026,43,Completed
TX001062,SR01282,C0297,F0392,P0053,T075,15-07-2026,31,Completed
TX001063,SR00174,C0415,F0482,P0022,T057,03-08-2026,5,Completed
TX001064,SR02018,C0376,F0735,P0071,T050,10-05-2026,45,Completed
TX001065,SR00571,C0434,F0063,P0061,T078,10-05-2026,10,Completed
TX001066,SR01730,C0469,F0282,P0041,T053,22-03-2026,9,Completed
TX001067,SR00836,C0059,F0096,P0006,T097,10-06-2026,36,Completed
TX001068,SR01879,C0048,F0636,P0007,T006,13-07-2026,20,Completed
TX001069,SR02246,C0225,F0659,P0036,T029,27-07-2026,43,Completed
TX001070,SR01932,C0076,F0578,P0054,T019,16-02-2026,43,Completed
TX001071,SR02303,C0247,F0488,P0100,T042,14-06-2026,40,Completed
TX001072,SR01350,C0295,F0382,P0073,T092,03-02-2026,42,Completed
TX001073,SR00163,C0139,F0019,P0049,T041,28-04-2026,27,Completed
TX001074,SR01341,C0050,F0620,P0030,T032,22-01-2026,43,Completed
TX001075,SR01154,C0483,F0716,P0017,T009,13-05-2026,45,Completed
TX001076,SR01798,C0186,F0773,P0015,T040,24-07-2026,14,Completed
TX001077,SR00622,C0420,F0274,P0008,T023,16-07-2026,21,Completed
TX001078,SR01745,C0313,F0161,P0092,T019,21-06-2026,31,Completed
TX001079,SR01105,C0332,F0524,P0002,T014,19-05-2026,43,Pending
TX001080,SR01676,C0391,F0015,P0087,T064,30-05-2026,20,Completed
TX001081,SR01050,C0133,F0049,P0059,T071,24-01-2026,13,Completed
TX001082,SR00956,C0109,F0658,P0062,T075,24-06-2026,16,Completed
TX001083,SR00536,C0499,F0766,P0096,T006,13-06-2026,40,Completed
TX001084,SR02072,C0334,F0323,P0079,T093,04-02-2026,26,Cancelled
TX001085,SR00172,C0147,F0407,P0015,T051,01-06-2026,13,Cancelled
TX001086,SR00591,C0323,F0436,P0097,T057,03-04-2026,36,Completed
TX001087,SR01067,C0197,F0111,P0018,T088,03-05-2026,33,Completed
TX001088,SR00390,C0430,F0178,P0057,T028,15-07-2026,26,Completed
TX001089,SR02292,C0255,F0239,P0065,T051,19-03-2026,31,Completed
TX001090,SR00863,C0157,F0674,P0025,T008,09-08-2026,12,Completed
TX001091,SR00606,C0346,F0351,P0064,T050,11-04-2026,9,Completed
TX001092,SR00635,C0376,F0577,P0064,T027,04-05-2026,40,Completed
TX001093,SR00480,C0187,F0156,P0098,T019,07-01-2026,34,Completed
TX001094,SR01658,C0376,F0763,P0092,T062,30-01-2026,48,Completed
TX001095,SR01204,C0118,F0707,P0040,T014,09-03-2026,47,Completed
TX001096,SR00578,C0120,F0381,P0070,T098,23-08-2026,18,Pending
TX001097,SR02184,C0414,F0181,P0083,T024,04-03-2026,23,Completed
TX001098,SR01642,C0311,F0782,P0003,T008,05-04-2026,42,Pending
TX001099,SR01008,C0018,F0647,P0069,T045,24-07-2026,1,Completed
TX001100,SR01284,C0338,F0409,P0092,T039,18-03-2026,43,Completed
TX001101,SR01641,C0153,F0215,P0013,T066,15-07-2026,9,Completed
TX001102,SR00382,C0138,F0498,P0076,T067,29-01-2026,13,Completed
TX001103,SR02021,C0213,F0297,P0007,T060,01-02-2026,24,Cancelled
TX001104,SR00646,C0226,F0540,P0041,T058,04-01-2026,35,Cancelled
TX001105,SR00074,C0446,F0666,P0082,T078,30-01-2026,18,Completed
TX001106,SR01305,C0218,F0392,P0099,T066,25-05-2026,46,Completed
TX001107,SR02192,C0149,F0039,P0073,T014,22-01-2026,39,Completed
TX001108,SR01833,C0387,F0451,P0073,T047,27-05-2026,37,Cancelled
TX001109,SR00772,C0272,F0687,P0026,T069,24-05-2026,38,Completed
TX001110,SR00996,C0001,F0179,P0083,T027,26-02-2026,2,Pending
TX001111,SR01490,C0317,F0768,P0066,T087,09-01-2026,41,Completed
TX001112,SR00583,C0251,F0290,P0095,T049,08-02-2026,30,Completed
TX001113,SR02051,C0288,F0548,P0061,T033,04-02-2026,10,Completed
TX001114,SR00738,C0093,F0562,P0004,T039,07-05-2026,39,Pending
TX001115,SR00542,C0240,F0146,P0052,T062,12-08-2026,6,Completed
TX001116,SR00238,C0324,F0032,P0078,T071,15-04-2026,31,Completed
TX001117,SR01734,C0339,F0760,P0079,T026,02-06-2026,28,Completed
TX001118,SR00063,C0341,F0561,P0039,T018,14-03-2026,2,Completed
TX001119,SR02014,C0499,F0506,P0018,T010,23-01-2026,19,Completed
TX001120,SR02433,C0251,F0244,P0087,T050,22-02-2026,6,Pending
TX001121,SR00278,C0215,F0087,P0083,T093,26-04-2026,47,Completed
TX001122,SR00242,C0272,F0218,P0088,T096,26-07-2026,40,Cancelled
TX001123,SR02337,C0165,F0439,P0068,T056,01-03-2026,49,Completed
TX001124,SR00313,C0158,F0555,P0083,T054,25-08-2026,24,Pending
TX001125,SR01020,C0346,F0256,P0041,T051,03-06-2026,17,Cancelled
TX001126,SR02178,C0157,F0172,P0078,T024,27-03-2026,47,Completed
TX001127,SR00348,C0375,F0200,P0049,T042,30-05-2026,16,Cancelled
TX001128,SR01659,C0373,F0770,P0080,T094,17-06-2026,21,Completed
TX001129,SR00957,C0477,F0505,P0015,T062,14-06-2026,7,Completed
TX001130,SR01091,C0066,F0793,P0030,T025,27-07-2026,41,Completed
TX001131,SR02328,C0182,F0006,P0022,T009,08-06-2026,6,Completed
TX001132,SR01623,C0386,F0367,P0041,T076,07-01-2026,2,Completed
TX001133,SR00799,C0215,F0366,P0082,T091,01-04-2026,41,Pending
TX001134,SR02338,C0328,F0322,P0012,T011,06-08-2026,42,Cancelled
TX001135,SR01452,C0368,F0314,P0074,T038,19-02-2026,42,Completed
TX001136,SR00249,C0443,F0064,P0084,T086,30-04-2026,43,Pending
TX001137,SR00982,C0114,F0026,P0068,T026,01-05-2026,7,Pending
TX001138,SR00610,C0131,F0623,P0065,T019,14-05-2026,18,Pending
TX001139,SR01607,C0236,F0353,P0014,T040,28-07-2026,38,Completed
TX001140,SR02151,C0254,F0131,P0062,T040,10-05-2026,16,Completed
TX001141,SR00098,C0453,F0279,P0023,T049,01-01-2026,39,Completed
TX001142,SR01952,C0020,F0747,P0025,T097,28-02-2026,45,Pending
TX001143,SR02291,C0123,F0375,P0087,T098,01-06-2026,48,Completed
TX001144,SR02486,C0457,F0793,P0062,T058,07-07-2026,39,Pending
TX001145,SR01653,C0308,F0130,P0100,T008,05-06-2026,40,Cancelled
TX001146,SR00785,C0338,F0098,P0046,T027,25-06-2026,30,Completed
TX001147,SR00364,C0125,F0452,P0036,T019,27-02-2026,4,Pending
TX001148,SR02363,C0312,F0547,P0100,T001,23-01-2026,22,Completed
TX001149,SR01032,C0185,F0786,P0063,T039,16-08-2026,47,Completed
TX001150,SR00860,C0367,F0373,P0087,T001,16-05-2026,45,Completed
TX001151,SR01835,C0046,F0161,P0005,T058,27-06-2026,12,Cancelled
TX001152,SR01788,C0143,F0433,P0053,T028,18-08-2026,37,Pending
TX001153,SR02024,C0323,F0246,P0082,T073,13-02-2026,16,Pending
TX001154,SR02207,C0302,F0144,P0081,T053,29-07-2026,21,Completed
TX001155,SR02193,C0421,F0071,P0072,T096,29-03-2026,32,Completed
TX001156,SR00427,C0401,F0579,P0017,T049,31-05-2026,25,Pending
TX001157,SR00425,C0008,F0515,P0055,T016,03-04-2026,30,Cancelled
TX001158,SR00515,C0046,F0134,P0011,T093,17-02-2026,5,Cancelled
TX001159,SR01569,C0178,F0448,P0081,T031,31-07-2026,15,Pending
TX001160,SR01453,C0480,F0709,P0064,T077,25-03-2026,40,Pending
TX001161,SR02144,C0239,F0655,P0020,T079,06-01-2026,31,Completed
TX001162,SR02110,C0446,F0364,P0073,T093,06-02-2026,42,Pending
TX001163,SR02034,C0030,F0046,P0072,T065,19-08-2026,48,Completed
TX001164,SR00198,C0482,F0508,P0006,T052,17-07-2026,18,Pending
TX001165,SR01740,C0031,F0413,P0009,T039,09-06-2026,13,Completed
TX001166,SR02128,C0405,F0738,P0021,T045,06-07-2026,16,Cancelled
TX001167,SR02456,C0439,F0443,P0008,T079,05-06-2026,29,Completed
TX001168,SR00858,C0148,F0591,P0054,T057,07-08-2026,13,Completed
TX001169,SR01942,C0151,F0423,P0088,T005,24-01-2026,20,Completed
TX001170,SR01016,C0291,F0433,P0007,T038,16-01-2026,9,Completed
TX001171,SR00402,C0362,F0254,P0062,T092,16-06-2026,19,Pending
TX001172,SR00850,C0061,F0323,P0043,T022,20-08-2026,47,Pending
TX001173,SR00629,C0119,F0237,P0084,T048,20-05-2026,21,Completed
TX001174,SR02279,C0378,F0370,P0049,T084,20-08-2026,38,Completed
TX001175,SR00440,C0404,F0762,P0067,T030,07-04-2026,22,Pending
TX001176,SR00327,C0077,F0274,P0093,T069,11-06-2026,22,Cancelled
TX001177,SR01450,C0445,F0371,P0014,T079,03-05-2026,33,Pending
TX001178,SR01436,C0434,F0757,P0032,T033,31-07-2026,6,Completed
TX001179,SR01403,C0434,F0121,P0027,T090,05-06-2026,18,Pending
TX001180,SR00371,C0121,F0203,P0017,T045,16-04-2026,7,Completed
TX001181,SR01247,C0335,F0395,P0065,T030,28-02-2026,10,Cancelled
TX001182,SR02322,C0081,F0328,P0001,T023,17-03-2026,35,Completed
TX001183,SR00225,C0099,F0273,P0039,T027,18-01-2026,9,Completed
TX001184,SR01995,C0036,F0623,P0013,T057,07-02-2026,10,Completed
TX001185,SR00315,C0247,F0400,P0062,T023,03-05-2026,29,Pending
TX001186,SR00585,C0356,F0292,P0076,T036,08-01-2026,18,Completed
TX001187,SR02246,C0100,F0384,P0047,T072,24-04-2026,7,Pending
TX001188,SR00745,C0094,F0710,P0045,T088,11-01-2026,47,Completed
TX001189,SR01307,C0139,F0788,P0045,T068,08-02-2026,46,Pending
TX001190,SR00954,C0099,F0195,P0020,T053,15-06-2026,29,Completed
TX001191,SR01536,C0417,F0033,P0038,T070,07-01-2026,26,Completed
TX001192,SR01014,C0085,F0026,P0094,T042,22-03-2026,40,Pending
TX001193,SR01110,C0140,F0357,P0005,T028,15-02-2026,48,Completed
TX001194,SR02044,C0153,F0504,P0079,T075,13-01-2026,6,Completed
TX001195,SR01386,C0102,F0042,P0017,T014,19-02-2026,5,Completed
TX001196,SR01412,C0471,F0407,P0012,T091,27-01-2026,17,Pending
TX001197,SR02014,C0105,F0320,P0029,T043,20-01-2026,15,Completed
TX001198,SR01070,C0244,F0747,P0027,T082,09-06-2026,44,Completed
TX001199,SR02059,C0284,F0483,P0032,T010,30-01-2026,25,Completed
TX001200,SR01799,C0131,F0339,P0085,T050,14-08-2026,40,Pending
TX001201,SR02210,C0236,F0470,P0091,T043,27-04-2026,33,Completed
TX001202,SR01145,C0086,F0109,P0070,T036,08-04-2026,36,Completed
TX001203,SR01397,C0242,F0381,P0015,T052,30-07-2026,47,Completed
TX001204,SR00321,C0010,F0264,P0095,T067,06-07-2026,29,Completed
TX001205,SR00279,C0220,F0145,P0085,T095,11-04-2026,39,Completed
TX001206,SR00269,C0183,F0315,P0008,T082,22-08-2026,14,Completed
TX001207,SR01583,C0176,F0512,P0039,T024,08-05-2026,13,Completed
TX001208,SR00815,C0056,F0467,P0078,T098,19-06-2026,29,Completed
TX001209,SR00723,C0500,F0772,P0009,T050,21-08-2026,45,Completed
TX001210,SR01508,C0014,F0220,P0008,T046,23-06-2026,3,Completed
TX001211,SR00996,C0074,F0560,P0061,T002,22-05-2026,25,Pending
TX001212,SR00338,C0052,F0441,P0034,T067,28-05-2026,10,Completed
TX001213,SR01394,C0489,F0700,P0045,T089,06-06-2026,44,Pending
TX001214,SR01376,C0160,F0727,P0076,T030,23-08-2026,26,Completed
TX001215,SR00350,C0216,F0567,P0055,T087,18-06-2026,3,Completed
TX001216,SR00675,C0376,F0339,P0072,T009,13-03-2026,1,Completed
TX001217,SR00594,C0026,F0427,P0013,T097,06-01-2026,32,Completed
TX001218,SR01739,C0034,F0522,P0001,T026,07-07-2026,12,Pending
TX001219,SR00623,C0092,F0645,P0026,T049,28-04-2026,3,Completed
TX001220,SR00071,C0340,F0184,P0021,T002,10-04-2026,8,Completed
TX001221,SR00667,C0490,F0699,P0033,T090,13-08-2026,8,Completed
TX001222,SR01173,C0311,F0642,P0078,T051,07-02-2026,17,Completed
TX001223,SR01924,C0437,F0071,P0016,T098,10-01-2026,36,Cancelled
TX001224,SR00131,C0441,F0216,P0013,T038,27-06-2026,43,Completed
TX001225,SR02204,C0139,F0189,P0021,T006,10-08-2026,27,Pending
TX001226,SR00827,C0092,F0464,P0033,T068,19-07-2026,47,Pending
TX001227,SR00857,C0081,F0167,P0020,T017,29-07-2026,39,Pending
TX001228,SR00039,C0398,F0241,P0019,T062,27-07-2026,9,Completed
TX001229,SR00691,C0335,F0152,P0058,T004,14-06-2026,37,Completed
TX001230,SR01173,C0433,F0054,P0012,T017,10-08-2026,12,Completed
TX001231,SR01566,C0254,F0368,P0016,T064,23-03-2026,48,Pending
TX001232,SR01918,C0489,F0256,P0084,T068,28-06-2026,42,Completed
TX001233,SR01307,C0448,F0404,P0002,T016,23-01-2026,4,Completed
TX001234,SR00251,C0405,F0170,P0007,T019,07-05-2026,9,Completed
TX001235,SR00979,C0402,F0230,P0007,T086,11-03-2026,22,Pending
TX001236,SR01839,C0062,F0715,P0054,T001,14-08-2026,37,Completed
TX001237,SR01599,C0373,F0645,P0070,T024,15-04-2026,28,Completed
TX001238,SR01461,C0474,F0213,P0070,T098,20-02-2026,5,Pending
TX001239,SR01271,C0147,F0130,P0070,T055,17-05-2026,31,Pending
TX001240,SR01262,C0408,F0780,P0006,T003,19-01-2026,32,Pending
TX001241,SR02483,C0176,F0545,P0035,T090,31-01-2026,46,Completed
TX001242,SR01499,C0107,F0394,P0064,T035,14-04-2026,14,Completed
TX001243,SR01493,C0366,F0560,P0069,T072,01-06-2026,2,Completed
TX001244,SR00840,C0083,F0177,P0034,T064,20-05-2026,37,Completed
TX001245,SR01226,C0241,F0343,P0085,T037,14-01-2026,35,Completed
TX001246,SR01776,C0469,F0314,P0084,T038,13-06-2026,26,Completed
TX001247,SR02146,C0079,F0577,P0077,T056,14-01-2026,34,Completed
TX001248,SR01950,C0078,F0147,P0080,T039,15-07-2026,9,Completed
TX001249,SR01656,C0472,F0392,P0098,T018,10-01-2026,7,Pending
TX001250,SR01946,C0389,F0667,P0080,T073,07-01-2026,20,Completed
TX001251,SR00083,C0231,F0158,P0059,T068,05-05-2026,44,Cancelled
TX001252,SR00674,C0203,F0096,P0040,T061,12-07-2026,26,Pending
TX001253,SR00608,C0482,F0657,P0037,T075,03-07-2026,32,Completed
TX001254,SR01635,C0362,F0699,P0083,T052,25-05-2026,49,Completed
TX001255,SR01884,C0455,F0345,P0030,T093,12-02-2026,15,Cancelled
TX001256,SR00371,C0046,F0037,P0063,T089,17-08-2026,24,Cancelled
TX001257,SR00483,C0266,F0433,P0051,T099,05-01-2026,34,Completed
TX001258,SR01239,C0363,F0240,P0038,T011,25-03-2026,8,Completed
TX001259,SR02421,C0018,F0470,P0046,T011,30-06-2026,20,Cancelled
TX001260,SR00007,C0256,F0112,P0009,T047,29-05-2026,28,Completed
TX001261,SR02199,C0028,F0645,P0071,T070,09-07-2026,15,Completed
TX001262,SR00484,C0451,F0549,P0007,T024,03-07-2026,11,Completed
TX001263,SR00672,C0341,F0517,P0008,T012,14-08-2026,22,Pending
TX001264,SR01580,C0095,F0410,P0026,T004,04-05-2026,44,Completed
TX001265,SR01822,C0261,F0177,P0054,T056,17-07-2026,21,Completed
TX001266,SR02186,C0055,F0752,P0030,T098,07-02-2026,41,Pending
TX001267,SR00014,C0402,F0213,P0089,T047,11-02-2026,34,Completed
TX001268,SR00123,C0099,F0293,P0093,T074,12-01-2026,7,Completed
TX001269,SR01196,C0304,F0742,P0040,T006,19-02-2026,45,Completed
TX001270,SR01397,C0040,F0033,P0100,T022,27-01-2026,29,Completed
TX001271,SR00653,C0079,F0101,P0009,T069,17-07-2026,28,Cancelled
TX001272,SR01592,C0491,F0610,P0015,T041,29-04-2026,35,Completed
TX001273,SR00664,C0193,F0295,P0035,T003,17-04-2026,3,Completed
TX001274,SR02331,C0062,F0464,P0095,T023,03-06-2026,13,Completed
TX001275,SR00444,C0350,F0465,P0051,T080,28-03-2026,39,Completed
TX001276,SR01638,C0101,F0662,P0071,T069,17-05-2026,31,Completed
TX001277,SR01326,C0295,F0497,P0066,T081,01-01-2026,20,Completed
TX001278,SR00258,C0405,F0341,P0050,T036,21-06-2026,23,Completed
TX001279,SR01513,C0342,F0440,P0094,T093,29-07-2026,31,Completed
TX001280,SR00367,C0124,F0591,P0096,T092,10-01-2026,24,Completed
TX001281,SR01349,C0119,F0304,P0045,T037,20-01-2026,23,Completed
TX001282,SR01590,C0112,F0137,P0072,T021,02-02-2026,28,Completed
TX001283,SR00181,C0316,F0390,P0063,T097,26-05-2026,14,Completed
TX001284,SR00540,C0337,F0800,P0060,T035,02-07-2026,28,Completed
TX001285,SR00740,C0261,F0090,P0011,T050,17-07-2026,34,Cancelled
TX001286,SR02321,C0200,F0139,P0021,T094,07-07-2026,35,Completed
TX001287,SR00553,C0032,F0797,P0100,T027,19-05-2026,31,Pending
TX001288,SR02302,C0418,F0664,P0025,T089,18-06-2026,23,Pending
TX001289,SR01335,C0331,F0094,P0066,T017,09-03-2026,33,Pending
TX001290,SR02372,C0320,F0170,P0092,T030,28-06-2026,36,Pending
TX001291,SR02079,C0052,F0553,P0061,T039,13-02-2026,16,Completed
TX001292,SR00733,C0145,F0627,P0022,T049,20-08-2026,24,Completed
TX001293,SR01400,C0152,F0588,P0086,T025,11-01-2026,34,Pending
TX001294,SR01793,C0299,F0690,P0004,T089,15-08-2026,33,Completed
TX001295,SR00196,C0394,F0406,P0073,T067,21-04-2026,25,Completed
TX001296,SR01658,C0434,F0702,P0027,T068,04-06-2026,13,Completed
TX001297,SR01150,C0262,F0477,P0065,T074,08-02-2026,45,Completed
TX001298,SR00090,C0183,F0381,P0049,T064,18-03-2026,27,Completed
TX001299,SR02168,C0205,F0510,P0057,T065,26-07-2026,27,Completed
TX001300,SR00664,C0369,F0344,P0039,T067,04-01-2026,23,Completed
TX001301,SR02186,C0160,F0486,P0053,T073,15-02-2026,38,Pending
TX001302,SR00517,C0208,F0668,P0094,T093,01-06-2026,15,Completed
TX001303,SR01355,C0394,F0767,P0083,T020,13-07-2026,46,Completed
TX001304,SR00928,C0272,F0464,P0042,T052,14-04-2026,4,Completed
TX001305,SR02233,C0234,F0005,P0095,T019,22-01-2026,1,Completed
TX001306,SR02383,C0367,F0498,P0089,T019,05-02-2026,25,Completed
TX001307,SR01926,C0145,F0202,P0063,T095,02-08-2026,43,Pending
TX001308,SR02115,C0031,F0189,P0060,T048,21-02-2026,1,Completed
TX001309,SR01923,C0395,F0705,P0004,T071,19-05-2026,34,Pending
TX001310,SR00734,C0228,F0357,P0053,T073,13-08-2026,20,Completed
TX001311,SR02301,C0163,F0633,P0022,T004,01-04-2026,2,Completed
TX001312,SR01326,C0048,F0296,P0017,T050,16-01-2026,19,Completed
TX001313,SR00859,C0464,F0486,P0086,T019,15-07-2026,32,Completed
TX001314,SR00481,C0363,F0533,P0028,T032,08-07-2026,32,Completed
TX001315,SR01775,C0138,F0715,P0062,T019,06-06-2026,42,Completed
TX001316,SR00694,C0304,F0158,P0087,T067,05-08-2026,49,Completed
TX001317,SR01632,C0233,F0449,P0060,T014,06-07-2026,3,Completed
TX001318,SR00163,C0164,F0325,P0078,T046,15-06-2026,43,Pending
TX001319,SR01588,C0156,F0372,P0078,T031,22-03-2026,1,Completed
TX001320,SR01607,C0039,F0679,P0045,T097,15-01-2026,48,Completed
TX001321,SR01312,C0488,F0109,P0093,T079,24-06-2026,38,Pending
TX001322,SR01643,C0463,F0438,P0091,T036,23-07-2026,47,Completed
TX001323,SR02485,C0436,F0311,P0034,T030,16-06-2026,4,Completed
TX001324,SR02097,C0158,F0717,P0082,T072,06-06-2026,4,Completed
TX001325,SR01099,C0499,F0174,P0019,T064,22-06-2026,49,Completed
TX001326,SR02179,C0138,F0187,P0012,T056,08-03-2026,14,Pending
TX001327,SR02387,C0413,F0073,P0054,T008,29-01-2026,19,Completed
TX001328,SR00401,C0051,F0352,P0061,T008,01-06-2026,15,Completed
TX001329,SR00898,C0156,F0009,P0059,T064,15-08-2026,8,Completed
TX001330,SR01858,C0289,F0401,P0080,T047,02-02-2026,4,Completed
TX001331,SR01288,C0484,F0179,P0040,T083,18-01-2026,7,Completed
TX001332,SR00337,C0133,F0321,P0081,T003,19-06-2026,42,Completed
TX001333,SR01182,C0217,F0485,P0091,T019,12-04-2026,2,Completed
TX001334,SR00935,C0422,F0548,P0010,T079,05-08-2026,44,Completed
TX001335,SR01848,C0237,F0049,P0045,T098,24-04-2026,11,Completed
TX001336,SR01289,C0342,F0119,P0023,T074,06-05-2026,30,Pending
TX001337,SR00350,C0210,F0255,P0066,T002,15-01-2026,13,Pending
TX001338,SR00124,C0002,F0416,P0042,T006,17-08-2026,44,Completed
TX001339,SR00719,C0142,F0707,P0029,T088,21-03-2026,2,Pending
TX001340,SR00392,C0283,F0112,P0026,T050,16-04-2026,36,Completed
TX001341,SR02191,C0010,F0055,P0036,T050,31-05-2026,46,Pending
TX001342,SR00678,C0116,F0504,P0011,T097,25-07-2026,22,Pending
TX001343,SR01587,C0477,F0784,P0011,T025,10-07-2026,23,Pending
TX001344,SR00319,C0008,F0665,P0063,T029,05-07-2026,8,Pending
TX001345,SR01105,C0124,F0453,P0095,T069,26-01-2026,44,Cancelled
TX001346,SR02336,C0310,F0016,P0051,T091,22-01-2026,47,Completed
TX001347,SR01609,C0282,F0461,P0093,T037,19-07-2026,25,Cancelled
TX001348,SR00721,C0103,F0366,P0016,T016,08-08-2026,34,Completed
TX001349,SR01870,C0030,F0358,P0098,T006,30-05-2026,38,Completed
TX001350,SR01253,C0450,F0395,P0059,T001,07-08-2026,18,Completed
TX001351,SR00588,C0276,F0450,P0075,T038,18-03-2026,1,Completed
TX001352,SR02492,C0287,F0577,P0007,T054,26-03-2026,7,Completed
TX001353,SR02344,C0029,F0154,P0061,T049,10-02-2026,44,Completed
TX001354,SR01417,C0105,F0060,P0039,T024,10-07-2026,40,Completed
TX001355,SR00083,C0037,F0042,P0090,T068,10-06-2026,5,Completed
TX001356,SR01029,C0490,F0325,P0080,T088,23-02-2026,40,Completed
TX001357,SR01285,C0385,F0407,P0087,T024,28-08-2026,44,Completed
TX001358,SR02325,C0274,F0629,P0090,T068,08-01-2026,27,Completed
TX001359,SR01833,C0341,F0347,P0073,T055,04-07-2026,23,Pending
TX001360,SR00557,C0083,F0426,P0025,T069,19-02-2026,49,Completed
TX001361,SR01276,C0495,F0782,P0029,T002,08-07-2026,43,Completed
TX001362,SR00449,C0259,F0600,P0086,T068,27-04-2026,19,Cancelled
TX001363,SR01185,C0259,F0553,P0061,T075,26-02-2026,24,Pending
TX001364,SR01339,C0480,F0292,P0090,T068,14-01-2026,47,Completed
TX001365,SR01275,C0048,F0122,P0080,T085,30-05-2026,46,Completed
TX001366,SR01069,C0213,F0737,P0061,T075,08-02-2026,31,Completed
TX001367,SR01094,C0045,F0443,P0016,T099,18-04-2026,32,Pending
TX001368,SR01993,C0213,F0062,P0099,T067,17-08-2026,37,Pending
TX001369,SR01265,C0134,F0386,P0025,T045,02-08-2026,15,Pending
TX001370,SR00106,C0231,F0073,P0025,T084,29-04-2026,45,Cancelled
TX001371,SR01853,C0351,F0786,P0015,T070,25-06-2026,15,Pending
TX001372,SR01545,C0141,F0423,P0007,T056,17-07-2026,41,Completed
TX001373,SR01740,C0026,F0628,P0038,T058,26-05-2026,41,Completed
TX001374,SR01777,C0081,F0377,P0085,T036,19-02-2026,15,Completed
TX001375,SR00433,C0358,F0016,P0087,T062,14-07-2026,40,Completed
TX001376,SR02430,C0290,F0511,P0050,T047,22-01-2026,43,Completed
TX001377,SR02476,C0490,F0523,P0032,T014,06-05-2026,25,Completed
TX001378,SR00365,C0448,F0184,P0035,T045,07-07-2026,27,Pending
TX001379,SR00548,C0081,F0574,P0092,T095,17-05-2026,25,Completed
TX001380,SR00616,C0368,F0181,P0006,T034,25-03-2026,3,Pending
TX001381,SR02417,C0046,F0554,P0006,T068,10-04-2026,27,Cancelled
TX001382,SR02332,C0049,F0600,P0007,T042,21-04-2026,34,Completed
TX001383,SR00663,C0397,F0110,P0089,T029,28-06-2026,28,Completed
TX001384,SR01577,C0201,F0234,P0010,T039,27-08-2026,25,Completed
TX001385,SR00609,C0499,F0131,P0095,T096,06-07-2026,25,Pending
TX001386,SR00096,C0003,F0582,P0019,T012,17-03-2026,27,Pending
TX001387,SR00576,C0252,F0189,P0055,T067,27-01-2026,46,Completed
TX001388,SR00194,C0154,F0513,P0098,T084,24-04-2026,21,Completed
TX001389,SR02120,C0493,F0335,P0012,T019,25-07-2026,11,Pending
TX001390,SR01964,C0335,F0067,P0029,T076,02-06-2026,4,Completed
TX001391,SR00461,C0386,F0707,P0073,T064,19-03-2026,43,Completed
TX001392,SR01419,C0146,F0569,P0082,T034,22-01-2026,9,Completed
TX001393,SR00513,C0448,F0210,P0091,T018,02-03-2026,21,Completed
TX001394,SR01414,C0421,F0704,P0002,T095,21-06-2026,38,Cancelled
TX001395,SR02240,C0393,F0568,P0078,T020,10-06-2026,9,Completed
TX001396,SR02200,C0239,F0654,P0033,T095,19-04-2026,12,Pending
TX001397,SR02083,C0461,F0143,P0056,T065,22-03-2026,32,Pending
TX001398,SR00603,C0335,F0008,P0091,T086,12-02-2026,31,Completed
TX001399,SR00477,C0033,F0050,P0091,T030,22-08-2026,12,Pending
TX001400,SR00402,C0442,F0432,P0019,T003,14-04-2026,27,Completed
TX001401,SR00318,C0011,F0630,P0048,T066,04-07-2026,35,Completed
TX001402,SR01535,C0342,F0731,P0029,T038,21-04-2026,11,Completed
TX001403,SR01647,C0125,F0769,P0062,T056,17-05-2026,22,Pending
TX001404,SR02207,C0449,F0479,P0083,T046,03-06-2026,14,Cancelled
TX001405,SR00226,C0365,F0506,P0032,T033,27-03-2026,47,Completed
TX001406,SR00664,C0405,F0233,P0013,T072,13-08-2026,19,Completed
TX001407,SR01820,C0350,F0001,P0007,T051,20-04-2026,42,Cancelled
TX001408,SR01704,C0284,F0156,P0006,T064,03-07-2026,44,Completed
TX001409,SR01069,C0432,F0045,P0037,T068,08-08-2026,9,Completed
TX001410,SR00381,C0149,F0548,P0097,T068,02-04-2026,47,Completed
TX001411,SR01211,C0265,F0403,P0026,T034,26-02-2026,3,Completed
TX001412,SR00430,C0150,F0618,P0041,T077,21-08-2026,19,Completed
TX001413,SR01339,C0057,F0119,P0068,T022,08-07-2026,8,Completed
TX001414,SR02254,C0438,F0731,P0066,T095,09-07-2026,3,Pending
TX001415,SR00490,C0249,F0576,P0028,T081,16-08-2026,28,Completed
TX001416,SR00295,C0027,F0725,P0013,T056,07-01-2026,30,Completed
TX001417,SR01845,C0413,F0519,P0016,T019,15-08-2026,29,Pending
TX001418,SR00061,C0471,F0272,P0023,T091,28-01-2026,21,Completed
TX001419,SR02459,C0331,F0501,P0009,T056,04-02-2026,39,Pending
TX001420,SR01938,C0164,F0484,P0046,T082,22-02-2026,25,Completed
TX001421,SR01009,C0430,F0145,P0065,T003,28-01-2026,27,Completed
TX001422,SR00907,C0370,F0082,P0068,T034,21-01-2026,22,Completed
TX001423,SR00968,C0143,F0521,P0091,T030,31-01-2026,11,Completed
TX001424,SR00992,C0166,F0076,P0030,T082,27-04-2026,33,Completed
TX001425,SR02099,C0494,F0081,P0066,T047,31-03-2026,41,Completed
TX001426,SR02000,C0477,F0058,P0089,T012,23-03-2026,15,Completed
TX001427,SR00512,C0339,F0498,P0003,T062,11-02-2026,23,Completed
TX001428,SR00450,C0019,F0742,P0079,T016,22-08-2026,44,Pending
TX001429,SR01352,C0115,F0398,P0009,T045,21-03-2026,11,Completed
TX001430,SR01626,C0177,F0122,P0056,T100,24-04-2026,21,Pending
TX001431,SR01818,C0268,F0411,P0084,T044,04-02-2026,14,Pending
TX001432,SR00784,C0434,F0386,P0046,T043,20-02-2026,17,Pending
TX001433,SR01207,C0425,F0475,P0056,T005,26-02-2026,23,Completed
TX001434,SR00261,C0138,F0347,P0062,T047,21-08-2026,46,Pending
TX001435,SR01140,C0055,F0426,P0058,T096,12-02-2026,1,Completed
TX001436,SR01719,C0138,F0260,P0074,T096,04-05-2026,18,Completed
TX001437,SR00762,C0118,F0725,P0086,T097,11-05-2026,43,Cancelled
TX001438,SR00797,C0450,F0431,P0014,T037,18-01-2026,5,Completed
TX001439,SR01156,C0008,F0249,P0042,T007,26-03-2026,25,Completed
TX001440,SR02167,C0416,F0003,P0086,T024,20-01-2026,8,Completed
TX001441,SR01511,C0329,F0543,P0039,T022,11-02-2026,28,Cancelled
TX001442,SR02298,C0053,F0305,P0049,T008,12-06-2026,36,Completed
TX001443,SR00155,C0343,F0200,P0075,T071,17-05-2026,32,Pending
TX001444,SR02123,C0291,F0384,P0094,T053,29-04-2026,28,Completed
TX001445,SR00110,C0002,F0389,P0026,T073,21-02-2026,37,Completed
TX001446,SR00806,C0112,F0643,P0096,T020,30-05-2026,27,Completed
TX001447,SR01067,C0175,F0435,P0071,T070,06-08-2026,31,Pending
TX001448,SR00592,C0108,F0561,P0004,T007,23-07-2026,5,Completed
TX001449,SR02474,C0290,F0518,P0087,T073,11-02-2026,2,Cancelled
TX001450,SR02233,C0308,F0680,P0039,T082,13-06-2026,9,Completed
TX001451,SR01429,C0085,F0005,P0029,T026,28-02-2026,27,Cancelled
TX001452,SR01133,C0062,F0302,P0053,T033,26-07-2026,20,Completed
TX001453,SR01905,C0328,F0573,P0058,T044,24-04-2026,18,Completed
TX001454,SR01770,C0235,F0113,P0054,T058,28-06-2026,22,Completed
TX001455,SR01202,C0133,F0354,P0006,T053,10-05-2026,49,Completed
TX001456,SR02068,C0128,F0321,P0083,T011,11-06-2026,19,Completed
TX001457,SR00483,C0020,F0645,P0035,T038,13-08-2026,22,Completed
TX001458,SR00695,C0427,F0771,P0015,T051,02-02-2026,25,Cancelled
TX001459,SR00045,C0421,F0086,P0057,T062,05-08-2026,38,Completed
TX001460,SR00298,C0278,F0172,P0063,T064,26-04-2026,36,Completed
TX001461,SR00497,C0175,F0620,P0011,T067,04-02-2026,48,Completed
TX001462,SR01563,C0108,F0140,P0095,T045,14-04-2026,32,Completed
TX001463,SR02139,C0154,F0398,P0061,T051,14-01-2026,47,Completed
TX001464,SR01476,C0464,F0756,P0100,T034,10-05-2026,30,Cancelled
TX001465,SR01114,C0045,F0781,P0068,T028,24-04-2026,27,Completed
TX001466,SR00676,C0412,F0760,P0002,T032,04-04-2026,28,Completed
TX001467,SR00254,C0153,F0108,P0021,T044,17-04-2026,24,Completed
TX001468,SR01462,C0133,F0120,P0098,T011,29-05-2026,10,Completed
TX001469,SR00353,C0405,F0141,P0056,T022,18-07-2026,18,Completed
TX001470,SR01976,C0481,F0616,P0013,T012,05-04-2026,30,Pending
TX001471,SR01023,C0496,F0144,P0008,T041,05-01-2026,30,Completed
TX001472,SR00876,C0134,F0344,P0054,T050,14-05-2026,8,Completed
TX001473,SR00067,C0296,F0655,P0060,T017,15-08-2026,40,Completed
TX001474,SR00606,C0147,F0394,P0025,T014,05-04-2026,35,Cancelled
TX001475,SR00034,C0097,F0753,P0020,T053,30-01-2026,26,Completed
TX001476,SR01813,C0193,F0399,P0061,T023,05-08-2026,23,Completed
TX001477,SR01225,C0032,F0304,P0044,T087,11-04-2026,28,Completed
TX001478,SR01965,C0083,F0775,P0004,T017,31-03-2026,29,Completed
TX001479,SR01414,C0298,F0438,P0006,T049,12-03-2026,21,Completed
TX001480,SR02386,C0344,F0148,P0024,T081,25-06-2026,43,Completed
TX001481,SR01960,C0136,F0508,P0057,T011,04-02-2026,8,Completed
TX001482,SR00369,C0279,F0619,P0031,T045,28-05-2026,19,Completed
TX001483,SR00292,C0383,F0671,P0002,T048,25-03-2026,20,Pending
TX001484,SR02224,C0448,F0005,P0092,T056,03-04-2026,5,Completed
TX001485,SR00673,C0285,F0087,P0070,T089,21-02-2026,5,Completed
TX001486,SR01913,C0121,F0503,P0059,T059,13-07-2026,44,Completed
TX001487,SR01572,C0357,F0594,P0025,T038,19-04-2026,38,Completed
TX001488,SR01755,C0086,F0523,P0071,T040,11-08-2026,18,Completed
TX001489,SR00667,C0070,F0307,P0095,T063,18-07-2026,14,Completed
TX001490,SR00783,C0180,F0603,P0068,T030,02-07-2026,20,Completed
TX001491,SR01388,C0165,F0464,P0030,T069,19-04-2026,35,Completed
TX001492,SR00056,C0074,F0741,P0040,T039,16-08-2026,15,Completed
TX001493,SR00780,C0027,F0295,P0093,T007,21-05-2026,4,Completed
TX001494,SR01269,C0474,F0604,P0002,T054,15-04-2026,21,Completed
TX001495,SR00512,C0339,F0116,P0023,T026,25-03-2026,30,Completed
TX001496,SR00715,C0359,F0586,P0011,T036,08-08-2026,26,Completed
TX001497,SR02459,C0034,F0586,P0065,T033,03-03-2026,9,Completed
TX001498,SR00725,C0399,F0204,P0046,T014,30-07-2026,42,Completed
TX001499,SR02257,C0183,F0050,P0014,T029,24-02-2026,31,Cancelled
TX001500,SR02318,C0375,F0795,P0095,T092,02-07-2026,36,Completed
TX001501,SR01685,C0246,F0062,P0056,T033,09-03-2026,47,Completed
TX001502,SR00383,C0122,F0375,P0025,T074,20-07-2026,26,Pending
TX001503,SR00515,C0132,F0001,P0095,T041,20-07-2026,29,Completed
TX001504,SR02336,C0071,F0334,P0070,T007,25-06-2026,38,Completed
TX001505,SR00004,C0415,F0657,P0013,T084,27-08-2026,38,Pending
TX001506,SR01260,C0215,F0402,P0083,T091,03-05-2026,42,Completed
TX001507,SR01491,C0391,F0192,P0006,T024,21-07-2026,35,Completed
TX001508,SR02096,C0415,F0316,P0091,T018,13-05-2026,3,Completed
TX001509,SR02238,C0084,F0074,P0040,T094,10-01-2026,18,Completed
TX001510,SR00709,C0166,F0475,P0030,T010,11-04-2026,30,Completed
TX001511,SR01257,C0063,F0004,P0006,T089,08-01-2026,22,Pending
TX001512,SR01585,C0005,F0280,P0094,T018,09-06-2026,3,Completed
TX001513,SR02413,C0494,F0049,P0056,T087,06-02-2026,14,Completed
TX001514,SR01392,C0331,F0192,P0061,T094,19-03-2026,16,Cancelled
TX001515,SR00305,C0226,F0054,P0086,T025,29-07-2026,2,Cancelled
TX001516,SR02311,C0101,F0743,P0051,T023,27-06-2026,38,Completed
TX001517,SR01282,C0296,F0618,P0029,T011,22-03-2026,19,Completed
TX001518,SR00449,C0272,F0743,P0078,T079,02-05-2026,39,Completed
TX001519,SR00476,C0112,F0547,P0054,T035,20-05-2026,43,Pending
TX001520,SR00512,C0008,F0397,P0024,T065,26-03-2026,44,Cancelled
TX001521,SR01804,C0235,F0140,P0085,T062,29-06-2026,45,Pending
TX001522,SR02373,C0255,F0770,P0082,T052,05-02-2026,25,Completed
TX001523,SR01104,C0400,F0735,P0025,T025,13-04-2026,12,Completed
TX001524,SR00245,C0197,F0333,P0065,T037,03-03-2026,5,Completed
TX001525,SR02222,C0049,F0181,P0093,T051,12-06-2026,31,Completed
TX001526,SR01587,C0441,F0310,P0080,T010,03-06-2026,7,Completed
TX001527,SR01427,C0207,F0316,P0020,T041,13-07-2026,12,Completed
TX001528,SR00152,C0361,F0734,P0086,T072,30-03-2026,12,Completed
TX001529,SR02427,C0022,F0054,P0006,T043,25-02-2026,14,Completed
TX001530,SR00193,C0019,F0507,P0062,T040,08-01-2026,19,Cancelled
TX001531,SR01527,C0012,F0615,P0052,T085,26-07-2026,17,Completed
TX001532,SR01493,C0395,F0611,P0004,T054,21-03-2026,26,Pending
TX001533,SR01285,C0121,F0155,P0073,T074,01-07-2026,47,Completed
TX001534,SR01379,C0396,F0331,P0030,T006,29-03-2026,32,Completed
TX001535,SR00995,C0473,F0274,P0086,T093,21-03-2026,34,Completed
TX001536,SR01433,C0332,F0326,P0088,T078,26-02-2026,8,Completed
TX001537,SR00910,C0493,F0070,P0060,T083,07-07-2026,6,Pending
TX001538,SR01185,C0465,F0067,P0063,T070,10-03-2026,10,Completed
TX001539,SR01696,C0362,F0020,P0006,T054,13-03-2026,42,Cancelled
TX001540,SR01856,C0402,F0774,P0090,T053,19-06-2026,9,Pending
TX001541,SR00384,C0302,F0334,P0069,T063,05-05-2026,49,Completed
TX001542,SR02481,C0110,F0183,P0039,T050,29-06-2026,37,Completed
TX001543,SR00242,C0052,F0639,P0009,T073,25-01-2026,41,Completed
TX001544,SR00690,C0191,F0396,P0051,T034,19-08-2026,15,Completed
TX001545,SR00868,C0238,F0292,P0091,T077,26-02-2026,8,Completed
TX001546,SR00809,C0175,F0092,P0087,T035,29-01-2026,9,Completed
TX001547,SR00880,C0052,F0309,P0010,T048,27-01-2026,43,Cancelled
TX001548,SR00808,C0253,F0518,P0077,T007,16-03-2026,22,Completed
TX001549,SR01091,C0250,F0499,P0009,T091,12-04-2026,21,Pending
TX001550,SR01909,C0477,F0313,P0038,T069,19-01-2026,13,Completed
TX001551,SR02069,C0478,F0491,P0045,T025,30-05-2026,18,Completed
TX001552,SR00871,C0308,F0615,P0003,T005,28-05-2026,19,Pending
TX001553,SR00647,C0426,F0745,P0014,T086,06-07-2026,37,Completed
TX001554,SR01692,C0157,F0423,P0089,T001,04-01-2026,41,Completed
TX001555,SR00149,C0485,F0183,P0063,T049,24-01-2026,23,Pending
TX001556,SR01115,C0471,F0104,P0079,T004,19-02-2026,17,Cancelled
TX001557,SR00551,C0063,F0127,P0058,T070,16-04-2026,23,Completed
TX001558,SR01520,C0351,F0009,P0045,T021,21-05-2026,9,Pending
TX001559,SR00196,C0229,F0447,P0002,T043,18-02-2026,4,Completed
TX001560,SR02073,C0134,F0170,P0055,T058,28-03-2026,12,Completed
TX001561,SR00675,C0206,F0181,P0078,T038,04-05-2026,2,Completed
TX001562,SR01286,C0454,F0580,P0021,T069,11-05-2026,2,Completed
TX001563,SR01431,C0463,F0256,P0050,T051,07-05-2026,12,Completed
TX001564,SR01188,C0173,F0663,P0042,T043,03-06-2026,45,Completed
TX001565,SR01120,C0231,F0110,P0088,T033,01-07-2026,10,Completed
TX001566,SR00668,C0259,F0274,P0017,T041,21-07-2026,35,Pending
TX001567,SR01932,C0367,F0042,P0011,T033,20-08-2026,8,Pending
TX001568,SR01290,C0240,F0429,P0022,T058,05-04-2026,23,Pending
TX001569,SR00540,C0198,F0100,P0016,T077,20-03-2026,30,Completed
TX001570,SR00657,C0462,F0193,P0085,T060,08-03-2026,28,Cancelled
TX001571,SR01097,C0187,F0589,P0027,T004,26-03-2026,40,Completed
TX001572,SR02109,C0133,F0705,P0037,T085,10-05-2026,13,Completed
TX001573,SR02404,C0164,F0437,P0026,T079,26-05-2026,37,Completed
TX001574,SR00973,C0167,F0773,P0082,T082,17-01-2026,20,Completed
TX001575,SR00988,C0278,F0606,P0067,T005,28-08-2026,22,Completed
TX001576,SR00323,C0331,F0603,P0048,T083,11-01-2026,16,Completed
TX001577,SR01365,C0068,F0793,P0080,T047,07-04-2026,49,Cancelled
TX001578,SR00600,C0444,F0072,P0008,T085,19-04-2026,41,Completed
TX001579,SR02049,C0127,F0186,P0068,T079,24-03-2026,23,Completed
TX001580,SR01337,C0058,F0350,P0037,T088,22-02-2026,37,Completed
TX001581,SR00555,C0335,F0495,P0038,T013,08-05-2026,45,Completed
TX001582,SR02291,C0105,F0793,P0016,T056,02-01-2026,14,Cancelled
TX001583,SR02039,C0376,F0080,P0010,T073,28-06-2026,16,Completed
TX001584,SR00752,C0475,F0184,P0070,T060,13-06-2026,38,Completed
TX001585,SR00301,C0347,F0239,P0086,T082,05-07-2026,14,Completed
TX001586,SR00661,C0389,F0537,P0092,T073,15-07-2026,5,Completed
TX001587,SR00942,C0248,F0762,P0025,T004,02-08-2026,30,Completed
TX001588,SR01017,C0174,F0751,P0077,T020,05-02-2026,10,Completed
TX001589,SR02056,C0307,F0599,P0012,T064,20-07-2026,29,Completed
TX001590,SR02420,C0179,F0619,P0078,T037,16-05-2026,6,Completed
TX001591,SR01869,C0439,F0333,P0057,T036,30-01-2026,24,Pending
TX001592,SR02114,C0235,F0488,P0087,T092,25-08-2026,12,Completed
TX001593,SR00313,C0250,F0137,P0007,T009,14-07-2026,26,Completed
TX001594,SR00375,C0337,F0406,P0078,T053,06-03-2026,12,Pending
TX001595,SR02271,C0095,F0235,P0047,T032,02-08-2026,13,Completed
TX001596,SR01535,C0281,F0744,P0057,T006,25-06-2026,45,Completed
TX001597,SR00590,C0377,F0295,P0054,T038,18-04-2026,49,Completed
TX001598,SR01980,C0389,F0316,P0072,T041,08-02-2026,17,Completed
TX001599,SR00438,C0113,F0323,P0060,T046,25-06-2026,32,Completed
TX001600,SR01921,C0028,F0722,P0042,T017,12-08-2026,18,Completed
TX001601,SR02208,C0098,F0747,P0044,T073,16-02-2026,9,Completed
TX001602,SR01223,C0410,F0345,P0008,T036,01-01-2026,5,Pending
TX001603,SR01641,C0133,F0797,P0073,T058,25-02-2026,44,Completed
TX001604,SR01830,C0030,F0606,P0071,T055,12-03-2026,4,Cancelled
TX001605,SR02201,C0299,F0678,P0057,T057,01-04-2026,25,Completed
TX001606,SR01459,C0441,F0733,P0073,T051,23-08-2026,11,Completed
TX001607,SR00734,C0113,F0267,P0027,T031,20-08-2026,38,Completed
TX001608,SR00504,C0022,F0441,P0023,T050,10-06-2026,7,Completed
TX001609,SR00889,C0071,F0229,P0093,T054,22-02-2026,29,Cancelled
TX001610,SR00141,C0064,F0248,P0096,T002,20-02-2026,17,Completed
TX001611,SR01747,C0103,F0372,P0086,T073,20-01-2026,26,Completed
TX001612,SR00924,C0091,F0041,P0006,T045,09-07-2026,10,Completed
TX001613,SR01779,C0319,F0173,P0055,T030,23-02-2026,6,Completed
TX001614,SR00155,C0112,F0648,P0074,T003,04-08-2026,9,Pending
TX001615,SR00805,C0275,F0133,P0004,T031,25-05-2026,29,Pending
TX001616,SR00988,C0201,F0498,P0097,T041,27-04-2026,32,Completed
TX001617,SR00219,C0328,F0613,P0079,T084,12-08-2026,45,Pending
TX001618,SR02073,C0328,F0211,P0031,T065,07-02-2026,47,Pending
TX001619,SR01494,C0297,F0367,P0051,T042,22-04-2026,37,Completed
TX001620,SR02111,C0447,F0702,P0092,T013,04-03-2026,1,Completed
TX001621,SR02005,C0099,F0669,P0086,T028,13-02-2026,35,Cancelled
TX001622,SR00086,C0263,F0737,P0083,T092,15-08-2026,35,Pending
TX001623,SR02164,C0198,F0503,P0099,T013,26-05-2026,35,Completed
TX001624,SR00174,C0267,F0710,P0075,T064,08-02-2026,33,Completed
TX001625,SR02178,C0070,F0319,P0094,T052,26-01-2026,34,Pending
TX001626,SR01675,C0160,F0482,P0096,T022,16-03-2026,29,Cancelled
TX001627,SR02049,C0471,F0534,P0002,T088,20-07-2026,31,Completed
TX001628,SR01250,C0401,F0782,P0066,T040,04-02-2026,34,Pending
TX001629,SR00401,C0214,F0295,P0034,T067,28-06-2026,3,Completed
TX001630,SR00374,C0056,F0700,P0050,T010,26-01-2026,25,Completed
TX001631,SR00297,C0325,F0408,P0017,T097,22-03-2026,7,Completed
TX001632,SR02014,C0151,F0084,P0068,T003,06-05-2026,46,Completed
TX001633,SR01334,C0165,F0525,P0084,T032,31-01-2026,49,Completed
TX001634,SR00542,C0049,F0785,P0042,T092,06-04-2026,8,Pending
TX001635,SR00313,C0145,F0363,P0070,T064,06-03-2026,44,Completed
TX001636,SR00196,C0108,F0440,P0033,T068,12-01-2026,24,Completed
TX001637,SR00646,C0017,F0742,P0075,T032,01-01-2026,33,Completed
TX001638,SR01874,C0294,F0737,P0009,T078,04-02-2026,32,Completed
TX001639,SR02232,C0485,F0321,P0089,T094,29-06-2026,6,Completed
TX001640,SR01521,C0063,F0609,P0038,T063,10-01-2026,45,Completed
TX001641,SR02490,C0027,F0505,P0051,T022,02-05-2026,32,Cancelled
TX001642,SR00987,C0051,F0519,P0081,T091,06-01-2026,24,Completed
TX001643,SR00832,C0273,F0577,P0003,T001,21-02-2026,31,Completed
TX001644,SR01732,C0413,F0262,P0095,T090,12-02-2026,48,Completed
TX001645,SR00337,C0155,F0244,P0062,T001,23-03-2026,32,Completed
TX001646,SR02279,C0060,F0022,P0098,T006,28-06-2026,33,Pending
TX001647,SR01951,C0048,F0686,P0056,T005,12-04-2026,43,Completed
TX001648,SR00086,C0305,F0222,P0021,T019,04-01-2026,35,Pending
TX001649,SR00469,C0179,F0540,P0059,T073,04-02-2026,8,Completed
TX001650,SR01570,C0177,F0549,P0058,T040,15-03-2026,41,Completed
TX001651,SR01847,C0120,F0563,P0093,T008,08-03-2026,45,Completed
TX001652,SR00546,C0449,F0691,P0058,T035,16-05-2026,36,Completed
TX001653,SR01868,C0188,F0695,P0041,T100,26-03-2026,8,Pending
TX001654,SR01186,C0354,F0002,P0018,T053,28-06-2026,26,Completed
TX001655,SR01689,C0372,F0673,P0033,T073,02-03-2026,3,Completed
TX001656,SR01060,C0030,F0167,P0059,T027,12-06-2026,38,Completed
TX001657,SR01136,C0125,F0517,P0037,T053,25-01-2026,47,Completed
TX001658,SR00975,C0448,F0539,P0037,T080,26-08-2026,2,Pending
TX001659,SR00393,C0442,F0043,P0002,T068,25-08-2026,6,Completed
TX001660,SR00476,C0207,F0227,P0095,T001,08-03-2026,46,Cancelled
TX001661,SR00420,C0079,F0729,P0084,T061,26-02-2026,40,Completed
TX001662,SR02007,C0150,F0114,P0026,T080,01-01-2026,41,Pending
TX001663,SR01059,C0475,F0186,P0014,T014,23-08-2026,11,Pending
TX001664,SR00949,C0337,F0066,P0084,T040,10-01-2026,32,Cancelled
TX001665,SR02140,C0038,F0134,P0084,T065,01-01-2026,41,Pending
TX001666,SR02218,C0359,F0511,P0090,T001,24-01-2026,4,Completed
TX001667,SR00585,C0074,F0674,P0055,T072,12-03-2026,14,Completed
TX001668,SR00887,C0152,F0476,P0074,T085,23-08-2026,15,Pending
TX001669,SR01030,C0241,F0228,P0073,T053,09-02-2026,27,Pending
TX001670,SR02100,C0176,F0687,P0022,T045,17-05-2026,13,Completed
TX001671,SR01680,C0350,F0294,P0053,T010,06-06-2026,17,Pending
TX001672,SR01362,C0079,F0252,P0027,T073,11-07-2026,13,Completed
TX001673,SR00588,C0439,F0405,P0076,T095,17-06-2026,4,Completed
TX001674,SR00965,C0297,F0110,P0098,T088,25-08-2026,33,Completed
TX001675,SR00073,C0153,F0286,P0008,T055,08-06-2026,32,Completed
TX001676,SR01761,C0479,F0640,P0008,T004,22-07-2026,43,Completed
TX001677,SR02298,C0240,F0487,P0027,T029,18-03-2026,29,Completed
TX001678,SR01967,C0209,F0791,P0012,T027,08-04-2026,34,Completed
TX001679,SR00774,C0011,F0621,P0001,T001,26-06-2026,18,Completed
TX001680,SR01207,C0499,F0289,P0098,T012,30-07-2026,20,Completed
TX001681,SR02395,C0424,F0614,P0059,T058,02-01-2026,21,Completed
TX001682,SR01064,C0089,F0693,P0078,T010,15-04-2026,48,Completed
TX001683,SR02098,C0474,F0505,P0057,T004,12-07-2026,24,Completed
TX001684,SR01444,C0399,F0611,P0075,T095,28-01-2026,43,Pending
TX001685,SR01248,C0211,F0403,P0069,T061,26-03-2026,16,Cancelled
TX001686,SR01463,C0465,F0730,P0017,T081,12-05-2026,34,Completed
TX001687,SR00560,C0280,F0191,P0016,T025,20-01-2026,14,Pending
TX001688,SR01064,C0345,F0340,P0049,T037,08-08-2026,20,Completed
TX001689,SR00761,C0092,F0204,P0038,T062,30-03-2026,43,Completed
TX001690,SR01895,C0055,F0082,P0085,T069,08-07-2026,34,Pending
TX001691,SR01531,C0264,F0493,P0031,T037,13-04-2026,24,Cancelled
TX001692,SR01000,C0164,F0095,P0033,T092,07-04-2026,20,Completed
TX001693,SR02057,C0491,F0181,P0053,T071,20-08-2026,40,Completed
TX001694,SR01133,C0043,F0611,P0020,T023,25-07-2026,8,Completed
TX001695,SR02384,C0382,F0193,P0086,T010,04-05-2026,42,Completed
TX001696,SR01514,C0301,F0691,P0002,T002,22-04-2026,31,Completed
TX001697,SR02215,C0440,F0040,P0085,T085,07-07-2026,17,Completed
TX001698,SR02468,C0500,F0366,P0063,T083,14-06-2026,35,Pending
TX001699,SR00818,C0436,F0054,P0089,T048,24-08-2026,49,Completed
TX001700,SR00652,C0188,F0048,P0030,T073,21-03-2026,18,Completed
TX001701,SR02090,C0348,F0633,P0091,T089,28-01-2026,20,Pending
TX001702,SR00580,C0082,F0054,P0087,T017,16-02-2026,46,Pending
TX001703,SR01881,C0243,F0714,P0046,T099,07-05-2026,17,Completed
TX001704,SR00443,C0135,F0479,P0029,T049,17-03-2026,42,Completed
TX001705,SR02175,C0126,F0387,P0020,T044,14-07-2026,45,Completed
TX001706,SR01724,C0286,F0735,P0016,T017,30-07-2026,29,Completed
TX001707,SR01303,C0064,F0311,P0059,T068,14-02-2026,5,Completed
TX001708,SR01123,C0285,F0320,P0097,T061,26-08-2026,3,Completed
TX001709,SR01594,C0201,F0328,P0057,T003,01-06-2026,14,Completed
TX001710,SR00972,C0115,F0521,P0097,T065,05-03-2026,1,Completed
TX001711,SR00995,C0282,F0678,P0076,T015,18-02-2026,38,Completed
TX001712,SR00511,C0376,F0434,P0069,T028,09-02-2026,32,Pending
TX001713,SR00395,C0306,F0225,P0073,T062,24-04-2026,23,Cancelled
TX001714,SR02228,C0045,F0712,P0093,T079,18-01-2026,40,Completed
TX001715,SR01874,C0282,F0480,P0086,T014,01-02-2026,7,Completed
TX001716,SR01108,C0312,F0666,P0017,T048,30-06-2026,25,Completed
TX001717,SR02080,C0342,F0346,P0059,T029,28-04-2026,17,Completed
TX001718,SR01520,C0213,F0160,P0047,T071,07-05-2026,2,Pending
TX001719,SR01498,C0048,F0756,P0088,T083,19-03-2026,24,Completed
TX001720,SR00282,C0064,F0543,P0021,T064,14-05-2026,8,Completed
TX001721,SR01346,C0166,F0247,P0082,T080,24-03-2026,3,Completed
TX001722,SR00270,C0318,F0679,P0048,T046,11-01-2026,11,Pending
TX001723,SR01710,C0370,F0008,P0094,T060,17-05-2026,10,Pending
TX001724,SR00169,C0337,F0745,P0080,T030,20-01-2026,31,Pending
TX001725,SR01286,C0157,F0463,P0035,T099,15-06-2026,39,Completed
TX001726,SR00919,C0221,F0472,P0085,T021,08-08-2026,24,Completed
TX001727,SR00328,C0024,F0011,P0019,T093,10-06-2026,32,Completed
TX001728,SR01183,C0399,F0141,P0001,T075,19-05-2026,6,Pending
TX001729,SR00502,C0177,F0577,P0051,T099,20-08-2026,39,Completed
TX001730,SR00612,C0255,F0447,P0039,T065,22-02-2026,25,Completed
TX001731,SR02225,C0225,F0103,P0013,T036,05-07-2026,21,Completed
TX001732,SR00875,C0143,F0533,P0100,T029,19-02-2026,43,Completed
TX001733,SR01010,C0085,F0598,P0004,T018,01-01-2026,16,Completed
TX001734,SR00016,C0477,F0218,P0059,T097,27-02-2026,22,Completed
TX001735,SR00752,C0060,F0552,P0027,T011,01-05-2026,46,Pending
TX001736,SR00878,C0473,F0779,P0030,T082,16-01-2026,8,Completed
TX001737,SR01798,C0057,F0386,P0022,T070,08-03-2026,26,Pending
TX001738,SR00298,C0048,F0184,P0039,T013,12-01-2026,29,Completed
TX001739,SR02325,C0452,F0770,P0067,T092,28-02-2026,35,Completed
TX001740,SR00321,C0474,F0730,P0033,T017,22-06-2026,46,Completed
TX001741,SR01632,C0448,F0366,P0073,T017,06-02-2026,17,Pending
TX001742,SR00012,C0388,F0341,P0045,T055,05-03-2026,6,Completed
TX001743,SR02050,C0247,F0668,P0079,T011,02-02-2026,20,Completed
TX001744,SR01741,C0054,F0001,P0045,T011,03-04-2026,8,Completed
TX001745,SR02094,C0296,F0250,P0037,T063,02-07-2026,36,Pending
TX001746,SR02329,C0260,F0435,P0051,T097,09-05-2026,28,Completed
TX001747,SR02085,C0368,F0524,P0069,T006,18-02-2026,38,Completed
TX001748,SR01554,C0018,F0503,P0047,T064,18-03-2026,17,Completed
TX001749,SR02097,C0039,F0297,P0091,T061,10-06-2026,47,Completed
TX001750,SR00241,C0295,F0696,P0052,T007,25-04-2026,44,Completed
TX001751,SR01614,C0428,F0520,P0030,T015,21-04-2026,45,Completed
TX001752,SR02475,C0467,F0433,P0003,T045,27-07-2026,35,Completed
TX001753,SR00943,C0285,F0751,P0040,T070,16-07-2026,10,Cancelled
TX001754,SR02439,C0185,F0076,P0006,T023,28-02-2026,8,Completed
TX001755,SR01267,C0237,F0568,P0004,T044,19-06-2026,47,Completed
TX001756,SR01171,C0255,F0742,P0038,T050,09-07-2026,43,Completed
TX001757,SR00751,C0310,F0530,P0030,T072,04-08-2026,44,Completed
TX001758,SR00270,C0114,F0453,P0089,T025,05-03-2026,32,Pending
TX001759,SR02191,C0195,F0292,P0074,T069,24-06-2026,42,Pending
TX001760,SR01802,C0271,F0218,P0080,T084,14-02-2026,25,Completed
TX001761,SR01001,C0426,F0437,P0055,T059,17-04-2026,8,Pending
TX001762,SR02404,C0402,F0720,P0012,T073,18-01-2026,13,Completed
TX001763,SR00460,C0377,F0370,P0086,T017,25-05-2026,42,Cancelled
TX001764,SR01947,C0108,F0097,P0050,T091,14-06-2026,32,Completed
TX001765,SR01131,C0204,F0387,P0043,T031,18-04-2026,49,Pending
TX001766,SR01561,C0277,F0078,P0061,T020,09-04-2026,45,Pending
TX001767,SR00094,C0484,F0749,P0017,T055,28-02-2026,38,Completed
TX001768,SR01528,C0178,F0429,P0049,T039,04-07-2026,2,Completed
TX001769,SR01698,C0460,F0172,P0061,T047,07-08-2026,10,Cancelled
TX001770,SR02445,C0374,F0500,P0070,T081,01-02-2026,19,Completed
TX001771,SR00866,C0317,F0431,P0051,T054,08-03-2026,2,Completed
TX001772,SR00183,C0352,F0409,P0100,T038,25-05-2026,46,Completed
TX001773,SR00155,C0397,F0474,P0100,T081,29-03-2026,12,Completed
TX001774,SR00374,C0350,F0744,P0010,T038,04-01-2026,19,Completed
TX001775,SR00749,C0337,F0685,P0009,T096,06-01-2026,34,Pending
TX001776,SR02078,C0189,F0211,P0052,T099,26-02-2026,2,Cancelled
TX001777,SR00488,C0214,F0192,P0083,T047,21-08-2026,32,Completed
TX001778,SR00363,C0300,F0793,P0052,T078,27-05-2026,5,Cancelled
TX001779,SR00080,C0422,F0516,P0022,T071,03-03-2026,45,Completed
TX001780,SR00959,C0326,F0016,P0057,T087,14-01-2026,34,Completed
TX001781,SR01509,C0494,F0424,P0095,T047,01-07-2026,17,Completed
TX001782,SR00704,C0341,F0095,P0017,T041,01-04-2026,35,Completed
TX001783,SR01239,C0204,F0024,P0045,T028,05-04-2026,16,Completed
TX001784,SR00609,C0288,F0149,P0064,T059,15-05-2026,6,Completed
TX001785,SR02001,C0312,F0204,P0040,T062,24-02-2026,1,Completed
TX001786,SR00065,C0434,F0064,P0005,T046,24-06-2026,11,Completed
TX001787,SR00502,C0128,F0669,P0067,T032,17-03-2026,35,Completed
TX001788,SR01416,C0125,F0351,P0075,T046,19-06-2026,28,Completed
TX001789,SR02107,C0101,F0442,P0066,T051,05-05-2026,14,Completed
TX001790,SR01004,C0028,F0693,P0067,T013,05-02-2026,34,Cancelled
TX001791,SR00175,C0338,F0670,P0066,T067,30-05-2026,20,Pending
TX001792,SR01379,C0482,F0657,P0034,T085,19-01-2026,8,Cancelled
TX001793,SR00676,C0307,F0158,P0002,T033,21-06-2026,34,Cancelled
TX001794,SR00762,C0031,F0596,P0099,T040,01-04-2026,23,Pending
TX001795,SR02306,C0183,F0797,P0021,T010,10-06-2026,33,Completed
TX001796,SR02354,C0452,F0006,P0083,T059,27-02-2026,28,Completed
TX001797,SR00647,C0026,F0695,P0055,T043,08-04-2026,5,Completed
TX001798,SR01479,C0307,F0693,P0054,T086,15-03-2026,3,Completed
TX001799,SR01353,C0221,F0674,P0003,T091,02-03-2026,5,Completed
TX001800,SR02404,C0460,F0318,P0100,T078,24-03-2026,11,Completed
TX001801,SR02366,C0257,F0160,P0053,T022,13-01-2026,11,Completed
TX001802,SR00876,C0283,F0586,P0084,T020,06-04-2026,46,Pending
TX001803,SR00064,C0362,F0499,P0078,T049,30-01-2026,39,Completed
TX001804,SR00006,C0411,F0582,P0014,T062,05-05-2026,44,Cancelled
TX001805,SR00012,C0258,F0205,P0095,T004,22-01-2026,24,Pending
TX001806,SR01954,C0361,F0143,P0060,T050,03-01-2026,16,Pending
TX001807,SR01850,C0403,F0722,P0019,T009,16-04-2026,20,Completed
TX001808,SR02069,C0263,F0413,P0059,T027,13-03-2026,43,Cancelled
TX001809,SR00349,C0359,F0682,P0062,T036,30-07-2026,18,Completed
TX001810,SR00147,C0182,F0741,P0066,T005,05-03-2026,31,Pending
TX001811,SR00427,C0178,F0368,P0033,T027,06-04-2026,8,Completed
TX001812,SR01564,C0002,F0211,P0095,T063,26-02-2026,49,Completed
TX001813,SR00023,C0335,F0717,P0024,T100,02-08-2026,32,Completed
TX001814,SR01653,C0126,F0573,P0050,T078,09-07-2026,48,Pending
TX001815,SR02223,C0407,F0533,P0084,T031,11-02-2026,15,Pending
TX001816,SR00365,C0476,F0767,P0008,T095,02-03-2026,31,Completed
TX001817,SR01848,C0438,F0198,P0041,T045,14-02-2026,14,Pending
TX001818,SR01382,C0138,F0289,P0048,T036,06-02-2026,23,Completed
TX001819,SR02361,C0326,F0032,P0078,T085,27-02-2026,16,Cancelled
TX001820,SR00608,C0376,F0311,P0079,T040,24-07-2026,7,Completed
TX001821,SR00568,C0254,F0358,P0080,T074,21-04-2026,22,Cancelled
TX001822,SR00042,C0255,F0363,P0036,T017,02-04-2026,26,Pending
TX001823,SR01763,C0219,F0121,P0050,T034,15-02-2026,8,Completed
TX001824,SR02168,C0155,F0648,P0003,T099,14-02-2026,20,Completed
TX001825,SR00047,C0287,F0392,P0083,T025,14-05-2026,5,Completed
TX001826,SR01230,C0496,F0352,P0031,T085,30-06-2026,32,Cancelled
TX001827,SR01811,C0110,F0692,P0047,T047,14-05-2026,16,Completed
TX001828,SR01955,C0024,F0389,P0069,T096,07-06-2026,5,Pending
TX001829,SR02326,C0029,F0714,P0078,T042,04-03-2026,26,Cancelled
TX001830,SR01808,C0292,F0178,P0009,T050,15-08-2026,41,Completed
TX001831,SR02302,C0135,F0681,P0077,T040,17-07-2026,49,Completed
TX001832,SR02485,C0231,F0791,P0038,T021,30-07-2026,48,Completed
TX001833,SR02319,C0476,F0601,P0042,T085,10-06-2026,9,Completed
TX001834,SR01095,C0039,F0714,P0014,T058,16-06-2026,11,Pending
TX001835,SR01018,C0088,F0593,P0072,T051,18-01-2026,44,Completed
TX001836,SR01069,C0108,F0481,P0048,T038,08-02-2026,32,Pending
TX001837,SR02377,C0229,F0612,P0011,T078,01-02-2026,27,Completed
TX001838,SR00705,C0348,F0769,P0015,T035,26-04-2026,40,Pending
TX001839,SR01881,C0092,F0485,P0073,T024,22-05-2026,4,Completed
TX001840,SR01563,C0055,F0550,P0011,T009,29-01-2026,28,Completed
TX001841,SR00155,C0043,F0064,P0053,T088,30-06-2026,29,Completed
TX001842,SR01216,C0401,F0768,P0070,T008,12-05-2026,46,Pending
TX001843,SR00487,C0015,F0623,P0092,T085,23-05-2026,23,Completed
TX001844,SR01822,C0313,F0130,P0016,T038,09-08-2026,26,Completed
TX001845,SR01119,C0290,F0232,P0030,T001,21-05-2026,40,Pending
TX001846,SR00892,C0051,F0181,P0016,T093,01-01-2026,14,Completed
TX001847,SR00165,C0277,F0256,P0088,T075,04-07-2026,4,Completed
TX001848,SR00328,C0144,F0709,P0060,T073,30-07-2026,24,Completed
TX001849,SR01911,C0258,F0372,P0099,T055,21-01-2026,30,Completed
TX001850,SR02157,C0069,F0336,P0005,T077,10-05-2026,24,Completed
TX001851,SR00728,C0334,F0624,P0071,T014,23-04-2026,35,Completed
TX001852,SR02071,C0399,F0297,P0004,T024,06-02-2026,13,Completed
TX001853,SR01381,C0002,F0709,P0011,T055,08-03-2026,1,Completed
TX001854,SR00878,C0267,F0604,P0044,T074,25-07-2026,39,Completed
TX001855,SR01129,C0324,F0206,P0037,T059,05-04-2026,42,Completed
TX001856,SR01726,C0002,F0505,P0037,T041,09-05-2026,31,Completed
TX001857,SR02273,C0363,F0387,P0007,T068,06-07-2026,16,Completed
TX001858,SR01232,C0272,F0276,P0055,T006,18-04-2026,19,Completed
TX001859,SR00867,C0154,F0726,P0035,T051,02-08-2026,24,Cancelled
TX001860,SR01903,C0242,F0319,P0100,T040,30-04-2026,21,Completed
TX001861,SR01313,C0342,F0094,P0079,T050,25-08-2026,11,Pending
TX001862,SR00976,C0322,F0327,P0044,T014,05-02-2026,19,Completed
TX001863,SR01150,C0389,F0414,P0077,T091,02-08-2026,15,Completed
TX001864,SR01340,C0018,F0102,P0058,T086,28-01-2026,22,Pending
TX001865,SR00351,C0394,F0595,P0050,T095,15-07-2026,19,Completed
TX001866,SR00145,C0018,F0184,P0092,T085,08-06-2026,26,Cancelled
TX001867,SR01662,C0326,F0074,P0059,T067,15-05-2026,40,Completed
TX001868,SR00438,C0175,F0431,P0049,T029,31-07-2026,17,Completed
TX001869,SR01330,C0032,F0129,P0057,T012,03-06-2026,3,Completed
TX001870,SR01955,C0345,F0626,P0079,T062,16-06-2026,41,Pending
TX001871,SR00538,C0277,F0055,P0075,T095,01-07-2026,10,Completed
TX001872,SR00954,C0334,F0336,P0055,T037,21-07-2026,46,Completed
TX001873,SR02446,C0188,F0042,P0018,T100,25-02-2026,26,Cancelled
TX001874,SR00088,C0140,F0307,P0064,T016,22-07-2026,26,Completed
TX001875,SR01890,C0313,F0747,P0044,T029,22-05-2026,21,Completed
TX001876,SR00420,C0109,F0521,P0094,T065,08-01-2026,35,Completed
TX001877,SR02265,C0407,F0429,P0091,T050,09-08-2026,32,Completed
TX001878,SR01029,C0342,F0126,P0001,T077,05-07-2026,46,Completed
TX001879,SR00017,C0500,F0251,P0100,T035,02-08-2026,1,Completed
TX001880,SR01795,C0014,F0305,P0091,T078,05-07-2026,10,Cancelled
TX001881,SR00369,C0293,F0463,P0091,T031,24-03-2026,14,Completed
TX001882,SR00909,C0279,F0167,P0050,T015,25-03-2026,10,Completed
TX001883,SR01256,C0429,F0800,P0028,T057,08-03-2026,47,Completed
TX001884,SR01863,C0213,F0522,P0061,T052,09-04-2026,4,Completed
TX001885,SR01048,C0469,F0250,P0089,T057,09-01-2026,6,Completed
TX001886,SR02146,C0120,F0090,P0046,T003,28-06-2026,22,Completed
TX001887,SR01205,C0428,F0477,P0099,T042,30-06-2026,13,Pending
TX001888,SR00853,C0261,F0359,P0027,T010,25-08-2026,17,Completed
TX001889,SR00843,C0472,F0540,P0086,T081,13-05-2026,30,Cancelled
TX001890,SR02001,C0109,F0477,P0007,T009,26-08-2026,28,Cancelled
TX001891,SR01663,C0131,F0513,P0084,T094,20-02-2026,43,Completed
TX001892,SR00318,C0283,F0667,P0095,T006,24-04-2026,23,Pending
TX001893,SR01876,C0276,F0421,P0071,T062,07-07-2026,46,Pending
TX001894,SR01039,C0075,F0580,P0063,T034,09-07-2026,10,Completed
TX001895,SR00873,C0326,F0288,P0042,T012,05-07-2026,10,Completed
TX001896,SR00244,C0203,F0755,P0088,T036,22-04-2026,20,Completed
TX001897,SR02496,C0076,F0327,P0013,T004,18-01-2026,6,Completed
TX001898,SR00132,C0256,F0544,P0030,T070,27-07-2026,2,Pending
TX001899,SR02492,C0349,F0799,P0014,T088,02-04-2026,19,Completed
TX001900,SR00162,C0016,F0280,P0028,T033,05-06-2026,27,Completed
TX001901,SR01264,C0461,F0082,P0053,T044,01-02-2026,14,Completed
TX001902,SR00262,C0306,F0186,P0034,T015,13-08-2026,14,Cancelled
TX001903,SR01233,C0131,F0196,P0043,T049,03-03-2026,5,Completed
TX001904,SR02090,C0376,F0046,P0024,T095,28-08-2026,6,Completed
TX001905,SR01476,C0422,F0436,P0036,T054,21-06-2026,44,Completed
TX001906,SR01360,C0479,F0223,P0050,T088,21-03-2026,4,Cancelled
TX001907,SR00298,C0396,F0078,P0022,T079,30-03-2026,35,Completed
TX001908,SR02369,C0102,F0110,P0094,T013,24-08-2026,36,Completed
TX001909,SR00939,C0082,F0219,P0090,T006,23-05-2026,10,Completed
TX001910,SR01346,C0105,F0296,P0088,T037,16-06-2026,13,Completed
TX001911,SR02245,C0438,F0780,P0001,T095,28-05-2026,19,Completed
TX001912,SR01572,C0153,F0563,P0050,T017,27-02-2026,33,Pending
TX001913,SR01838,C0166,F0572,P0080,T005,01-02-2026,2,Pending
TX001914,SR00462,C0446,F0554,P0035,T096,01-01-2026,40,Completed
TX001915,SR01151,C0103,F0643,P0024,T020,08-04-2026,17,Cancelled
TX001916,SR01352,C0204,F0255,P0062,T036,14-06-2026,25,Completed
TX001917,SR00440,C0149,F0080,P0001,T079,14-03-2026,45,Completed
TX001918,SR00964,C0151,F0407,P0062,T010,23-02-2026,7,Completed
TX001919,SR02079,C0298,F0002,P0046,T018,04-04-2026,47,Completed
TX001920,SR02329,C0371,F0174,P0069,T073,25-02-2026,31,Completed
TX001921,SR02059,C0133,F0603,P0069,T001,15-04-2026,21,Completed
TX001922,SR02335,C0019,F0403,P0054,T072,13-05-2026,4,Completed
TX001923,SR02497,C0320,F0553,P0059,T055,07-03-2026,4,Cancelled
TX001924,SR00497,C0275,F0409,P0003,T025,08-01-2026,41,Completed
TX001925,SR02139,C0330,F0435,P0099,T062,25-01-2026,20,Completed
TX001926,SR01551,C0226,F0242,P0008,T033,10-04-2026,38,Completed
TX001927,SR02148,C0389,F0175,P0098,T095,12-02-2026,41,Pending
TX001928,SR01596,C0313,F0208,P0098,T042,11-07-2026,20,Completed
TX001929,SR00313,C0379,F0639,P0072,T075,09-02-2026,16,Completed
TX001930,SR01407,C0366,F0784,P0075,T027,07-01-2026,14,Pending
TX001931,SR01901,C0249,F0066,P0003,T084,29-05-2026,32,Completed
TX001932,SR00311,C0163,F0430,P0095,T029,30-05-2026,35,Pending
TX001933,SR01262,C0292,F0377,P0053,T051,11-06-2026,18,Completed
TX001934,SR01636,C0319,F0450,P0034,T081,08-02-2026,28,Pending
TX001935,SR01161,C0286,F0187,P0067,T093,13-06-2026,27,Completed
TX001936,SR01998,C0263,F0007,P0054,T076,27-07-2026,8,Cancelled
TX001937,SR00318,C0172,F0163,P0037,T067,26-05-2026,26,Completed
TX001938,SR00864,C0067,F0146,P0033,T070,04-04-2026,38,Completed
TX001939,SR02379,C0214,F0042,P0012,T041,26-04-2026,48,Pending
TX001940,SR01287,C0441,F0286,P0091,T069,14-07-2026,17,Completed
TX001941,SR00453,C0359,F0548,P0067,T058,04-02-2026,12,Completed
TX001942,SR00291,C0378,F0773,P0029,T053,23-06-2026,44,Completed
TX001943,SR01483,C0369,F0526,P0073,T032,06-03-2026,46,Completed
TX001944,SR02327,C0461,F0141,P0070,T036,30-07-2026,41,Completed
TX001945,SR00123,C0114,F0290,P0014,T013,03-02-2026,17,Completed
TX001946,SR00274,C0361,F0243,P0018,T073,05-05-2026,14,Completed
TX001947,SR00939,C0035,F0170,P0024,T003,07-04-2026,31,Completed
TX001948,SR00521,C0123,F0793,P0011,T012,27-04-2026,13,Pending
TX001949,SR00303,C0015,F0525,P0083,T030,02-04-2026,38,Completed
TX001950,SR00747,C0216,F0385,P0016,T015,09-01-2026,20,Completed
TX001951,SR01608,C0071,F0350,P0082,T075,25-07-2026,17,Completed
TX001952,SR02065,C0194,F0255,P0053,T013,09-05-2026,40,Completed
TX001953,SR00766,C0068,F0334,P0012,T046,25-05-2026,18,Completed
TX001954,SR01752,C0018,F0508,P0085,T074,06-05-2026,7,Completed
TX001955,SR02058,C0239,F0743,P0018,T059,07-05-2026,39,Completed
TX001956,SR00018,C0206,F0398,P0100,T060,26-05-2026,16,Pending
TX001957,SR02133,C0209,F0148,P0002,T035,11-04-2026,33,Completed
TX001958,SR00459,C0173,F0766,P0063,T046,01-02-2026,33,Completed
TX001959,SR01713,C0205,F0252,P0032,T077,08-01-2026,5,Completed
TX001960,SR01876,C0002,F0067,P0054,T048,10-05-2026,2,Completed
TX001961,SR02114,C0240,F0436,P0084,T070,14-02-2026,41,Completed
TX001962,SR01010,C0424,F0633,P0079,T083,19-04-2026,3,Completed
TX001963,SR01649,C0070,F0207,P0029,T025,26-05-2026,17,Cancelled
TX001964,SR00066,C0072,F0224,P0007,T013,24-05-2026,38,Completed
TX001965,SR01118,C0391,F0232,P0029,T047,10-02-2026,9,Completed
TX001966,SR02410,C0251,F0646,P0081,T039,08-06-2026,26,Pending
TX001967,SR00397,C0129,F0766,P0052,T015,14-08-2026,6,Pending
TX001968,SR00379,C0393,F0679,P0076,T077,28-03-2026,28,Completed
TX001969,SR01751,C0163,F0181,P0050,T063,29-01-2026,35,Completed
TX001970,SR01277,C0303,F0680,P0053,T066,01-05-2026,13,Completed
TX001971,SR01138,C0279,F0248,P0007,T071,29-05-2026,14,Completed
TX001972,SR00621,C0085,F0694,P0003,T044,05-04-2026,27,Completed
TX001973,SR00429,C0378,F0794,P0071,T052,24-05-2026,39,Completed
TX001974,SR01844,C0310,F0575,P0021,T023,03-07-2026,27,Cancelled
TX001975,SR00895,C0105,F0765,P0037,T074,19-05-2026,35,Completed
TX001976,SR01942,C0379,F0114,P0037,T095,11-07-2026,21,Pending
TX001977,SR01109,C0311,F0524,P0064,T088,05-02-2026,7,Completed
TX001978,SR00994,C0428,F0042,P0095,T041,12-03-2026,48,Completed
TX001979,SR00576,C0411,F0522,P0076,T005,14-05-2026,40,Pending
TX001980,SR01647,C0160,F0273,P0064,T088,04-03-2026,3,Completed
TX001981,SR00712,C0469,F0776,P0084,T058,27-08-2026,14,Completed
TX001982,SR02273,C0017,F0397,P0052,T078,12-06-2026,21,Completed
TX001983,SR01021,C0168,F0610,P0015,T031,09-04-2026,4,Completed
TX001984,SR02038,C0304,F0243,P0049,T087,05-07-2026,43,Pending
TX001985,SR01175,C0268,F0060,P0098,T084,24-08-2026,9,Completed
TX001986,SR01038,C0113,F0594,P0078,T002,03-01-2026,11,Pending
TX001987,SR01133,C0100,F0178,P0035,T057,14-05-2026,16,Completed
TX001988,SR01104,C0391,F0578,P0033,T048,13-04-2026,46,Pending
TX001989,SR01198,C0439,F0372,P0092,T066,01-07-2026,12,Completed
TX001990,SR02218,C0340,F0778,P0010,T026,15-03-2026,21,Completed
TX001991,SR01758,C0266,F0283,P0094,T010,20-03-2026,34,Pending
TX001992,SR00086,C0387,F0321,P0068,T028,03-07-2026,8,Completed
TX001993,SR00146,C0121,F0593,P0081,T053,02-08-2026,5,Completed
TX001994,SR00058,C0484,F0629,P0033,T027,04-02-2026,5,Pending
TX001995,SR01728,C0063,F0101,P0065,T047,28-05-2026,9,Completed
TX001996,SR00515,C0293,F0593,P0033,T039,06-07-2026,17,Completed
TX001997,SR00964,C0171,F0394,P0002,T070,09-02-2026,47,Completed
TX001998,SR02070,C0453,F0791,P0046,T042,08-06-2026,46,Pending
TX001999,SR00330,C0123,F0505,P0098,T015,24-08-2026,28,Completed
TX002000,SR00384,C0321,F0619,P0025,T064,22-07-2026,47,Completed
TX002001,SR00199,C0079,F0276,P0017,T022,16-02-2026,2,Completed
TX002002,SR00714,C0091,F0227,P0093,T031,26-08-2026,28,Completed
TX002003,SR00225,C0209,F0629,P0092,T071,27-03-2026,22,Completed
TX002004,SR01573,C0400,F0013,P0085,T028,25-04-2026,6,Pending
TX002005,SR01842,C0140,F0465,P0098,T007,11-03-2026,28,Pending
TX002006,SR00461,C0347,F0775,P0100,T037,17-06-2026,23,Pending
TX002007,SR01311,C0286,F0793,P0092,T039,31-01-2026,38,Pending
TX002008,SR00758,C0489,F0573,P0097,T069,20-06-2026,21,Completed
TX002009,SR00201,C0151,F0398,P0075,T071,14-01-2026,22,Completed
TX002010,SR01168,C0122,F0651,P0032,T001,22-07-2026,12,Completed
TX002011,SR01744,C0452,F0012,P0046,T076,20-03-2026,24,Completed
TX002012,SR00571,C0167,F0635,P0039,T075,05-05-2026,4,Completed
TX002013,SR01971,C0108,F0152,P0051,T018,24-02-2026,28,Completed
TX002014,SR02482,C0411,F0589,P0070,T034,26-01-2026,19,Pending
TX002015,SR00141,C0407,F0279,P0025,T077,06-01-2026,14,Completed
TX002016,SR00409,C0032,F0602,P0002,T058,24-08-2026,19,Completed
TX002017,SR00724,C0429,F0483,P0061,T034,02-02-2026,44,Cancelled
TX002018,SR02125,C0317,F0744,P0100,T077,14-01-2026,35,Completed
TX002019,SR00356,C0140,F0630,P0087,T064,04-05-2026,42,Completed
TX002020,SR01176,C0268,F0732,P0002,T052,19-08-2026,20,Completed
TX002021,SR01344,C0120,F0121,P0060,T001,20-01-2026,20,Completed
TX002022,SR00323,C0085,F0304,P0054,T065,03-03-2026,1,Completed
TX002023,SR00106,C0067,F0350,P0043,T018,14-05-2026,34,Cancelled
TX002024,SR00297,C0083,F0025,P0067,T092,29-04-2026,1,Pending
TX002025,SR00141,C0292,F0019,P0043,T019,04-02-2026,48,Pending
TX002026,SR01251,C0406,F0031,P0092,T003,17-08-2026,34,Pending
TX002027,SR02342,C0244,F0614,P0091,T038,27-03-2026,23,Completed
TX002028,SR00884,C0008,F0358,P0065,T035,12-06-2026,33,Cancelled
TX002029,SR00642,C0215,F0602,P0046,T036,20-04-2026,49,Completed
TX002030,SR00587,C0374,F0668,P0060,T093,21-05-2026,8,Completed
TX002031,SR02454,C0418,F0029,P0091,T028,06-08-2026,37,Cancelled
TX002032,SR02398,C0367,F0679,P0031,T084,20-03-2026,43,Completed
TX002033,SR01622,C0185,F0181,P0087,T017,15-07-2026,29,Completed
TX002034,SR01159,C0325,F0324,P0060,T062,12-03-2026,33,Pending
TX002035,SR00400,C0035,F0771,P0007,T014,18-03-2026,25,Completed
TX002036,SR02323,C0205,F0242,P0075,T023,08-01-2026,8,Completed
TX002037,SR00004,C0269,F0752,P0021,T015,25-03-2026,49,Completed
TX002038,SR00410,C0015,F0406,P0052,T034,21-05-2026,15,Completed
TX002039,SR01697,C0008,F0011,P0096,T046,03-06-2026,19,Completed
TX002040,SR00459,C0401,F0667,P0078,T086,14-04-2026,48,Completed
TX002041,SR00271,C0111,F0036,P0070,T076,27-03-2026,3,Completed
TX002042,SR01491,C0063,F0510,P0007,T070,23-02-2026,20,Completed
TX002043,SR00066,C0297,F0367,P0086,T049,06-08-2026,28,Completed
TX002044,SR00675,C0141,F0112,P0034,T029,03-04-2026,12,Completed
TX002045,SR01607,C0490,F0412,P0006,T030,15-03-2026,33,Completed
TX002046,SR00463,C0474,F0290,P0096,T014,14-08-2026,26,Completed
TX002047,SR01899,C0412,F0079,P0020,T067,02-06-2026,13,Completed
TX002048,SR00237,C0151,F0445,P0033,T079,23-07-2026,11,Completed
TX002049,SR01534,C0438,F0036,P0015,T055,04-04-2026,15,Pending
TX002050,SR00191,C0128,F0431,P0063,T058,14-04-2026,39,Completed
TX002051,SR01830,C0120,F0181,P0087,T038,25-06-2026,26,Completed
TX002052,SR01883,C0487,F0665,P0052,T097,24-08-2026,39,Completed
TX002053,SR01988,C0338,F0761,P0087,T089,09-07-2026,36,Completed
TX002054,SR00706,C0043,F0746,P0094,T041,21-04-2026,40,Completed
TX002055,SR00591,C0444,F0751,P0088,T076,24-05-2026,42,Completed
TX002056,SR02447,C0081,F0081,P0017,T035,25-03-2026,31,Completed
TX002057,SR01824,C0341,F0408,P0021,T013,20-04-2026,18,Completed
TX002058,SR00458,C0220,F0180,P0030,T030,04-04-2026,35,Completed
TX002059,SR00073,C0009,F0078,P0064,T084,24-01-2026,47,Cancelled
TX002060,SR00887,C0394,F0314,P0087,T049,29-07-2026,16,Completed
TX002061,SR01663,C0344,F0344,P0032,T087,02-02-2026,24,Completed
TX002062,SR00938,C0443,F0238,P0067,T033,06-03-2026,44,Completed
TX002063,SR02020,C0306,F0092,P0019,T046,02-03-2026,30,Completed
TX002064,SR01251,C0378,F0327,P0055,T008,23-02-2026,8,Pending
TX002065,SR02479,C0454,F0125,P0078,T079,30-04-2026,18,Completed
TX002066,SR02177,C0489,F0033,P0040,T032,19-08-2026,13,Completed
TX002067,SR01179,C0281,F0362,P0017,T010,20-03-2026,24,Completed
TX002068,SR02087,C0009,F0053,P0042,T022,26-06-2026,49,Cancelled
TX002069,SR01121,C0173,F0773,P0077,T067,25-06-2026,42,Completed
TX002070,SR00025,C0310,F0671,P0094,T082,03-07-2026,48,Completed
TX002071,SR00771,C0055,F0741,P0062,T096,30-05-2026,37,Completed
TX002072,SR01024,C0059,F0083,P0068,T024,27-06-2026,25,Completed
TX002073,SR02442,C0198,F0372,P0042,T060,02-07-2026,33,Completed
TX002074,SR02070,C0456,F0660,P0093,T046,13-06-2026,25,Completed
TX002075,SR00367,C0161,F0461,P0087,T072,15-05-2026,3,Cancelled
TX002076,SR00001,C0468,F0246,P0098,T068,22-01-2026,6,Completed
TX002077,SR01322,C0402,F0666,P0087,T008,02-05-2026,28,Completed
TX002078,SR01335,C0152,F0248,P0055,T015,30-06-2026,33,Cancelled
TX002079,SR01839,C0116,F0780,P0097,T060,24-03-2026,13,Completed
TX002080,SR00649,C0414,F0081,P0061,T054,01-03-2026,2,Completed
TX002081,SR02031,C0379,F0565,P0061,T089,23-05-2026,4,Completed
TX002082,SR01032,C0316,F0011,P0066,T085,01-02-2026,16,Pending
TX002083,SR00837,C0490,F0732,P0019,T006,22-06-2026,43,Completed
TX002084,SR01051,C0051,F0285,P0084,T059,24-08-2026,21,Completed
TX002085,SR02362,C0193,F0017,P0037,T041,27-04-2026,48,Completed
TX002086,SR00980,C0302,F0669,P0066,T049,07-01-2026,44,Completed
TX002087,SR01402,C0036,F0774,P0085,T007,07-03-2026,43,Cancelled
TX002088,SR02230,C0489,F0736,P0012,T084,08-01-2026,48,Completed
TX002089,SR00046,C0286,F0389,P0031,T017,21-04-2026,12,Completed
TX002090,SR01342,C0155,F0050,P0095,T095,16-03-2026,48,Completed
TX002091,SR01771,C0120,F0183,P0037,T094,05-07-2026,46,Completed
TX002092,SR02260,C0001,F0025,P0067,T083,22-07-2026,40,Pending
TX002093,SR00154,C0297,F0036,P0057,T012,15-04-2026,10,Completed
TX002094,SR01817,C0489,F0128,P0087,T041,23-08-2026,15,Completed
TX002095,SR02007,C0019,F0451,P0052,T003,18-04-2026,32,Completed
TX002096,SR00878,C0207,F0614,P0043,T062,29-01-2026,3,Pending
TX002097,SR01866,C0332,F0468,P0002,T087,06-08-2026,41,Completed
TX002098,SR01234,C0216,F0164,P0048,T053,05-04-2026,21,Completed
TX002099,SR01646,C0326,F0482,P0059,T003,01-08-2026,2,Completed
TX002100,SR00975,C0357,F0185,P0069,T031,26-06-2026,15,Pending
TX002101,SR00443,C0483,F0369,P0079,T018,14-08-2026,20,Cancelled
TX002102,SR02072,C0303,F0712,P0078,T044,04-06-2026,33,Completed
TX002103,SR00542,C0355,F0108,P0046,T038,23-05-2026,30,Completed
TX002104,SR00469,C0151,F0700,P0008,T083,26-02-2026,19,Completed
TX002105,SR02216,C0076,F0217,P0026,T023,09-03-2026,31,Completed
TX002106,SR02342,C0050,F0537,P0041,T031,21-03-2026,44,Completed
TX002107,SR01524,C0055,F0210,P0098,T024,16-03-2026,18,Completed
TX002108,SR01452,C0414,F0132,P0077,T089,23-05-2026,19,Completed
TX002109,SR00902,C0021,F0361,P0090,T030,28-07-2026,5,Completed
TX002110,SR01530,C0242,F0305,P0100,T100,09-01-2026,19,Completed
TX002111,SR01524,C0307,F0406,P0014,T067,29-05-2026,14,Completed
TX002112,SR01293,C0337,F0189,P0002,T031,01-07-2026,38,Pending
TX002113,SR01638,C0034,F0783,P0058,T060,17-04-2026,6,Completed
TX002114,SR01387,C0431,F0538,P0027,T013,08-03-2026,29,Pending
TX002115,SR02199,C0219,F0673,P0087,T091,14-04-2026,38,Pending
TX002116,SR01670,C0009,F0624,P0047,T096,18-07-2026,13,Pending
TX002117,SR00964,C0067,F0580,P0001,T030,08-08-2026,4,Pending
TX002118,SR01638,C0430,F0114,P0023,T018,14-06-2026,34,Pending
TX002119,SR00576,C0472,F0471,P0035,T043,27-04-2026,29,Completed
TX002120,SR00536,C0376,F0719,P0003,T078,04-06-2026,28,Completed
TX002121,SR02068,C0167,F0077,P0032,T063,12-06-2026,44,Pending
TX002122,SR01457,C0474,F0371,P0054,T004,04-07-2026,6,Completed
TX002123,SR00135,C0138,F0148,P0090,T001,04-02-2026,10,Completed
TX002124,SR00887,C0117,F0637,P0065,T024,19-01-2026,23,Completed
TX002125,SR02461,C0383,F0746,P0010,T076,24-03-2026,28,Completed
TX002126,SR01593,C0162,F0042,P0042,T027,04-03-2026,46,Completed
TX002127,SR02172,C0260,F0642,P0077,T090,28-05-2026,31,Completed
TX002128,SR01370,C0331,F0289,P0037,T030,06-05-2026,11,Completed
TX002129,SR00107,C0084,F0772,P0057,T090,09-08-2026,42,Completed
TX002130,SR00450,C0463,F0012,P0099,T092,06-07-2026,21,Completed
TX002131,SR00231,C0084,F0154,P0014,T073,05-02-2026,43,Pending
TX002132,SR01837,C0497,F0575,P0048,T018,23-07-2026,14,Cancelled
TX002133,SR01892,C0139,F0623,P0061,T008,04-07-2026,39,Completed
TX002134,SR01143,C0209,F0064,P0080,T018,02-04-2026,27,Completed
TX002135,SR01812,C0127,F0129,P0084,T064,14-01-2026,28,Pending
TX002136,SR01379,C0270,F0271,P0029,T070,10-07-2026,48,Completed
TX002137,SR01850,C0001,F0028,P0047,T099,16-02-2026,8,Completed
TX002138,SR01682,C0086,F0626,P0084,T096,22-02-2026,16,Completed
TX002139,SR01140,C0260,F0536,P0084,T031,23-04-2026,9,Pending
TX002140,SR01633,C0347,F0600,P0083,T039,20-01-2026,41,Completed
TX002141,SR00797,C0482,F0376,P0067,T078,06-04-2026,42,Completed
TX002142,SR01873,C0419,F0513,P0027,T078,01-03-2026,42,Completed
TX002143,SR02285,C0461,F0459,P0037,T032,13-01-2026,12,Cancelled
TX002144,SR00517,C0400,F0556,P0066,T004,05-08-2026,13,Pending
TX002145,SR01668,C0389,F0361,P0026,T010,04-03-2026,20,Completed
TX002146,SR00276,C0173,F0521,P0069,T083,11-05-2026,38,Cancelled
TX002147,SR00944,C0453,F0517,P0052,T035,16-07-2026,37,Completed
TX002148,SR01673,C0482,F0514,P0045,T073,26-04-2026,49,Pending
TX002149,SR00694,C0257,F0698,P0036,T081,12-03-2026,39,Pending
TX002150,SR00590,C0061,F0280,P0078,T090,28-06-2026,47,Pending
TX002151,SR00960,C0022,F0704,P0047,T050,16-06-2026,14,Completed
TX002152,SR00287,C0247,F0023,P0031,T064,03-01-2026,30,Completed
TX002153,SR01564,C0318,F0389,P0039,T020,16-07-2026,27,Completed
TX002154,SR00329,C0278,F0354,P0049,T095,29-01-2026,8,Completed
TX002155,SR00833,C0449,F0695,P0062,T089,27-06-2026,47,Pending
TX002156,SR00783,C0269,F0037,P0100,T039,24-01-2026,6,Completed
TX002157,SR02420,C0331,F0174,P0035,T037,16-01-2026,42,Completed
TX002158,SR02480,C0379,F0376,P0018,T074,30-01-2026,14,Completed
TX002159,SR00199,C0448,F0653,P0098,T042,27-06-2026,11,Completed
TX002160,SR00394,C0305,F0372,P0015,T073,19-04-2026,30,Completed
TX002161,SR01831,C0279,F0512,P0091,T010,25-05-2026,23,Completed
TX002162,SR00747,C0039,F0143,P0015,T027,09-03-2026,19,Completed
TX002163,SR01611,C0322,F0755,P0037,T079,29-01-2026,45,Completed
TX002164,SR02302,C0090,F0628,P0100,T093,08-07-2026,35,Completed
TX002165,SR00408,C0185,F0035,P0017,T003,19-07-2026,30,Cancelled
TX002166,SR02409,C0267,F0564,P0016,T078,21-07-2026,39,Completed
TX002167,SR00132,C0042,F0104,P0061,T007,16-01-2026,40,Completed
TX002168,SR00573,C0348,F0448,P0020,T087,10-08-2026,9,Cancelled
TX002169,SR01269,C0141,F0567,P0003,T026,11-05-2026,22,Completed
TX002170,SR02202,C0258,F0741,P0070,T037,17-02-2026,45,Completed
TX002171,SR01385,C0176,F0057,P0096,T072,17-02-2026,40,Completed
TX002172,SR00348,C0178,F0230,P0076,T085,01-05-2026,3,Completed
TX002173,SR00623,C0197,F0553,P0097,T042,25-05-2026,13,Completed
TX002174,SR01904,C0026,F0210,P0053,T032,12-01-2026,13,Pending
TX002175,SR01404,C0098,F0571,P0062,T098,30-04-2026,26,Completed
TX002176,SR00033,C0393,F0147,P0099,T097,27-02-2026,40,Completed
TX002177,SR01254,C0061,F0131,P0051,T053,09-08-2026,24,Pending
TX002178,SR01017,C0249,F0436,P0004,T003,28-05-2026,10,Completed
TX002179,SR00002,C0071,F0552,P0024,T097,31-03-2026,28,Completed
TX002180,SR00619,C0270,F0165,P0063,T062,12-04-2026,11,Pending
TX002181,SR02339,C0322,F0700,P0086,T056,20-07-2026,34,Completed
TX002182,SR01761,C0235,F0696,P0061,T012,15-06-2026,48,Completed
TX002183,SR00177,C0386,F0065,P0041,T100,03-04-2026,31,Completed
TX002184,SR00041,C0133,F0244,P0033,T072,21-07-2026,45,Pending
TX002185,SR00865,C0279,F0445,P0069,T022,30-05-2026,27,Pending
TX002186,SR01163,C0139,F0393,P0090,T037,15-01-2026,40,Pending
TX002187,SR01134,C0255,F0204,P0028,T035,01-06-2026,47,Completed
TX002188,SR01742,C0032,F0424,P0056,T088,14-08-2026,9,Completed
TX002189,SR00434,C0135,F0771,P0043,T048,27-07-2026,33,Completed
TX002190,SR00117,C0354,F0247,P0025,T088,11-01-2026,13,Pending
TX002191,SR01682,C0390,F0176,P0041,T069,31-07-2026,5,Completed
TX002192,SR02244,C0136,F0591,P0009,T037,24-08-2026,12,Completed
TX002193,SR00420,C0130,F0457,P0054,T041,09-02-2026,7,Completed
TX002194,SR00903,C0150,F0554,P0011,T081,03-06-2026,10,Completed
TX002195,SR01567,C0140,F0518,P0048,T050,01-07-2026,1,Completed
TX002196,SR00414,C0497,F0609,P0090,T069,11-01-2026,48,Cancelled
TX002197,SR02150,C0326,F0584,P0015,T013,18-07-2026,22,Completed
TX002198,SR00564,C0193,F0485,P0026,T043,05-04-2026,9,Completed
TX002199,SR01332,C0231,F0364,P0073,T058,13-03-2026,17,Completed
TX002200,SR00848,C0256,F0369,P0091,T035,03-03-2026,37,Completed
TX002201,SR01669,C0277,F0213,P0096,T085,02-05-2026,31,Completed
TX002202,SR00496,C0194,F0360,P0013,T022,11-07-2026,3,Completed
TX002203,SR00246,C0488,F0485,P0024,T085,17-07-2026,8,Completed
TX002204,SR01277,C0146,F0574,P0099,T007,24-02-2026,27,Pending
TX002205,SR02164,C0214,F0619,P0051,T043,18-07-2026,48,Completed
TX002206,SR01583,C0003,F0302,P0084,T052,18-07-2026,4,Completed
TX002207,SR01889,C0246,F0587,P0002,T026,15-01-2026,43,Completed
TX002208,SR01084,C0428,F0350,P0012,T055,16-03-2026,4,Completed
TX002209,SR00351,C0499,F0287,P0021,T091,04-01-2026,25,Completed
TX002210,SR01068,C0237,F0131,P0009,T045,26-08-2026,12,Completed
TX002211,SR02469,C0070,F0213,P0090,T054,24-04-2026,21,Completed
TX002212,SR01955,C0360,F0544,P0081,T096,06-03-2026,46,Completed
TX002213,SR01759,C0321,F0174,P0040,T093,03-08-2026,11,Cancelled
TX002214,SR00753,C0480,F0062,P0008,T002,14-06-2026,32,Cancelled
TX002215,SR01500,C0253,F0218,P0011,T073,14-08-2026,17,Pending
TX002216,SR01557,C0002,F0793,P0027,T086,12-07-2026,32,Completed
TX002217,SR01636,C0451,F0120,P0073,T095,18-08-2026,3,Completed
TX002218,SR02233,C0338,F0115,P0081,T081,21-02-2026,15,Completed
TX002219,SR01704,C0401,F0323,P0054,T009,18-02-2026,47,Completed
TX002220,SR00554,C0060,F0307,P0091,T076,19-01-2026,36,Completed
TX002221,SR00554,C0229,F0737,P0093,T085,24-03-2026,46,Cancelled
TX002222,SR01550,C0229,F0191,P0077,T053,13-05-2026,34,Pending
TX002223,SR02166,C0134,F0334,P0008,T003,16-05-2026,10,Completed
TX002224,SR02370,C0424,F0233,P0089,T020,12-06-2026,23,Completed
TX002225,SR01525,C0095,F0200,P0091,T028,25-06-2026,44,Pending
TX002226,SR01325,C0036,F0258,P0056,T087,16-07-2026,34,Cancelled
TX002227,SR02041,C0118,F0206,P0060,T013,05-05-2026,26,Completed
TX002228,SR02443,C0495,F0575,P0078,T075,07-03-2026,43,Completed
TX002229,SR00070,C0057,F0633,P0060,T018,16-04-2026,6,Completed
TX002230,SR00776,C0291,F0142,P0035,T084,29-07-2026,48,Completed
TX002231,SR00835,C0092,F0397,P0070,T002,15-07-2026,7,Completed
TX002232,SR01411,C0198,F0212,P0079,T024,08-08-2026,49,Completed
TX002233,SR00738,C0276,F0695,P0015,T011,10-05-2026,40,Completed
TX002234,SR00778,C0010,F0081,P0068,T056,07-07-2026,24,Completed
TX002235,SR00062,C0121,F0328,P0018,T079,10-04-2026,24,Pending
TX002236,SR00010,C0294,F0266,P0058,T042,02-01-2026,2,Completed
TX002237,SR01125,C0008,F0291,P0011,T054,28-06-2026,16,Completed
TX002238,SR02494,C0248,F0753,P0100,T064,21-01-2026,12,Completed
TX002239,SR00740,C0302,F0433,P0067,T046,02-06-2026,35,Pending
TX002240,SR00601,C0108,F0305,P0047,T076,28-08-2026,10,Completed
TX002241,SR00662,C0082,F0647,P0051,T029,07-01-2026,40,Completed
TX002242,SR02433,C0246,F0622,P0062,T018,26-06-2026,15,Completed
TX002243,SR01660,C0360,F0116,P0013,T019,28-07-2026,42,Completed
TX002244,SR01633,C0007,F0370,P0051,T018,31-05-2026,18,Cancelled
TX002245,SR00474,C0169,F0330,P0072,T004,15-06-2026,37,Completed
TX002246,SR02260,C0500,F0360,P0027,T005,05-08-2026,33,Completed
TX002247,SR00492,C0168,F0280,P0048,T006,06-07-2026,49,Completed
TX002248,SR02419,C0167,F0660,P0034,T016,10-01-2026,26,Completed
TX002249,SR02382,C0369,F0797,P0017,T064,05-07-2026,18,Pending
TX002250,SR01420,C0241,F0022,P0098,T025,01-07-2026,32,Completed
TX002251,SR02171,C0196,F0686,P0060,T059,24-02-2026,2,Pending
TX002252,SR02500,C0393,F0692,P0040,T008,07-06-2026,48,Completed
TX002253,SR01451,C0016,F0293,P0034,T081,22-07-2026,34,Completed
TX002254,SR01919,C0357,F0389,P0068,T036,23-07-2026,3,Cancelled
TX002255,SR01477,C0191,F0082,P0011,T045,29-07-2026,9,Completed
TX002256,SR01310,C0445,F0281,P0057,T068,06-07-2026,1,Pending
TX002257,SR00837,C0363,F0191,P0024,T100,30-01-2026,33,Completed
TX002258,SR01638,C0471,F0726,P0089,T080,27-04-2026,33,Completed
TX002259,SR00669,C0065,F0086,P0079,T041,25-02-2026,8,Cancelled
TX002260,SR00486,C0095,F0272,P0076,T035,18-01-2026,27,Completed
TX002261,SR00689,C0452,F0385,P0015,T034,05-03-2026,24,Completed
TX002262,SR00028,C0196,F0783,P0009,T009,07-08-2026,24,Completed
TX002263,SR02335,C0408,F0654,P0046,T034,24-05-2026,31,Completed
TX002264,SR00642,C0344,F0750,P0036,T076,03-07-2026,42,Completed
TX002265,SR02000,C0250,F0249,P0073,T028,01-05-2026,45,Completed
TX002266,SR01088,C0023,F0215,P0072,T040,27-03-2026,8,Cancelled
TX002267,SR00849,C0037,F0458,P0040,T007,26-04-2026,47,Completed
TX002268,SR00571,C0359,F0273,P0017,T026,25-08-2026,29,Completed
TX002269,SR02052,C0049,F0013,P0033,T007,10-03-2026,9,Completed
TX002270,SR01286,C0003,F0650,P0051,T048,16-03-2026,46,Completed
TX002271,SR01125,C0110,F0076,P0026,T030,23-07-2026,19,Completed
TX002272,SR01645,C0458,F0157,P0032,T097,30-03-2026,22,Completed
TX002273,SR02007,C0314,F0755,P0025,T059,05-08-2026,48,Completed
TX002274,SR01640,C0360,F0586,P0007,T038,22-08-2026,29,Pending
TX002275,SR01170,C0327,F0514,P0061,T054,16-01-2026,8,Cancelled
TX002276,SR02235,C0283,F0104,P0100,T096,10-06-2026,4,Pending
TX002277,SR02240,C0129,F0201,P0096,T019,23-01-2026,41,Completed
TX002278,SR02416,C0215,F0165,P0093,T026,31-07-2026,18,Pending
TX002279,SR00228,C0273,F0514,P0066,T055,28-01-2026,5,Completed
TX002280,SR02227,C0495,F0401,P0075,T011,02-08-2026,3,Completed
TX002281,SR00483,C0450,F0289,P0007,T052,04-07-2026,47,Completed
TX002282,SR01551,C0369,F0597,P0021,T016,09-05-2026,29,Completed
TX002283,SR01645,C0407,F0623,P0071,T087,19-02-2026,26,Completed
TX002284,SR00515,C0404,F0592,P0099,T078,06-03-2026,29,Completed
TX002285,SR00021,C0334,F0085,P0091,T005,14-04-2026,21,Completed
TX002286,SR02359,C0413,F0488,P0064,T054,23-07-2026,47,Cancelled
TX002287,SR02229,C0037,F0169,P0011,T021,04-08-2026,30,Completed
TX002288,SR00438,C0011,F0218,P0097,T059,01-05-2026,32,Completed
TX002289,SR01504,C0223,F0783,P0032,T055,25-02-2026,44,Completed
TX002290,SR00379,C0028,F0333,P0005,T097,16-05-2026,1,Completed
TX002291,SR01417,C0170,F0631,P0077,T018,19-07-2026,16,Cancelled
TX002292,SR00794,C0100,F0197,P0018,T051,10-05-2026,41,Completed
TX002293,SR01880,C0479,F0778,P0031,T097,02-08-2026,5,Completed
TX002294,SR01435,C0328,F0222,P0068,T012,03-01-2026,17,Completed
TX002295,SR01246,C0021,F0146,P0097,T026,01-05-2026,9,Completed
TX002296,SR01704,C0312,F0259,P0091,T072,12-01-2026,35,Completed
TX002297,SR01190,C0367,F0139,P0017,T011,27-05-2026,42,Cancelled
TX002298,SR00034,C0163,F0480,P0018,T021,28-05-2026,13,Pending
TX002299,SR01490,C0442,F0116,P0081,T096,16-03-2026,34,Completed
TX002300,SR01946,C0487,F0167,P0032,T059,10-07-2026,38,Completed
TX002301,SR01226,C0491,F0562,P0008,T006,17-08-2026,45,Pending
TX002302,SR00438,C0047,F0035,P0059,T086,20-04-2026,46,Completed
TX002303,SR00020,C0225,F0353,P0066,T053,15-04-2026,23,Pending
TX002304,SR00742,C0389,F0554,P0100,T048,15-02-2026,4,Completed
TX002305,SR01921,C0222,F0357,P0049,T100,07-01-2026,37,Pending
TX002306,SR00806,C0241,F0018,P0080,T032,08-04-2026,27,Completed
TX002307,SR02391,C0165,F0127,P0054,T038,16-04-2026,23,Pending
TX002308,SR00832,C0210,F0777,P0093,T058,04-07-2026,27,Pending
TX002309,SR01070,C0348,F0618,P0049,T025,26-07-2026,32,Completed
TX002310,SR01901,C0013,F0281,P0068,T013,27-01-2026,15,Completed
TX002311,SR01535,C0400,F0699,P0097,T014,06-02-2026,17,Completed
TX002312,SR00103,C0364,F0006,P0088,T031,15-05-2026,17,Pending
TX002313,SR00191,C0070,F0038,P0041,T008,01-04-2026,25,Completed
TX002314,SR00492,C0386,F0708,P0051,T051,18-06-2026,34,Cancelled
TX002315,SR02180,C0261,F0540,P0060,T100,19-03-2026,3,Completed
TX002316,SR00056,C0160,F0480,P0013,T026,10-04-2026,15,Completed
TX002317,SR00180,C0228,F0276,P0024,T005,17-04-2026,36,Pending
TX002318,SR01946,C0259,F0654,P0071,T004,25-05-2026,2,Pending
TX002319,SR01558,C0106,F0487,P0008,T017,17-01-2026,39,Completed
TX002320,SR02460,C0304,F0349,P0061,T059,01-08-2026,38,Pending
TX002321,SR00549,C0315,F0305,P0049,T048,23-03-2026,16,Completed
TX002322,SR01649,C0184,F0284,P0049,T041,21-02-2026,31,Completed
TX002323,SR00337,C0231,F0461,P0085,T076,03-06-2026,25,Completed
TX002324,SR01476,C0308,F0525,P0028,T040,02-02-2026,13,Completed
TX002325,SR00266,C0252,F0644,P0080,T062,22-05-2026,8,Completed
TX002326,SR02271,C0218,F0325,P0079,T100,15-01-2026,48,Completed
TX002327,SR01040,C0479,F0204,P0100,T017,05-03-2026,43,Pending
TX002328,SR00638,C0440,F0445,P0083,T012,24-06-2026,45,Completed
TX002329,SR02462,C0190,F0467,P0051,T022,31-03-2026,7,Completed
TX002330,SR00167,C0360,F0223,P0037,T016,05-08-2026,48,Completed
TX002331,SR02000,C0406,F0059,P0079,T083,27-03-2026,31,Completed
TX002332,SR01275,C0056,F0267,P0093,T088,15-06-2026,26,Completed
TX002333,SR01720,C0296,F0057,P0029,T056,08-01-2026,17,Cancelled
TX002334,SR00651,C0400,F0066,P0037,T014,23-08-2026,12,Cancelled
TX002335,SR02204,C0029,F0773,P0050,T086,28-05-2026,16,Completed
TX002336,SR01128,C0169,F0626,P0011,T092,19-06-2026,9,Completed
TX002337,SR01047,C0399,F0029,P0032,T041,20-03-2026,39,Completed
TX002338,SR01141,C0468,F0280,P0017,T068,11-03-2026,47,Completed
TX002339,SR00741,C0497,F0204,P0078,T061,15-04-2026,48,Completed
TX002340,SR00798,C0302,F0780,P0050,T053,03-03-2026,44,Cancelled
TX002341,SR00351,C0022,F0351,P0061,T036,05-01-2026,7,Completed
TX002342,SR01216,C0014,F0208,P0008,T028,10-06-2026,37,Completed
TX002343,SR01187,C0406,F0508,P0058,T028,21-06-2026,43,Cancelled
TX002344,SR00951,C0368,F0381,P0072,T036,12-06-2026,26,Completed
TX002345,SR02465,C0097,F0150,P0069,T076,13-05-2026,28,Completed
TX002346,SR00283,C0066,F0245,P0080,T083,06-05-2026,19,Pending
TX002347,SR02276,C0073,F0102,P0012,T012,25-08-2026,41,Completed
TX002348,SR02167,C0439,F0556,P0055,T006,07-05-2026,35,Completed
TX002349,SR00056,C0383,F0777,P0049,T048,19-06-2026,31,Completed
TX002350,SR01754,C0475,F0647,P0090,T077,10-04-2026,1,Completed
TX002351,SR00523,C0057,F0301,P0070,T057,08-01-2026,48,Completed
TX002352,SR00104,C0348,F0390,P0096,T083,25-03-2026,26,Pending
TX002353,SR02153,C0462,F0049,P0003,T072,23-06-2026,47,Completed
TX002354,SR00290,C0267,F0294,P0045,T071,02-06-2026,34,Completed
TX002355,SR00748,C0388,F0026,P0071,T054,16-06-2026,26,Cancelled
TX002356,SR00242,C0302,F0596,P0009,T006,29-06-2026,37,Cancelled
TX002357,SR00355,C0004,F0728,P0066,T018,22-02-2026,13,Pending
TX002358,SR00155,C0215,F0154,P0024,T075,15-07-2026,23,Pending
TX002359,SR02106,C0131,F0540,P0008,T031,21-06-2026,2,Cancelled
TX002360,SR00148,C0042,F0480,P0066,T073,15-03-2026,37,Pending
TX002361,SR01899,C0298,F0335,P0043,T034,01-05-2026,16,Completed
TX002362,SR00393,C0465,F0587,P0041,T002,25-07-2026,5,Completed
TX002363,SR02288,C0027,F0544,P0033,T068,10-02-2026,40,Completed
TX002364,SR02120,C0165,F0216,P0069,T090,14-03-2026,12,Completed
TX002365,SR01574,C0335,F0639,P0062,T045,16-02-2026,11,Completed
TX002366,SR02071,C0157,F0525,P0067,T014,15-03-2026,8,Completed
TX002367,SR00746,C0059,F0250,P0079,T042,19-02-2026,30,Completed
TX002368,SR01958,C0096,F0589,P0061,T097,13-07-2026,17,Completed
TX002369,SR00554,C0013,F0513,P0008,T032,26-08-2026,28,Completed
TX002370,SR01537,C0497,F0094,P0016,T008,21-08-2026,17,Completed
TX002371,SR02299,C0246,F0134,P0100,T077,27-03-2026,37,Completed
TX002372,SR01809,C0472,F0260,P0029,T024,12-08-2026,19,Completed
TX002373,SR00674,C0343,F0036,P0043,T004,20-01-2026,39,Completed
TX002374,SR01847,C0175,F0326,P0038,T070,27-01-2026,23,Completed
TX002375,SR02209,C0472,F0370,P0100,T034,20-03-2026,1,Completed
TX002376,SR02224,C0131,F0621,P0083,T014,11-03-2026,22,Pending
TX002377,SR01848,C0091,F0138,P0049,T006,09-08-2026,13,Completed
TX002378,SR01831,C0403,F0455,P0069,T019,02-07-2026,25,Pending
TX002379,SR01963,C0277,F0532,P0056,T015,30-06-2026,7,Pending
TX002380,SR01842,C0212,F0360,P0065,T002,13-07-2026,37,Cancelled
TX002381,SR00335,C0295,F0726,P0096,T038,24-06-2026,31,Pending
TX002382,SR02011,C0484,F0256,P0068,T083,02-05-2026,7,Completed
TX002383,SR00450,C0141,F0327,P0012,T040,15-01-2026,48,Completed
TX002384,SR01391,C0451,F0004,P0051,T004,04-01-2026,18,Completed
TX002385,SR00849,C0456,F0329,P0082,T089,23-08-2026,11,Completed
TX002386,SR00533,C0380,F0017,P0004,T064,01-05-2026,1,Completed
TX002387,SR00705,C0079,F0788,P0036,T097,17-08-2026,13,Cancelled
TX002388,SR00212,C0045,F0193,P0021,T059,08-01-2026,2,Completed
TX002389,SR01100,C0061,F0650,P0073,T048,02-06-2026,24,Completed
TX002390,SR01048,C0352,F0094,P0015,T052,09-03-2026,30,Cancelled
TX002391,SR01009,C0200,F0220,P0063,T001,29-03-2026,19,Completed
TX002392,SR00230,C0494,F0096,P0007,T038,07-06-2026,43,Completed
TX002393,SR01518,C0004,F0295,P0093,T045,29-04-2026,48,Completed
TX002394,SR00424,C0187,F0483,P0032,T030,02-02-2026,15,Completed
TX002395,SR02140,C0133,F0336,P0041,T084,28-08-2026,32,Completed
TX002396,SR00060,C0441,F0485,P0079,T096,20-06-2026,20,Completed
TX002397,SR00139,C0061,F0646,P0038,T048,28-03-2026,14,Completed
TX002398,SR00751,C0205,F0036,P0012,T079,30-05-2026,11,Completed
TX002399,SR01020,C0434,F0340,P0091,T023,06-02-2026,26,Completed
TX002400,SR02425,C0486,F0476,P0012,T093,14-04-2026,7,Completed
TX002401,SR01314,C0459,F0419,P0050,T071,12-04-2026,33,Completed
TX002402,SR00948,C0327,F0117,P0013,T074,31-03-2026,44,Completed
TX002403,SR02095,C0082,F0166,P0070,T060,27-04-2026,19,Pending
TX002404,SR00603,C0049,F0302,P0027,T083,08-08-2026,29,Completed
TX002405,SR02243,C0206,F0522,P0094,T054,02-01-2026,48,Completed
TX002406,SR01009,C0240,F0792,P0021,T097,13-05-2026,35,Completed
TX002407,SR00782,C0258,F0295,P0067,T067,14-08-2026,20,Completed
TX002408,SR00754,C0025,F0418,P0002,T046,02-08-2026,44,Pending
TX002409,SR00025,C0338,F0246,P0012,T021,04-08-2026,3,Cancelled
TX002410,SR01685,C0198,F0028,P0028,T091,09-04-2026,29,Completed
TX002411,SR01444,C0055,F0319,P0089,T006,17-05-2026,13,Completed
TX002412,SR01587,C0458,F0279,P0100,T005,23-05-2026,9,Completed
TX002413,SR01630,C0179,F0121,P0062,T004,21-07-2026,26,Pending
TX002414,SR00069,C0117,F0537,P0034,T011,18-08-2026,35,Completed
TX002415,SR02195,C0247,F0207,P0032,T025,03-03-2026,37,Completed
TX002416,SR01279,C0476,F0180,P0022,T050,30-01-2026,37,Pending
TX002417,SR01729,C0413,F0312,P0035,T028,05-03-2026,15,Completed
TX002418,SR00091,C0050,F0772,P0050,T046,05-03-2026,21,Pending
TX002419,SR01903,C0344,F0510,P0069,T045,14-03-2026,6,Completed
TX002420,SR01694,C0333,F0341,P0023,T044,09-08-2026,31,Cancelled
TX002421,SR00922,C0443,F0657,P0004,T006,21-02-2026,40,Pending
TX002422,SR02340,C0483,F0017,P0056,T054,12-04-2026,24,Completed
TX002423,SR01627,C0373,F0270,P0025,T030,27-03-2026,16,Completed
TX002424,SR02269,C0328,F0433,P0041,T054,07-03-2026,17,Completed
TX002425,SR02055,C0177,F0391,P0072,T007,17-02-2026,32,Completed
TX002426,SR00515,C0450,F0541,P0090,T088,28-08-2026,33,Completed
TX002427,SR02492,C0472,F0562,P0054,T073,31-05-2026,24,Cancelled
TX002428,SR01857,C0496,F0365,P0093,T035,25-01-2026,13,Pending
TX002429,SR00475,C0478,F0744,P0027,T036,07-06-2026,21,Cancelled
TX002430,SR01983,C0321,F0743,P0072,T032,27-05-2026,17,Completed
TX002431,SR01073,C0479,F0381,P0098,T100,28-03-2026,5,Completed
TX002432,SR02161,C0392,F0722,P0022,T071,09-07-2026,20,Completed
TX002433,SR00434,C0121,F0513,P0074,T047,12-07-2026,42,Completed
TX002434,SR00649,C0016,F0112,P0048,T065,08-07-2026,31,Completed
TX002435,SR00870,C0491,F0096,P0089,T007,03-06-2026,7,Completed
TX002436,SR01128,C0214,F0064,P0031,T083,17-04-2026,42,Completed
TX002437,SR01579,C0437,F0170,P0097,T060,19-02-2026,11,Completed
TX002438,SR00554,C0145,F0250,P0080,T031,11-01-2026,31,Completed
TX002439,SR01764,C0181,F0056,P0071,T070,09-08-2026,28,Completed
TX002440,SR00061,C0413,F0487,P0003,T001,21-07-2026,36,Pending
TX002441,SR00828,C0263,F0329,P0009,T050,18-02-2026,38,Pending
TX002442,SR01648,C0339,F0482,P0067,T095,12-07-2026,15,Completed
TX002443,SR00663,C0161,F0403,P0048,T076,12-01-2026,39,Completed
TX002444,SR01079,C0308,F0218,P0033,T005,26-02-2026,29,Completed
TX002445,SR01516,C0244,F0492,P0085,T059,06-02-2026,18,Completed
TX002446,SR00621,C0466,F0761,P0049,T069,23-03-2026,6,Completed
TX002447,SR02411,C0247,F0254,P0046,T053,18-03-2026,28,Completed
TX002448,SR02118,C0045,F0246,P0033,T033,04-05-2026,23,Cancelled
TX002449,SR02428,C0369,F0413,P0099,T068,21-04-2026,24,Completed
TX002450,SR01240,C0477,F0644,P0037,T043,28-01-2026,34,Completed
TX002451,SR00859,C0442,F0426,P0026,T095,05-02-2026,35,Completed
TX002452,SR02487,C0051,F0666,P0068,T084,16-07-2026,9,Pending
TX002453,SR01822,C0500,F0060,P0004,T091,12-05-2026,15,Completed
TX002454,SR01984,C0174,F0079,P0060,T042,10-08-2026,45,Cancelled
TX002455,SR00457,C0417,F0326,P0057,T068,01-02-2026,30,Pending
TX002456,SR02174,C0316,F0187,P0025,T015,15-03-2026,21,Pending
TX002457,SR01321,C0487,F0019,P0077,T076,07-02-2026,48,Completed
TX002458,SR01934,C0171,F0173,P0005,T076,10-08-2026,33,Completed
TX002459,SR02063,C0304,F0217,P0099,T078,08-02-2026,42,Pending
TX002460,SR00265,C0342,F0736,P0086,T003,12-07-2026,24,Cancelled
TX002461,SR00248,C0078,F0626,P0018,T046,16-02-2026,9,Pending
TX002462,SR00163,C0388,F0281,P0050,T028,24-06-2026,36,Cancelled
TX002463,SR01608,C0072,F0767,P0020,T092,20-04-2026,41,Completed
TX002464,SR02288,C0415,F0670,P0062,T054,21-08-2026,29,Completed
TX002465,SR00076,C0064,F0201,P0036,T062,17-01-2026,22,Completed
TX002466,SR00346,C0090,F0383,P0049,T044,19-03-2026,7,Completed
TX002467,SR01215,C0248,F0738,P0096,T012,23-06-2026,13,Completed
TX002468,SR00979,C0092,F0366,P0062,T063,08-08-2026,46,Completed
TX002469,SR00258,C0039,F0297,P0087,T062,10-05-2026,9,Completed
TX002470,SR01525,C0027,F0723,P0063,T039,24-01-2026,33,Completed
TX002471,SR02264,C0144,F0529,P0048,T063,01-06-2026,33,Completed
TX002472,SR00530,C0246,F0353,P0002,T040,25-04-2026,24,Completed
TX002473,SR00008,C0023,F0696,P0009,T067,05-07-2026,49,Completed
TX002474,SR00564,C0069,F0596,P0054,T035,13-05-2026,34,Completed
TX002475,SR00462,C0306,F0279,P0051,T078,04-08-2026,48,Pending
TX002476,SR01166,C0160,F0340,P0051,T089,30-01-2026,13,Completed
TX002477,SR00269,C0379,F0038,P0085,T049,30-05-2026,37,Completed
TX002478,SR00903,C0421,F0082,P0010,T002,26-06-2026,38,Completed
TX002479,SR00299,C0016,F0764,P0066,T069,08-04-2026,46,Completed
TX002480,SR01692,C0475,F0043,P0075,T094,25-04-2026,21,Completed
TX002481,SR01173,C0342,F0670,P0065,T071,16-06-2026,17,Pending
TX002482,SR00188,C0412,F0167,P0024,T036,20-04-2026,40,Completed
TX002483,SR00110,C0240,F0434,P0041,T057,05-04-2026,36,Pending
TX002484,SR01222,C0001,F0578,P0006,T037,20-05-2026,14,Completed
TX002485,SR01480,C0443,F0793,P0018,T078,12-07-2026,15,Completed
TX002486,SR00436,C0285,F0299,P0081,T073,02-02-2026,39,Pending
TX002487,SR00809,C0019,F0741,P0062,T063,29-07-2026,28,Pending
TX002488,SR01517,C0084,F0364,P0087,T039,18-02-2026,45,Completed
TX002489,SR01178,C0104,F0694,P0070,T018,24-01-2026,31,Completed
TX002490,SR00291,C0188,F0082,P0025,T062,13-02-2026,49,Completed
TX002491,SR00979,C0222,F0215,P0082,T034,19-01-2026,17,Completed
TX002492,SR00495,C0214,F0499,P0069,T091,17-08-2026,39,Completed
TX002493,SR02317,C0435,F0565,P0020,T007,12-03-2026,10,Completed
TX002494,SR02010,C0472,F0643,P0001,T085,05-07-2026,35,Completed
TX002495,SR00781,C0340,F0287,P0077,T078,13-02-2026,21,Cancelled
TX002496,SR00588,C0317,F0500,P0073,T052,08-05-2026,26,Completed
TX002497,SR00337,C0433,F0497,P0009,T100,13-04-2026,40,Pending
TX002498,SR01843,C0134,F0788,P0047,T072,08-06-2026,6,Completed
TX002499,SR02296,C0280,F0094,P0092,T005,26-08-2026,11,Completed
TX002500,SR00683,C0322,F0014,P0080,T040,05-06-2026,28,Completed
TX002501,SR01600,C0143,F0460,P0082,T085,18-06-2026,21,Completed
TX002502,SR00588,C0476,F0013,P0040,T078,04-03-2026,28,Completed
TX002503,SR02293,C0118,F0157,P0013,T017,30-01-2026,22,Completed
TX002504,SR00748,C0030,F0401,P0036,T018,21-01-2026,4,Completed
TX002505,SR00241,C0162,F0215,P0069,T093,14-03-2026,46,Pending
TX002506,SR02203,C0408,F0214,P0085,T005,14-05-2026,34,Completed
TX002507,SR02364,C0188,F0278,P0065,T095,15-01-2026,30,Completed
TX002508,SR00993,C0109,F0550,P0004,T055,05-03-2026,8,Completed
TX002509,SR02269,C0437,F0293,P0060,T081,01-06-2026,10,Completed
TX002510,SR00610,C0077,F0635,P0019,T022,29-07-2026,30,Completed
TX002511,SR00678,C0080,F0128,P0061,T035,26-08-2026,3,Completed
TX002512,SR01342,C0450,F0082,P0042,T073,26-02-2026,24,Pending
TX002513,SR01502,C0161,F0134,P0054,T017,25-01-2026,44,Cancelled
TX002514,SR00965,C0001,F0734,P0060,T011,18-05-2026,43,Completed
TX002515,SR02000,C0217,F0222,P0064,T061,14-08-2026,26,Completed
TX002516,SR01976,C0371,F0024,P0001,T001,11-04-2026,12,Cancelled
TX002517,SR00303,C0379,F0253,P0097,T094,06-08-2026,4,Completed
TX002518,SR02477,C0044,F0551,P0058,T068,28-06-2026,9,Completed
TX002519,SR00398,C0141,F0290,P0051,T072,04-08-2026,14,Completed
TX002520,SR01317,C0309,F0308,P0038,T051,17-08-2026,28,Completed
TX002521,SR01058,C0331,F0070,P0011,T063,26-01-2026,36,Completed
TX002522,SR01130,C0311,F0534,P0064,T096,09-04-2026,23,Cancelled
TX002523,SR00322,C0169,F0177,P0037,T001,12-01-2026,41,Completed
TX002524,SR00858,C0432,F0079,P0091,T025,11-01-2026,8,Completed
TX002525,SR00076,C0040,F0572,P0066,T070,25-04-2026,21,Completed
TX002526,SR02434,C0412,F0750,P0045,T013,08-06-2026,31,Completed
TX002527,SR00360,C0470,F0489,P0004,T025,01-08-2026,3,Pending
TX002528,SR01209,C0343,F0750,P0056,T003,01-02-2026,45,Cancelled
TX002529,SR00541,C0215,F0322,P0085,T006,08-01-2026,49,Pending
TX002530,SR00445,C0191,F0416,P0047,T045,26-01-2026,37,Completed
TX002531,SR00976,C0218,F0286,P0066,T067,11-08-2026,35,Pending
TX002532,SR02424,C0084,F0408,P0012,T011,08-06-2026,11,Completed
TX002533,SR01196,C0112,F0715,P0041,T099,26-04-2026,9,Completed
TX002534,SR02403,C0318,F0508,P0080,T078,25-01-2026,12,Completed
TX002535,SR02068,C0276,F0022,P0043,T067,30-03-2026,7,Completed
TX002536,SR01090,C0249,F0465,P0089,T008,31-01-2026,28,Completed
TX002537,SR02253,C0238,F0302,P0041,T052,08-01-2026,47,Pending
TX002538,SR00871,C0039,F0435,P0082,T093,16-04-2026,34,Pending
TX002539,SR01254,C0434,F0447,P0065,T024,01-05-2026,44,Completed
TX002540,SR01702,C0478,F0472,P0095,T055,19-04-2026,48,Completed
TX002541,SR01474,C0123,F0693,P0054,T057,29-07-2026,33,Completed
TX002542,SR02073,C0158,F0687,P0047,T070,08-08-2026,6,Completed
TX002543,SR00408,C0316,F0778,P0036,T092,30-01-2026,46,Completed
TX002544,SR01247,C0002,F0489,P0066,T014,08-03-2026,27,Completed
TX002545,SR01662,C0052,F0229,P0099,T007,01-05-2026,27,Completed
TX002546,SR00828,C0451,F0157,P0017,T009,07-04-2026,49,Completed
TX002547,SR02168,C0087,F0680,P0094,T027,15-04-2026,34,Cancelled
TX002548,SR00754,C0289,F0732,P0098,T036,19-06-2026,6,Pending
TX002549,SR00753,C0442,F0030,P0077,T088,13-02-2026,38,Completed
TX002550,SR00817,C0367,F0173,P0059,T053,18-07-2026,48,Completed
TX002551,SR01692,C0136,F0544,P0087,T075,05-03-2026,12,Completed
TX002552,SR00296,C0077,F0133,P0027,T058,25-03-2026,23,Completed
TX002553,SR00358,C0359,F0041,P0064,T096,23-02-2026,6,Pending
TX002554,SR01947,C0203,F0798,P0081,T033,01-06-2026,36,Completed
TX002555,SR00519,C0484,F0077,P0081,T067,16-06-2026,8,Completed
TX002556,SR00263,C0323,F0171,P0059,T028,30-05-2026,21,Completed
TX002557,SR00660,C0006,F0792,P0039,T024,29-04-2026,32,Pending
TX002558,SR00996,C0126,F0081,P0095,T099,14-03-2026,42,Pending
TX002559,SR00083,C0373,F0640,P0068,T003,15-06-2026,16,Completed
TX002560,SR02088,C0351,F0450,P0077,T028,29-01-2026,45,Cancelled
TX002561,SR00294,C0371,F0432,P0063,T039,16-03-2026,2,Completed
TX002562,SR01011,C0117,F0662,P0088,T014,13-06-2026,9,Completed
TX002563,SR00506,C0125,F0018,P0048,T078,16-06-2026,6,Pending
TX002564,SR00737,C0105,F0049,P0055,T036,06-03-2026,37,Completed
TX002565,SR00114,C0348,F0157,P0081,T046,23-03-2026,18,Completed
TX002566,SR02371,C0006,F0393,P0052,T031,18-03-2026,2,Completed
TX002567,SR02344,C0408,F0770,P0025,T090,01-08-2026,39,Completed
TX002568,SR00317,C0141,F0055,P0076,T043,18-05-2026,14,Completed
TX002569,SR00494,C0245,F0337,P0038,T079,29-01-2026,34,Completed
TX002570,SR02213,C0124,F0343,P0011,T063,08-02-2026,28,Completed
TX002571,SR01038,C0213,F0158,P0038,T096,17-01-2026,6,Completed
TX002572,SR00156,C0383,F0276,P0006,T061,27-02-2026,30,Completed
TX002573,SR00340,C0100,F0161,P0088,T099,23-02-2026,43,Pending
TX002574,SR01034,C0285,F0110,P0099,T070,18-04-2026,18,Cancelled
TX002575,SR01395,C0029,F0417,P0027,T006,29-06-2026,41,Completed
TX002576,SR01580,C0089,F0745,P0092,T016,30-07-2026,14,Completed
TX002577,SR00384,C0343,F0324,P0072,T079,15-05-2026,14,Completed
TX002578,SR00926,C0285,F0508,P0096,T005,05-07-2026,9,Completed
TX002579,SR00653,C0306,F0537,P0017,T020,07-06-2026,11,Completed
TX002580,SR01337,C0113,F0675,P0007,T080,18-03-2026,12,Completed
TX002581,SR00804,C0104,F0660,P0093,T036,27-05-2026,32,Completed
TX002582,SR00511,C0213,F0725,P0027,T022,14-03-2026,7,Cancelled
TX002583,SR02039,C0065,F0652,P0060,T020,16-03-2026,27,Completed
TX002584,SR01423,C0445,F0745,P0091,T032,25-08-2026,13,Completed
TX002585,SR01185,C0134,F0773,P0035,T084,07-08-2026,8,Pending
TX002586,SR00337,C0360,F0599,P0009,T046,06-06-2026,41,Pending
TX002587,SR00178,C0079,F0395,P0080,T096,23-05-2026,27,Completed
TX002588,SR01991,C0326,F0246,P0046,T072,14-06-2026,15,Completed
TX002589,SR02422,C0102,F0458,P0003,T027,30-06-2026,32,Completed
TX002590,SR01460,C0141,F0664,P0035,T017,14-01-2026,45,Completed
TX002591,SR00098,C0207,F0603,P0054,T095,28-03-2026,14,Pending
TX002592,SR01205,C0063,F0417,P0088,T091,26-01-2026,13,Completed
TX002593,SR00701,C0063,F0061,P0023,T013,08-05-2026,34,Completed
TX002594,SR00137,C0377,F0218,P0052,T033,12-03-2026,25,Completed
TX002595,SR00357,C0173,F0462,P0019,T075,21-03-2026,34,Completed
TX002596,SR01250,C0284,F0309,P0030,T099,22-07-2026,9,Pending
TX002597,SR01068,C0324,F0365,P0027,T091,18-02-2026,46,Completed
TX002598,SR01409,C0312,F0241,P0053,T029,07-08-2026,1,Pending
TX002599,SR01734,C0314,F0061,P0067,T090,12-04-2026,14,Pending
TX002600,SR00665,C0488,F0373,P0012,T073,15-02-2026,31,Completed
TX002601,SR00716,C0316,F0356,P0008,T047,04-02-2026,26,Completed
TX002602,SR01694,C0175,F0626,P0074,T038,21-06-2026,17,Completed
TX002603,SR00493,C0143,F0090,P0030,T082,05-08-2026,48,Completed
TX002604,SR00192,C0401,F0388,P0062,T084,29-07-2026,17,Completed
TX002605,SR02134,C0211,F0684,P0008,T092,10-02-2026,34,Completed
TX002606,SR00522,C0280,F0215,P0061,T047,30-07-2026,20,Completed
TX002607,SR00303,C0408,F0254,P0091,T027,24-02-2026,22,Cancelled
TX002608,SR01844,C0118,F0070,P0044,T088,21-04-2026,39,Completed
TX002609,SR01330,C0112,F0460,P0058,T031,02-01-2026,18,Pending
TX002610,SR00369,C0027,F0685,P0030,T076,04-03-2026,20,Cancelled
TX002611,SR02127,C0037,F0386,P0029,T051,18-03-2026,39,Pending
TX002612,SR00614,C0309,F0334,P0007,T059,18-08-2026,5,Completed
TX002613,SR01691,C0252,F0600,P0048,T021,08-03-2026,22,Completed
TX002614,SR01628,C0149,F0354,P0095,T025,08-03-2026,14,Pending
TX002615,SR02075,C0106,F0319,P0012,T066,07-03-2026,24,Pending
TX002616,SR01823,C0348,F0611,P0042,T026,02-03-2026,29,Pending
TX002617,SR01758,C0043,F0228,P0084,T067,10-05-2026,22,Completed
TX002618,SR00129,C0351,F0680,P0050,T100,19-02-2026,49,Pending
TX002619,SR02346,C0453,F0215,P0077,T009,11-03-2026,45,Completed
TX002620,SR00317,C0228,F0409,P0038,T093,08-05-2026,8,Completed
TX002621,SR00634,C0248,F0201,P0061,T018,01-07-2026,32,Completed
TX002622,SR01116,C0269,F0506,P0099,T014,26-01-2026,16,Completed
TX002623,SR00722,C0048,F0348,P0060,T084,25-03-2026,36,Completed
TX002624,SR01482,C0314,F0192,P0080,T021,17-05-2026,24,Pending
TX002625,SR00133,C0183,F0596,P0070,T065,09-08-2026,47,Completed
TX002626,SR01135,C0235,F0749,P0010,T011,15-08-2026,47,Cancelled
TX002627,SR00874,C0012,F0023,P0017,T009,29-07-2026,3,Completed
TX002628,SR01618,C0439,F0455,P0061,T021,02-05-2026,6,Completed
TX002629,SR01300,C0167,F0575,P0035,T053,24-01-2026,2,Completed
TX002630,SR01890,C0038,F0576,P0049,T030,20-08-2026,39,Completed
TX002631,SR00412,C0392,F0177,P0049,T023,30-05-2026,12,Completed
TX002632,SR02374,C0490,F0092,P0080,T084,06-08-2026,36,Completed
TX002633,SR00981,C0260,F0411,P0100,T018,09-08-2026,17,Completed
TX002634,SR00875,C0017,F0510,P0100,T010,10-07-2026,16,Completed
TX002635,SR01371,C0496,F0232,P0008,T012,11-04-2026,30,Completed
TX002636,SR00408,C0105,F0296,P0075,T089,26-05-2026,38,Completed
TX002637,SR02037,C0121,F0426,P0073,T048,15-06-2026,28,Completed
TX002638,SR00661,C0355,F0361,P0087,T098,31-07-2026,29,Completed
TX002639,SR02319,C0166,F0387,P0043,T081,24-02-2026,37,Completed
TX002640,SR00371,C0043,F0546,P0051,T029,14-05-2026,9,Pending
TX002641,SR02161,C0342,F0788,P0046,T080,24-05-2026,30,Completed
TX002642,SR00986,C0132,F0638,P0038,T046,19-02-2026,15,Completed
TX002643,SR01519,C0431,F0007,P0025,T057,07-04-2026,8,Pending
TX002644,SR02182,C0077,F0280,P0065,T053,11-08-2026,17,Completed
TX002645,SR00323,C0454,F0008,P0002,T076,04-01-2026,10,Pending
TX002646,SR00868,C0362,F0699,P0075,T021,01-05-2026,16,Pending
TX002647,SR02371,C0120,F0516,P0085,T006,27-05-2026,2,Pending
TX002648,SR00373,C0290,F0176,P0023,T074,06-08-2026,37,Pending
TX002649,SR00258,C0470,F0672,P0022,T096,10-03-2026,18,Completed
TX002650,SR01307,C0033,F0451,P0051,T058,05-04-2026,33,Completed
TX002651,SR00062,C0410,F0042,P0085,T012,20-01-2026,37,Completed
TX002652,SR02480,C0231,F0122,P0012,T012,22-03-2026,41,Completed
TX002653,SR02260,C0475,F0648,P0044,T055,28-08-2026,4,Completed
TX002654,SR00471,C0105,F0232,P0022,T090,03-07-2026,26,Completed
TX002655,SR00432,C0360,F0420,P0086,T062,13-04-2026,21,Cancelled
TX002656,SR01945,C0484,F0717,P0089,T031,02-06-2026,18,Completed
TX002657,SR01302,C0172,F0232,P0009,T063,20-08-2026,40,Completed
TX002658,SR02059,C0054,F0010,P0015,T016,16-04-2026,4,Completed
TX002659,SR02420,C0197,F0068,P0016,T048,12-03-2026,16,Completed
TX002660,SR01004,C0300,F0733,P0082,T099,30-07-2026,39,Completed
TX002661,SR00635,C0316,F0480,P0091,T063,24-07-2026,20,Completed
TX002662,SR01549,C0241,F0263,P0038,T011,04-05-2026,4,Cancelled
TX002663,SR01588,C0467,F0063,P0016,T021,03-01-2026,9,Completed
TX002664,SR01081,C0290,F0557,P0067,T006,04-01-2026,15,Completed
TX002665,SR00748,C0321,F0032,P0090,T041,29-01-2026,13,Completed
TX002666,SR00656,C0479,F0074,P0092,T024,16-06-2026,33,Completed
TX002667,SR01304,C0470,F0476,P0045,T098,12-02-2026,9,Completed
TX002668,SR01066,C0171,F0514,P0079,T032,16-01-2026,38,Completed
TX002669,SR01144,C0144,F0456,P0096,T004,13-06-2026,16,Completed
TX002670,SR00239,C0375,F0728,P0083,T044,26-04-2026,4,Completed
TX002671,SR02202,C0263,F0216,P0048,T074,08-05-2026,1,Pending
TX002672,SR01768,C0224,F0445,P0027,T069,16-02-2026,30,Pending
TX002673,SR02298,C0350,F0245,P0038,T098,21-02-2026,37,Completed
TX002674,SR02073,C0331,F0290,P0037,T037,28-02-2026,7,Completed
TX002675,SR01548,C0457,F0121,P0099,T053,04-06-2026,16,Pending
TX002676,SR00769,C0183,F0635,P0074,T056,24-08-2026,38,Completed
TX002677,SR01635,C0378,F0563,P0086,T003,08-08-2026,43,Completed
TX002678,SR01417,C0114,F0571,P0078,T001,28-01-2026,36,Completed
TX002679,SR02310,C0469,F0114,P0048,T080,13-06-2026,31,Completed
TX002680,SR00581,C0042,F0095,P0080,T039,01-07-2026,37,Cancelled
TX002681,SR00065,C0376,F0626,P0064,T069,10-01-2026,15,Completed
TX002682,SR00319,C0051,F0533,P0075,T095,02-06-2026,4,Completed
TX002683,SR00438,C0441,F0024,P0031,T025,17-04-2026,28,Completed
TX002684,SR01660,C0480,F0532,P0024,T078,16-02-2026,28,Completed
TX002685,SR00367,C0409,F0785,P0019,T022,09-07-2026,40,Pending
TX002686,SR00336,C0395,F0602,P0029,T075,13-08-2026,12,Completed
TX002687,SR00993,C0240,F0223,P0098,T016,24-05-2026,44,Pending
TX002688,SR01955,C0123,F0254,P0095,T031,18-02-2026,25,Completed
TX002689,SR01062,C0493,F0602,P0015,T048,13-04-2026,22,Cancelled
TX002690,SR00680,C0265,F0322,P0056,T049,04-05-2026,49,Pending
TX002691,SR00712,C0409,F0590,P0095,T004,05-08-2026,27,Completed
TX002692,SR02047,C0358,F0769,P0076,T085,09-07-2026,5,Pending
TX002693,SR01084,C0351,F0325,P0062,T001,10-06-2026,13,Completed
TX002694,SR00922,C0177,F0459,P0060,T089,03-07-2026,30,Completed
TX002695,SR01934,C0214,F0392,P0033,T021,16-06-2026,12,Completed
TX002696,SR00923,C0220,F0407,P0093,T072,18-03-2026,9,Completed
TX002697,SR00892,C0302,F0061,P0009,T072,02-02-2026,15,Cancelled
TX002698,SR01877,C0360,F0790,P0087,T046,21-07-2026,25,Pending
TX002699,SR00819,C0100,F0433,P0088,T054,13-05-2026,5,Completed
TX002700,SR01276,C0114,F0184,P0027,T008,19-08-2026,26,Cancelled
TX002701,SR01662,C0025,F0460,P0052,T091,13-06-2026,36,Completed
TX002702,SR00503,C0264,F0319,P0089,T012,24-04-2026,23,Completed
TX002703,SR00321,C0335,F0658,P0048,T066,05-06-2026,35,Pending
TX002704,SR02127,C0106,F0608,P0031,T001,06-06-2026,32,Completed
TX002705,SR00743,C0356,F0306,P0008,T075,24-08-2026,25,Pending
TX002706,SR00851,C0002,F0571,P0045,T036,29-03-2026,48,Completed
TX002707,SR01475,C0434,F0027,P0028,T049,02-04-2026,30,Completed
TX002708,SR00257,C0346,F0774,P0086,T003,26-03-2026,40,Completed
TX002709,SR00114,C0342,F0409,P0087,T022,26-01-2026,32,Completed
TX002710,SR01041,C0354,F0524,P0033,T044,23-04-2026,47,Completed
TX002711,SR02421,C0180,F0517,P0022,T072,17-04-2026,22,Completed
TX002712,SR01435,C0498,F0251,P0030,T060,17-02-2026,10,Completed
TX002713,SR01447,C0374,F0552,P0041,T027,15-07-2026,9,Pending
TX002714,SR01525,C0091,F0319,P0067,T060,15-06-2026,49,Completed
TX002715,SR02153,C0462,F0545,P0016,T023,27-02-2026,40,Completed
TX002716,SR02090,C0370,F0072,P0100,T056,09-02-2026,15,Completed
TX002717,SR00061,C0156,F0117,P0071,T055,29-05-2026,22,Completed
TX002718,SR01354,C0474,F0739,P0014,T023,02-01-2026,2,Completed
TX002719,SR01367,C0125,F0589,P0032,T021,06-02-2026,47,Completed
TX002720,SR00560,C0323,F0103,P0071,T052,16-04-2026,22,Completed
TX002721,SR02438,C0336,F0172,P0051,T059,26-08-2026,19,Cancelled
TX002722,SR00655,C0482,F0437,P0053,T098,19-01-2026,13,Completed
TX002723,SR02085,C0286,F0005,P0005,T050,07-05-2026,5,Completed
TX002724,SR00253,C0498,F0322,P0042,T045,15-05-2026,38,Pending
TX002725,SR01505,C0143,F0262,P0062,T048,02-03-2026,11,Completed
TX002726,SR01840,C0401,F0108,P0075,T088,05-05-2026,5,Completed
TX002727,SR01261,C0123,F0240,P0045,T031,02-06-2026,48,Completed
TX002728,SR00265,C0500,F0235,P0056,T039,02-02-2026,27,Completed
TX002729,SR00310,C0382,F0054,P0023,T037,18-08-2026,4,Pending
TX002730,SR01515,C0313,F0507,P0080,T063,01-03-2026,15,Completed
TX002731,SR02157,C0034,F0218,P0070,T070,30-03-2026,28,Pending
TX002732,SR01493,C0249,F0026,P0075,T049,06-01-2026,11,Completed
TX002733,SR00253,C0073,F0018,P0067,T027,23-05-2026,49,Pending
TX002734,SR01964,C0459,F0773,P0099,T069,23-05-2026,43,Completed
TX002735,SR01148,C0190,F0095,P0088,T028,28-01-2026,44,Pending
TX002736,SR00187,C0416,F0728,P0082,T090,12-03-2026,26,Completed
TX002737,SR00920,C0454,F0134,P0034,T063,04-07-2026,49,Completed
TX002738,SR00508,C0056,F0068,P0007,T045,21-06-2026,16,Completed
TX002739,SR02467,C0380,F0437,P0001,T024,15-03-2026,28,Cancelled
TX002740,SR02274,C0152,F0695,P0078,T076,01-06-2026,37,Completed
TX002741,SR00266,C0055,F0058,P0090,T061,29-06-2026,25,Completed
TX002742,SR01431,C0131,F0263,P0065,T089,31-03-2026,42,Cancelled
TX002743,SR00018,C0275,F0603,P0073,T071,12-02-2026,6,Pending
TX002744,SR01145,C0428,F0055,P0009,T079,06-01-2026,22,Completed
TX002745,SR00390,C0346,F0136,P0057,T010,18-08-2026,41,Completed
TX002746,SR01870,C0117,F0245,P0061,T003,18-03-2026,9,Completed
TX002747,SR00181,C0148,F0646,P0016,T066,13-07-2026,19,Cancelled
TX002748,SR02257,C0153,F0648,P0076,T001,19-03-2026,49,Completed
TX002749,SR00578,C0369,F0568,P0034,T090,20-06-2026,31,Pending
TX002750,SR00658,C0260,F0533,P0020,T089,21-03-2026,18,Completed
TX002751,SR02215,C0012,F0021,P0070,T059,26-05-2026,18,Cancelled
TX002752,SR02254,C0039,F0191,P0044,T073,17-08-2026,11,Completed
TX002753,SR00240,C0038,F0738,P0054,T043,30-06-2026,37,Completed
TX002754,SR00272,C0481,F0576,P0055,T096,09-02-2026,6,Pending
TX002755,SR02134,C0253,F0193,P0063,T004,06-05-2026,11,Cancelled
TX002756,SR02445,C0246,F0567,P0042,T030,06-03-2026,7,Cancelled
TX002757,SR01222,C0381,F0580,P0082,T070,22-02-2026,37,Completed
TX002758,SR00413,C0096,F0595,P0088,T079,19-07-2026,47,Completed
TX002759,SR00382,C0016,F0785,P0049,T025,24-08-2026,5,Pending
TX002760,SR00666,C0136,F0433,P0017,T081,11-08-2026,47,Completed
TX002761,SR01714,C0105,F0048,P0028,T047,21-07-2026,45,Completed
TX002762,SR00242,C0400,F0656,P0078,T086,23-04-2026,25,Completed
TX002763,SR01604,C0410,F0012,P0026,T027,07-05-2026,2,Completed
TX002764,SR02010,C0318,F0514,P0078,T070,10-05-2026,34,Completed
TX002765,SR00360,C0455,F0638,P0067,T021,26-06-2026,26,Completed
TX002766,SR02461,C0233,F0101,P0045,T014,13-01-2026,41,Cancelled
TX002767,SR02469,C0121,F0638,P0013,T071,18-07-2026,15,Completed
TX002768,SR00743,C0166,F0649,P0054,T069,13-07-2026,28,Completed
TX002769,SR00281,C0071,F0524,P0070,T030,27-08-2026,44,Completed
TX002770,SR00815,C0451,F0260,P0016,T061,23-05-2026,33,Completed
TX002771,SR00646,C0303,F0162,P0083,T095,20-04-2026,32,Pending
TX002772,SR00698,C0387,F0565,P0020,T034,25-04-2026,48,Pending
TX002773,SR02313,C0141,F0126,P0042,T051,29-05-2026,24,Completed
TX002774,SR00388,C0360,F0541,P0054,T021,14-03-2026,9,Cancelled
TX002775,SR00793,C0166,F0136,P0074,T052,06-07-2026,48,Completed
TX002776,SR01969,C0224,F0269,P0023,T089,17-04-2026,7,Pending
TX002777,SR00144,C0326,F0406,P0034,T064,09-03-2026,28,Cancelled
TX002778,SR00152,C0491,F0130,P0081,T015,26-06-2026,37,Pending
TX002779,SR00755,C0280,F0636,P0033,T075,22-03-2026,39,Completed
TX002780,SR02420,C0356,F0556,P0062,T043,20-01-2026,35,Completed
TX002781,SR02099,C0298,F0014,P0040,T002,06-05-2026,21,Completed
TX002782,SR02319,C0212,F0680,P0006,T063,02-05-2026,10,Completed
TX002783,SR02160,C0467,F0574,P0052,T030,11-03-2026,2,Completed
TX002784,SR00297,C0481,F0671,P0036,T098,09-01-2026,15,Completed
TX002785,SR01003,C0156,F0482,P0027,T100,25-04-2026,48,Completed
TX002786,SR01324,C0448,F0502,P0086,T068,05-07-2026,34,Completed
TX002787,SR00417,C0226,F0307,P0078,T064,12-07-2026,20,Completed
TX002788,SR02483,C0370,F0182,P0028,T031,20-02-2026,25,Pending
TX002789,SR01508,C0259,F0189,P0053,T008,14-04-2026,17,Completed
TX002790,SR02132,C0384,F0253,P0072,T007,05-08-2026,44,Completed
TX002791,SR00647,C0436,F0233,P0006,T047,24-03-2026,23,Pending
TX002792,SR01788,C0212,F0604,P0010,T032,25-04-2026,42,Completed
TX002793,SR00265,C0351,F0420,P0054,T097,13-06-2026,3,Completed
TX002794,SR00057,C0254,F0329,P0094,T030,20-04-2026,24,Pending
TX002795,SR01602,C0400,F0581,P0093,T022,21-07-2026,30,Completed
TX002796,SR00171,C0096,F0586,P0045,T082,28-03-2026,33,Completed
TX002797,SR00691,C0365,F0748,P0071,T084,29-04-2026,2,Pending
TX002798,SR01986,C0298,F0248,P0050,T038,04-05-2026,32,Pending
TX002799,SR01245,C0226,F0195,P0091,T009,28-06-2026,42,Completed
TX002800,SR00942,C0185,F0006,P0057,T010,23-03-2026,5,Completed
TX002801,SR00727,C0351,F0128,P0090,T053,08-03-2026,17,Pending
TX002802,SR01672,C0174,F0483,P0037,T087,28-03-2026,21,Completed
TX002803,SR02387,C0017,F0648,P0094,T039,25-02-2026,13,Completed
TX002804,SR01848,C0475,F0481,P0073,T002,16-02-2026,22,Completed
TX002805,SR00898,C0224,F0794,P0077,T038,16-07-2026,44,Completed
TX002806,SR01056,C0083,F0503,P0002,T001,24-03-2026,44,Completed
TX002807,SR00258,C0113,F0707,P0081,T043,06-03-2026,30,Pending
TX002808,SR00359,C0415,F0215,P0017,T048,14-07-2026,44,Completed
TX002809,SR00671,C0166,F0260,P0094,T074,09-07-2026,40,Cancelled
TX002810,SR00967,C0141,F0649,P0019,T007,28-02-2026,3,Pending
TX002811,SR02476,C0244,F0529,P0083,T049,15-03-2026,19,Pending
TX002812,SR02178,C0015,F0390,P0064,T018,17-07-2026,42,Pending
TX002813,SR00283,C0281,F0765,P0040,T047,08-03-2026,22,Completed
TX002814,SR00828,C0021,F0610,P0090,T099,26-07-2026,30,Completed
TX002815,SR00141,C0418,F0237,P0039,T075,29-05-2026,21,Completed
TX002816,SR00157,C0215,F0489,P0007,T085,09-06-2026,1,Completed
TX002817,SR00937,C0110,F0317,P0008,T004,09-05-2026,28,Completed
TX002818,SR02398,C0228,F0333,P0086,T077,08-01-2026,19,Pending
TX002819,SR00463,C0088,F0645,P0039,T087,17-07-2026,38,Pending
TX002820,SR01702,C0161,F0544,P0082,T068,15-05-2026,44,Completed
TX002821,SR00982,C0066,F0010,P0003,T079,11-02-2026,6,Completed
TX002822,SR01353,C0335,F0460,P0008,T005,19-07-2026,18,Completed
TX002823,SR02174,C0489,F0518,P0099,T074,12-03-2026,20,Pending
TX002824,SR02073,C0243,F0409,P0015,T084,29-03-2026,34,Cancelled
TX002825,SR02071,C0050,F0240,P0069,T024,03-06-2026,20,Completed
TX002826,SR01028,C0038,F0519,P0036,T048,09-03-2026,28,Completed
TX002827,SR00122,C0417,F0759,P0051,T043,02-01-2026,45,Pending
TX002828,SR02463,C0175,F0069,P0012,T010,19-03-2026,29,Completed
TX002829,SR02485,C0149,F0483,P0027,T013,13-06-2026,5,Pending
TX002830,SR02144,C0051,F0729,P0076,T031,12-04-2026,24,Completed
TX002831,SR01194,C0332,F0321,P0054,T011,20-06-2026,44,Completed
TX002832,SR00702,C0032,F0269,P0051,T051,17-01-2026,24,Completed
TX002833,SR00437,C0453,F0199,P0095,T006,03-03-2026,49,Pending
TX002834,SR00928,C0105,F0180,P0042,T002,27-02-2026,45,Completed
TX002835,SR00837,C0035,F0313,P0081,T063,16-01-2026,13,Pending
TX002836,SR00690,C0351,F0618,P0073,T026,05-06-2026,21,Pending
TX002837,SR02376,C0178,F0146,P0047,T038,20-02-2026,10,Pending
TX002838,SR01649,C0349,F0185,P0030,T034,24-04-2026,10,Cancelled
TX002839,SR00558,C0020,F0800,P0036,T047,26-08-2026,19,Pending
TX002840,SR01599,C0431,F0797,P0088,T047,01-03-2026,21,Pending
TX002841,SR01763,C0155,F0182,P0031,T014,16-02-2026,18,Completed
TX002842,SR01307,C0379,F0337,P0066,T001,12-08-2026,36,Pending
TX002843,SR02367,C0468,F0323,P0013,T045,27-03-2026,8,Cancelled
TX002844,SR02415,C0268,F0238,P0035,T057,12-03-2026,24,Completed
TX002845,SR01081,C0168,F0123,P0094,T077,22-06-2026,44,Completed
TX002846,SR01181,C0157,F0050,P0054,T020,01-02-2026,36,Completed
TX002847,SR00543,C0344,F0492,P0083,T009,01-04-2026,11,Pending
TX002848,SR01960,C0003,F0034,P0026,T060,17-02-2026,12,Cancelled
TX002849,SR02328,C0074,F0497,P0077,T091,03-08-2026,46,Completed
TX002850,SR01646,C0324,F0077,P0099,T024,13-03-2026,29,Cancelled
TX002851,SR00503,C0013,F0124,P0093,T009,17-05-2026,44,Completed
TX002852,SR01296,C0145,F0005,P0044,T041,06-05-2026,43,Completed
TX002853,SR01987,C0324,F0319,P0069,T057,29-04-2026,22,Cancelled
TX002854,SR00106,C0126,F0262,P0090,T063,16-01-2026,26,Cancelled
TX002855,SR01476,C0466,F0266,P0082,T012,05-03-2026,19,Completed
TX002856,SR01644,C0488,F0249,P0098,T066,25-07-2026,32,Cancelled
TX002857,SR01342,C0017,F0751,P0004,T035,12-05-2026,32,Pending
TX002858,SR01607,C0088,F0345,P0054,T004,30-07-2026,34,Pending
TX002859,SR02240,C0454,F0648,P0080,T093,15-05-2026,43,Pending
TX002860,SR00313,C0017,F0187,P0073,T054,18-03-2026,37,Completed
TX002861,SR01427,C0244,F0387,P0016,T031,24-03-2026,5,Completed
TX002862,SR01990,C0475,F0051,P0058,T082,06-07-2026,18,Completed
TX002863,SR02055,C0295,F0207,P0017,T080,27-02-2026,28,Completed
TX002864,SR01168,C0154,F0057,P0010,T021,24-05-2026,31,Completed
TX002865,SR02494,C0004,F0017,P0012,T097,13-08-2026,43,Completed
TX002866,SR00811,C0197,F0146,P0096,T054,22-07-2026,21,Completed
TX002867,SR01102,C0271,F0128,P0028,T027,03-04-2026,41,Completed
TX002868,SR02060,C0041,F0254,P0046,T045,08-03-2026,20,Completed
TX002869,SR01099,C0265,F0595,P0026,T019,30-05-2026,8,Completed
TX002870,SR00859,C0203,F0119,P0090,T085,27-05-2026,24,Completed
TX002871,SR01390,C0163,F0489,P0089,T027,23-06-2026,8,Completed
TX002872,SR01555,C0487,F0293,P0066,T044,18-01-2026,20,Completed
TX002873,SR02425,C0447,F0323,P0083,T007,10-05-2026,12,Pending
TX002874,SR01545,C0348,F0738,P0011,T095,03-01-2026,2,Pending
TX002875,SR00464,C0296,F0372,P0100,T031,26-08-2026,33,Completed
TX002876,SR00133,C0237,F0210,P0042,T066,29-07-2026,37,Cancelled
TX002877,SR02419,C0036,F0191,P0041,T036,27-06-2026,7,Pending
TX002878,SR01058,C0154,F0135,P0020,T057,12-03-2026,29,Completed
TX002879,SR00504,C0006,F0642,P0088,T057,29-06-2026,25,Completed
TX002880,SR00557,C0184,F0532,P0017,T030,17-04-2026,7,Completed
TX002881,SR00266,C0237,F0215,P0086,T044,05-06-2026,30,Completed
TX002882,SR00499,C0306,F0393,P0072,T060,25-02-2026,13,Pending
TX002883,SR01951,C0178,F0405,P0078,T022,24-04-2026,41,Completed
TX002884,SR01638,C0128,F0038,P0004,T014,30-07-2026,30,Cancelled
TX002885,SR01500,C0356,F0727,P0074,T018,15-02-2026,6,Completed
TX002886,SR00029,C0076,F0631,P0097,T042,03-04-2026,26,Cancelled
TX002887,SR01681,C0063,F0429,P0040,T022,11-03-2026,6,Completed
TX002888,SR02423,C0349,F0573,P0045,T029,12-02-2026,36,Completed
TX002889,SR02309,C0293,F0088,P0012,T069,06-04-2026,15,Completed
TX002890,SR00989,C0435,F0782,P0049,T068,26-05-2026,24,Completed
TX002891,SR01501,C0370,F0513,P0068,T095,14-01-2026,35,Completed
TX002892,SR00748,C0451,F0751,P0030,T077,19-02-2026,42,Pending
TX002893,SR02222,C0333,F0692,P0075,T043,16-07-2026,26,Completed
TX002894,SR02300,C0421,F0468,P0009,T093,04-03-2026,4,Completed
TX002895,SR00558,C0085,F0231,P0068,T093,22-03-2026,13,Completed
TX002896,SR01217,C0266,F0549,P0059,T023,11-06-2026,31,Completed
TX002897,SR00591,C0473,F0410,P0023,T018,29-06-2026,3,Completed
TX002898,SR01536,C0395,F0328,P0035,T089,19-08-2026,19,Completed
TX002899,SR00733,C0202,F0570,P0024,T090,08-02-2026,16,Pending
TX002900,SR01740,C0464,F0711,P0063,T085,01-07-2026,16,Completed
TX002901,SR02454,C0157,F0138,P0064,T047,23-06-2026,47,Cancelled
TX002902,SR02179,C0012,F0443,P0056,T087,30-01-2026,47,Completed
TX002903,SR00456,C0399,F0623,P0020,T077,30-07-2026,44,Completed
TX002904,SR00325,C0207,F0261,P0022,T075,17-03-2026,43,Completed
TX002905,SR02037,C0018,F0274,P0082,T061,12-04-2026,44,Completed
TX002906,SR00205,C0103,F0008,P0047,T027,11-07-2026,10,Completed
TX002907,SR01001,C0036,F0259,P0044,T075,06-05-2026,20,Completed
TX002908,SR02485,C0499,F0470,P0031,T088,08-03-2026,3,Completed
TX002909,SR01121,C0424,F0778,P0094,T089,19-03-2026,40,Pending
TX002910,SR00023,C0465,F0421,P0024,T060,27-06-2026,43,Cancelled
TX002911,SR02439,C0092,F0233,P0077,T004,13-02-2026,2,Completed
TX002912,SR01771,C0402,F0650,P0077,T075,24-04-2026,9,Completed
TX002913,SR00827,C0282,F0151,P0025,T026,29-06-2026,9,Completed
TX002914,SR01528,C0148,F0150,P0002,T021,01-08-2026,46,Completed
TX002915,SR01531,C0335,F0418,P0025,T008,18-07-2026,39,Completed
TX002916,SR01382,C0477,F0653,P0027,T016,28-03-2026,14,Completed
TX002917,SR02403,C0231,F0170,P0075,T050,17-02-2026,3,Pending
TX002918,SR01965,C0015,F0013,P0054,T028,13-08-2026,21,Completed
TX002919,SR00648,C0422,F0579,P0044,T039,24-05-2026,29,Cancelled
TX002920,SR02482,C0095,F0470,P0048,T052,08-04-2026,3,Pending
TX002921,SR02407,C0092,F0549,P0096,T053,05-08-2026,23,Completed
TX002922,SR00118,C0309,F0318,P0095,T042,24-06-2026,27,Completed
TX002923,SR00744,C0400,F0095,P0003,T046,25-04-2026,49,Completed
TX002924,SR01537,C0397,F0266,P0085,T089,16-02-2026,10,Completed
TX002925,SR02196,C0434,F0376,P0037,T029,20-01-2026,9,Completed
TX002926,SR01792,C0442,F0347,P0076,T002,08-05-2026,22,Completed
TX002927,SR01436,C0065,F0712,P0099,T081,28-01-2026,16,Completed
TX002928,SR00765,C0151,F0179,P0052,T009,16-03-2026,46,Completed
TX002929,SR00242,C0361,F0250,P0063,T078,13-06-2026,39,Completed
TX002930,SR02233,C0196,F0147,P0043,T033,04-01-2026,13,Pending
TX002931,SR01332,C0358,F0457,P0008,T085,26-08-2026,17,Cancelled
TX002932,SR01143,C0228,F0645,P0004,T017,15-04-2026,32,Pending
TX002933,SR02450,C0226,F0707,P0037,T017,28-07-2026,43,Completed
TX002934,SR00412,C0014,F0183,P0083,T041,11-02-2026,10,Completed
TX002935,SR00635,C0305,F0344,P0035,T042,21-04-2026,15,Completed
TX002936,SR02137,C0432,F0590,P0044,T072,19-08-2026,30,Cancelled
TX002937,SR00711,C0410,F0037,P0054,T065,01-06-2026,43,Completed
TX002938,SR02358,C0169,F0570,P0033,T100,14-07-2026,15,Completed
TX002939,SR02145,C0339,F0108,P0049,T068,14-06-2026,23,Pending
TX002940,SR00249,C0100,F0027,P0061,T021,27-06-2026,34,Completed
TX002941,SR01145,C0317,F0091,P0086,T009,29-03-2026,21,Cancelled
TX002942,SR01880,C0205,F0705,P0076,T027,19-04-2026,38,Completed
TX002943,SR01224,C0464,F0545,P0082,T099,12-01-2026,26,Completed
TX002944,SR00538,C0356,F0632,P0053,T077,04-03-2026,44,Cancelled
TX002945,SR00113,C0037,F0553,P0070,T075,16-01-2026,30,Completed
TX002946,SR00017,C0436,F0637,P0015,T028,19-03-2026,46,Completed
TX002947,SR00446,C0363,F0398,P0015,T047,24-06-2026,43,Completed
TX002948,SR00652,C0108,F0648,P0093,T071,19-02-2026,12,Completed
TX002949,SR00755,C0142,F0046,P0061,T095,25-04-2026,44,Completed
TX002950,SR02138,C0087,F0467,P0012,T059,13-05-2026,7,Completed
TX002951,SR01272,C0156,F0605,P0041,T003,09-02-2026,14,Completed
TX002952,SR00353,C0472,F0795,P0097,T086,14-07-2026,3,Completed
TX002953,SR00209,C0452,F0288,P0003,T094,05-07-2026,6,Completed
TX002954,SR00327,C0276,F0144,P0045,T004,14-02-2026,36,Completed
TX002955,SR00784,C0182,F0577,P0084,T040,09-01-2026,6,Pending
TX002956,SR01848,C0183,F0058,P0095,T098,02-01-2026,10,Completed
TX002957,SR00124,C0479,F0622,P0037,T096,12-03-2026,21,Completed
TX002958,SR01016,C0100,F0564,P0092,T097,31-01-2026,40,Completed
TX002959,SR01119,C0379,F0553,P0072,T098,05-01-2026,40,Completed
TX002960,SR00372,C0498,F0236,P0041,T003,21-04-2026,48,Completed
TX002961,SR00147,C0428,F0097,P0078,T016,07-05-2026,3,Cancelled
TX002962,SR00576,C0360,F0487,P0081,T050,05-01-2026,8,Completed
TX002963,SR00380,C0450,F0291,P0028,T061,24-05-2026,20,Pending
TX002964,SR01987,C0109,F0314,P0009,T041,07-04-2026,14,Completed
TX002965,SR02292,C0492,F0151,P0079,T027,18-02-2026,5,Pending
TX002966,SR01559,C0046,F0267,P0009,T026,27-01-2026,26,Pending
TX002967,SR01897,C0007,F0666,P0078,T061,02-07-2026,23,Pending
TX002968,SR01903,C0100,F0715,P0036,T098,26-01-2026,22,Completed
TX002969,SR02195,C0305,F0280,P0071,T083,18-02-2026,2,Completed
TX002970,SR00245,C0124,F0114,P0061,T018,21-06-2026,21,Completed
TX002971,SR02493,C0317,F0028,P0004,T015,01-06-2026,23,Completed
TX002972,SR01146,C0056,F0152,P0001,T027,28-08-2026,11,Completed
TX002973,SR01358,C0349,F0008,P0063,T074,10-01-2026,39,Pending
TX002974,SR01993,C0115,F0535,P0052,T001,16-02-2026,44,Completed
TX002975,SR01235,C0262,F0515,P0005,T071,08-06-2026,46,Completed
TX002976,SR00665,C0059,F0627,P0098,T059,25-02-2026,34,Pending
TX002977,SR00048,C0486,F0266,P0024,T066,02-04-2026,34,Completed
TX002978,SR00423,C0189,F0666,P0086,T087,13-03-2026,8,Pending
TX002979,SR00211,C0303,F0136,P0012,T060,14-07-2026,20,Pending
TX002980,SR00955,C0244,F0185,P0024,T063,08-07-2026,1,Completed
TX002981,SR01948,C0298,F0733,P0053,T049,13-07-2026,28,Completed
TX002982,SR00834,C0228,F0706,P0053,T066,02-05-2026,38,Cancelled
TX002983,SR01494,C0037,F0480,P0061,T039,28-04-2026,33,Completed
TX002984,SR00464,C0415,F0488,P0018,T007,17-05-2026,1,Cancelled
TX002985,SR01476,C0322,F0561,P0027,T003,17-01-2026,28,Completed
TX002986,SR02385,C0127,F0659,P0027,T072,12-05-2026,44,Completed
TX002987,SR00789,C0043,F0186,P0045,T064,08-03-2026,6,Completed
TX002988,SR01208,C0444,F0055,P0093,T041,13-08-2026,26,Completed
TX002989,SR02408,C0167,F0149,P0047,T075,14-02-2026,13,Completed
TX002990,SR01521,C0455,F0286,P0100,T048,09-01-2026,46,Completed
TX002991,SR00998,C0383,F0189,P0026,T026,20-08-2026,27,Completed
TX002992,SR00303,C0480,F0420,P0025,T059,07-02-2026,38,Completed
TX002993,SR02344,C0330,F0111,P0011,T038,05-05-2026,26,Pending
TX002994,SR01526,C0091,F0462,P0022,T098,02-04-2026,44,Completed
TX002995,SR00143,C0018,F0569,P0032,T073,06-03-2026,15,Completed
TX002996,SR01389,C0123,F0080,P0039,T075,28-04-2026,37,Completed
TX002997,SR02422,C0220,F0230,P0072,T069,25-06-2026,22,Completed
TX002998,SR02330,C0312,F0431,P0045,T069,28-01-2026,29,Completed
TX002999,SR00490,C0448,F0053,P0069,T078,08-06-2026,34,Cancelled
TX003000,SR01031,C0071,F0533,P0009,T044,03-08-2026,9,Completed
TX003001,SR02467,C0318,F0603,P0095,T083,11-03-2026,43,Cancelled
TX003002,SR01956,C0043,F0290,P0015,T004,12-06-2026,36,Pending
TX003003,SR01401,C0241,F0008,P0004,T067,09-08-2026,21,Pending
TX003004,SR00761,C0037,F0401,P0043,T054,12-08-2026,30,Completed
TX003005,SR01908,C0187,F0696,P0066,T001,05-06-2026,33,Completed
TX003006,SR01448,C0304,F0235,P0024,T067,14-08-2026,23,Completed
TX003007,SR01310,C0370,F0680,P0017,T001,06-07-2026,32,Completed
TX003008,SR02318,C0403,F0697,P0085,T071,04-05-2026,28,Completed
TX003009,SR00944,C0263,F0225,P0083,T053,31-01-2026,39,Completed
TX003010,SR01563,C0130,F0480,P0076,T061,24-07-2026,12,Completed
TX003011,SR00109,C0457,F0034,P0023,T061,10-03-2026,1,Completed
TX003012,SR01778,C0467,F0442,P0054,T031,26-06-2026,20,Completed
TX003013,SR01369,C0484,F0704,P0069,T063,04-06-2026,41,Completed
TX003014,SR02190,C0396,F0756,P0044,T023,28-03-2026,7,Completed
TX003015,SR00833,C0389,F0160,P0018,T076,05-07-2026,43,Completed
TX003016,SR02314,C0039,F0532,P0084,T010,07-06-2026,21,Completed
TX003017,SR01440,C0287,F0053,P0094,T015,28-06-2026,11,Completed
TX003018,SR00521,C0204,F0224,P0017,T071,17-08-2026,23,Cancelled
TX003019,SR00401,C0130,F0669,P0071,T006,07-03-2026,40,Completed
TX003020,SR00490,C0035,F0514,P0089,T098,03-07-2026,43,Pending
TX003021,SR00755,C0107,F0314,P0055,T004,10-01-2026,31,Completed
TX003022,SR01377,C0458,F0770,P0005,T053,20-06-2026,26,Completed
TX003023,SR02171,C0455,F0607,P0070,T099,07-02-2026,40,Completed
TX003024,SR02489,C0372,F0019,P0093,T068,23-02-2026,45,Pending
TX003025,SR01696,C0051,F0064,P0027,T064,16-02-2026,39,Pending
TX003026,SR01226,C0344,F0502,P0014,T070,19-07-2026,48,Completed
TX003027,SR01534,C0064,F0702,P0026,T071,31-03-2026,41,Completed
TX003028,SR00828,C0342,F0126,P0082,T017,04-04-2026,3,Pending
TX003029,SR00613,C0017,F0431,P0056,T031,28-03-2026,1,Completed
TX003030,SR01344,C0143,F0654,P0002,T020,30-05-2026,30,Completed
TX003031,SR02069,C0062,F0690,P0059,T022,08-08-2026,47,Pending
TX003032,SR00161,C0467,F0513,P0082,T021,12-06-2026,15,Completed
TX003033,SR00278,C0285,F0800,P0019,T064,25-01-2026,48,Pending
TX003034,SR00444,C0462,F0750,P0059,T094,04-05-2026,42,Pending
TX003035,SR00525,C0011,F0668,P0023,T056,26-01-2026,7,Pending
TX003036,SR00373,C0370,F0536,P0002,T002,09-02-2026,25,Completed
TX003037,SR00326,C0240,F0789,P0041,T070,17-02-2026,11,Completed
TX003038,SR00070,C0235,F0014,P0078,T055,17-06-2026,4,Completed
TX003039,SR00871,C0437,F0072,P0067,T078,30-07-2026,34,Completed
TX003040,SR01806,C0024,F0409,P0011,T038,01-03-2026,11,Completed
TX003041,SR00393,C0473,F0537,P0019,T043,15-08-2026,28,Completed
TX003042,SR00814,C0015,F0723,P0054,T066,05-03-2026,34,Pending
TX003043,SR02434,C0182,F0543,P0033,T071,15-03-2026,22,Completed
TX003044,SR00422,C0070,F0186,P0034,T023,31-01-2026,4,Completed
TX003045,SR02469,C0262,F0727,P0044,T059,12-01-2026,4,Cancelled
TX003046,SR01281,C0298,F0067,P0076,T097,29-05-2026,19,Completed
TX003047,SR01811,C0322,F0076,P0058,T007,08-04-2026,3,Completed
TX003048,SR00809,C0400,F0576,P0086,T034,29-01-2026,43,Pending
TX003049,SR00812,C0376,F0771,P0011,T054,16-05-2026,9,Completed
TX003050,SR00983,C0475,F0403,P0047,T093,24-03-2026,2,Completed
TX003051,SR00320,C0225,F0108,P0056,T097,05-04-2026,7,Pending
TX003052,SR00789,C0088,F0039,P0076,T059,02-08-2026,35,Completed
TX003053,SR02236,C0078,F0784,P0052,T055,07-04-2026,29,Cancelled
TX003054,SR00010,C0138,F0224,P0092,T042,19-04-2026,34,Pending
TX003055,SR01431,C0302,F0512,P0084,T045,14-06-2026,17,Completed
TX003056,SR01721,C0028,F0262,P0069,T074,03-08-2026,16,Cancelled
TX003057,SR00354,C0478,F0172,P0040,T055,27-06-2026,33,Completed
TX003058,SR00277,C0495,F0535,P0033,T056,29-04-2026,6,Completed
TX003059,SR01382,C0083,F0592,P0054,T085,15-03-2026,20,Completed
TX003060,SR00548,C0391,F0378,P0047,T014,12-02-2026,6,Completed
TX003061,SR02446,C0299,F0406,P0003,T096,30-01-2026,21,Completed
TX003062,SR00476,C0241,F0390,P0023,T071,02-07-2026,48,Completed
TX003063,SR00328,C0368,F0474,P0084,T059,26-06-2026,42,Completed
TX003064,SR00829,C0288,F0646,P0046,T058,26-03-2026,34,Completed
TX003065,SR00830,C0162,F0569,P0095,T058,14-08-2026,33,Completed
TX003066,SR00401,C0282,F0223,P0025,T057,20-08-2026,19,Cancelled
TX003067,SR01663,C0068,F0198,P0097,T036,29-05-2026,35,Pending
TX003068,SR00868,C0128,F0539,P0081,T074,04-03-2026,41,Completed
TX003069,SR01318,C0487,F0517,P0036,T026,02-05-2026,28,Completed
TX003070,SR00609,C0093,F0295,P0061,T066,17-07-2026,6,Completed
TX003071,SR00242,C0300,F0671,P0099,T053,02-05-2026,35,Completed
TX003072,SR00154,C0149,F0335,P0064,T037,29-04-2026,7,Completed
TX003073,SR00133,C0233,F0269,P0094,T081,08-05-2026,16,Pending
TX003074,SR02177,C0124,F0445,P0012,T032,22-07-2026,10,Completed
TX003075,SR00662,C0285,F0155,P0017,T066,09-04-2026,3,Cancelled
TX003076,SR00764,C0279,F0557,P0001,T026,13-02-2026,38,Pending
TX003077,SR01449,C0309,F0718,P0033,T021,04-05-2026,32,Completed
TX003078,SR00239,C0155,F0757,P0079,T058,02-06-2026,21,Cancelled
TX003079,SR01502,C0290,F0358,P0097,T098,13-08-2026,19,Completed
TX003080,SR01304,C0365,F0216,P0055,T030,28-01-2026,32,Cancelled
TX003081,SR01979,C0360,F0384,P0043,T012,15-08-2026,27,Completed
TX003082,SR00309,C0284,F0083,P0094,T013,13-07-2026,12,Completed
TX003083,SR00043,C0150,F0535,P0059,T050,20-06-2026,24,Completed
TX003084,SR01933,C0267,F0344,P0054,T079,26-02-2026,39,Completed
TX003085,SR00926,C0269,F0098,P0009,T072,19-02-2026,28,Pending
TX003086,SR00154,C0476,F0438,P0022,T021,13-04-2026,40,Pending
TX003087,SR01391,C0189,F0575,P0070,T084,13-02-2026,25,Completed
TX003088,SR01162,C0162,F0183,P0070,T017,07-06-2026,21,Pending
TX003089,SR02378,C0375,F0324,P0050,T056,30-06-2026,37,Completed
TX003090,SR02360,C0318,F0713,P0071,T085,25-04-2026,11,Completed
TX003091,SR01348,C0214,F0568,P0070,T081,16-06-2026,31,Completed
TX003092,SR00398,C0001,F0640,P0007,T071,06-07-2026,31,Pending
TX003093,SR01870,C0353,F0360,P0084,T034,08-08-2026,14,Completed
TX003094,SR00504,C0369,F0395,P0070,T077,15-06-2026,13,Completed
TX003095,SR02095,C0466,F0398,P0022,T039,26-02-2026,5,Completed
TX003096,SR01502,C0252,F0361,P0022,T036,01-02-2026,8,Pending
TX003097,SR00887,C0258,F0116,P0096,T054,14-08-2026,5,Completed
TX003098,SR02450,C0105,F0033,P0026,T062,05-07-2026,31,Completed
TX003099,SR01286,C0230,F0666,P0004,T021,23-07-2026,6,Completed
TX003100,SR00965,C0001,F0430,P0004,T094,12-04-2026,26,Completed
TX003101,SR00473,C0251,F0427,P0023,T087,07-02-2026,6,Completed
TX003102,SR01622,C0354,F0477,P0063,T029,24-05-2026,39,Pending
TX003103,SR00675,C0393,F0330,P0046,T025,03-06-2026,34,Completed
TX003104,SR00381,C0332,F0714,P0074,T007,21-02-2026,15,Pending
TX003105,SR00296,C0403,F0376,P0024,T041,23-04-2026,37,Cancelled
TX003106,SR01604,C0333,F0401,P0024,T018,12-04-2026,12,Completed
TX003107,SR02303,C0390,F0426,P0041,T094,04-03-2026,32,Completed
TX003108,SR00632,C0219,F0126,P0080,T090,16-07-2026,32,Completed
TX003109,SR00544,C0302,F0139,P0051,T083,27-04-2026,22,Completed
TX003110,SR01534,C0320,F0145,P0077,T029,11-08-2026,35,Completed
TX003111,SR00358,C0287,F0204,P0010,T070,01-01-2026,47,Completed
TX003112,SR00222,C0286,F0128,P0041,T050,14-08-2026,21,Pending
TX003113,SR01594,C0391,F0180,P0044,T028,08-06-2026,14,Pending
TX003114,SR01313,C0120,F0751,P0007,T054,18-06-2026,22,Completed
TX003115,SR00072,C0159,F0289,P0032,T017,11-03-2026,28,Pending
TX003116,SR00594,C0260,F0635,P0029,T097,19-01-2026,7,Cancelled
TX003117,SR00496,C0323,F0315,P0046,T017,25-02-2026,48,Completed
TX003118,SR01705,C0258,F0660,P0017,T031,17-04-2026,24,Completed
TX003119,SR01665,C0100,F0603,P0027,T023,23-03-2026,48,Pending
TX003120,SR01870,C0412,F0673,P0096,T053,16-02-2026,48,Pending
TX003121,SR00249,C0273,F0231,P0015,T068,04-01-2026,4,Completed
TX003122,SR02121,C0217,F0077,P0082,T096,17-06-2026,6,Pending
TX003123,SR00524,C0440,F0247,P0055,T039,10-06-2026,9,Completed
TX003124,SR02481,C0219,F0562,P0008,T021,08-02-2026,28,Completed
TX003125,SR02180,C0081,F0524,P0041,T003,07-07-2026,18,Pending
TX003126,SR01149,C0493,F0564,P0052,T060,23-08-2026,1,Pending
TX003127,SR01965,C0192,F0795,P0028,T098,28-08-2026,28,Completed
TX003128,SR01677,C0448,F0180,P0027,T007,16-02-2026,16,Completed
TX003129,SR01935,C0259,F0356,P0072,T100,13-04-2026,42,Completed
TX003130,SR00047,C0122,F0393,P0004,T027,13-01-2026,38,Completed
TX003131,SR00210,C0189,F0120,P0093,T091,03-01-2026,42,Pending
TX003132,SR02263,C0456,F0530,P0033,T007,22-07-2026,28,Completed
TX003133,SR01954,C0473,F0040,P0039,T090,21-08-2026,35,Pending
TX003134,SR01540,C0069,F0718,P0013,T034,18-02-2026,4,Completed
TX003135,SR00781,C0494,F0071,P0089,T028,22-04-2026,38,Completed
TX003136,SR01054,C0427,F0089,P0023,T021,06-01-2026,23,Completed
TX003137,SR00983,C0324,F0139,P0081,T014,15-07-2026,1,Pending
TX003138,SR01086,C0092,F0714,P0033,T080,12-05-2026,4,Completed
TX003139,SR01571,C0294,F0690,P0004,T007,12-03-2026,16,Completed
TX003140,SR01895,C0213,F0738,P0041,T047,21-08-2026,19,Completed
TX003141,SR00960,C0063,F0667,P0053,T095,02-02-2026,11,Completed
TX003142,SR02084,C0492,F0739,P0047,T041,06-03-2026,38,Completed
TX003143,SR00227,C0302,F0378,P0099,T083,29-06-2026,22,Cancelled
TX003144,SR02020,C0049,F0004,P0053,T070,09-04-2026,13,Pending
TX003145,SR01692,C0171,F0351,P0078,T080,18-06-2026,34,Completed
TX003146,SR01277,C0420,F0177,P0038,T095,26-02-2026,23,Pending
TX003147,SR00938,C0222,F0196,P0015,T010,08-06-2026,39,Completed
TX003148,SR00928,C0248,F0553,P0050,T031,14-05-2026,25,Completed
TX003149,SR00902,C0072,F0134,P0056,T033,12-01-2026,37,Completed
TX003150,SR02364,C0056,F0258,P0042,T007,19-03-2026,42,Completed
TX003151,SR00067,C0489,F0315,P0077,T011,13-03-2026,4,Completed
TX003152,SR01586,C0477,F0049,P0097,T011,22-05-2026,6,Completed
TX003153,SR02473,C0048,F0562,P0009,T095,16-04-2026,36,Completed
TX003154,SR01360,C0275,F0611,P0007,T086,25-04-2026,27,Completed
TX003155,SR01598,C0341,F0447,P0028,T059,10-02-2026,12,Completed
TX003156,SR01496,C0441,F0023,P0059,T085,11-08-2026,2,Completed
TX003157,SR01265,C0280,F0630,P0005,T035,29-06-2026,47,Completed
TX003158,SR01575,C0435,F0357,P0020,T048,10-06-2026,5,Completed
TX003159,SR02259,C0061,F0214,P0041,T089,08-03-2026,23,Completed
TX003160,SR01783,C0008,F0759,P0038,T015,13-06-2026,11,Completed
TX003161,SR02124,C0233,F0688,P0085,T015,26-02-2026,20,Completed
TX003162,SR01383,C0133,F0353,P0055,T053,27-04-2026,36,Pending
TX003163,SR01934,C0378,F0355,P0088,T026,06-03-2026,25,Completed
TX003164,SR02189,C0169,F0730,P0076,T067,14-03-2026,3,Completed
TX003165,SR00530,C0204,F0153,P0042,T064,05-06-2026,5,Completed
TX003166,SR02150,C0268,F0328,P0098,T034,17-03-2026,47,Completed
TX003167,SR01717,C0481,F0457,P0085,T012,25-06-2026,13,Completed
TX003168,SR01106,C0036,F0278,P0050,T009,01-05-2026,21,Cancelled
TX003169,SR01936,C0277,F0253,P0086,T045,24-08-2026,39,Completed
TX003170,SR00422,C0195,F0086,P0026,T033,16-02-2026,42,Completed
TX003171,SR01747,C0019,F0214,P0021,T004,15-08-2026,14,Completed
TX003172,SR01442,C0408,F0287,P0080,T070,01-02-2026,11,Cancelled
TX003173,SR02221,C0457,F0670,P0079,T096,12-05-2026,22,Completed
TX003174,SR01552,C0087,F0270,P0023,T098,31-03-2026,17,Completed
TX003175,SR01315,C0380,F0129,P0076,T012,30-06-2026,35,Completed
TX003176,SR01309,C0351,F0678,P0051,T020,01-02-2026,36,Pending
TX003177,SR01388,C0353,F0282,P0056,T044,03-03-2026,13,Pending
TX003178,SR02227,C0231,F0736,P0085,T092,25-02-2026,19,Pending
TX003179,SR01963,C0161,F0088,P0017,T058,09-08-2026,36,Pending
TX003180,SR00233,C0036,F0018,P0041,T046,09-05-2026,25,Completed
TX003181,SR01332,C0018,F0738,P0029,T093,09-02-2026,28,Completed
TX003182,SR00719,C0089,F0079,P0056,T067,09-07-2026,40,Pending
TX003183,SR00412,C0264,F0007,P0016,T099,10-03-2026,32,Completed
TX003184,SR02165,C0071,F0515,P0012,T087,23-02-2026,32,Completed
TX003185,SR02144,C0344,F0254,P0070,T100,29-04-2026,24,Completed
TX003186,SR02349,C0310,F0388,P0006,T056,09-07-2026,41,Completed
TX003187,SR00985,C0173,F0327,P0042,T038,21-07-2026,2,Completed
TX003188,SR01065,C0044,F0238,P0099,T007,04-01-2026,5,Completed
TX003189,SR01946,C0259,F0385,P0100,T073,04-08-2026,34,Completed
TX003190,SR00482,C0412,F0208,P0018,T027,28-08-2026,30,Completed
TX003191,SR00136,C0197,F0180,P0093,T002,19-03-2026,14,Completed
TX003192,SR01051,C0404,F0180,P0034,T081,05-05-2026,30,Pending
TX003193,SR01574,C0144,F0095,P0020,T043,01-04-2026,6,Pending
TX003194,SR01141,C0041,F0421,P0051,T056,25-04-2026,30,Pending
TX003195,SR00529,C0325,F0439,P0049,T079,06-06-2026,18,Completed
TX003196,SR01299,C0445,F0014,P0038,T033,06-06-2026,29,Cancelled
TX003197,SR02357,C0442,F0368,P0043,T082,24-04-2026,17,Pending
TX003198,SR00686,C0480,F0592,P0010,T059,25-04-2026,36,Completed
TX003199,SR01001,C0054,F0002,P0027,T057,28-04-2026,6,Completed
TX003200,SR00782,C0022,F0241,P0020,T027,08-04-2026,42,Completed
TX003201,SR00734,C0285,F0769,P0094,T079,30-01-2026,25,Completed
TX003202,SR01639,C0476,F0342,P0050,T025,31-03-2026,12,Pending
TX003203,SR00937,C0499,F0014,P0055,T062,21-06-2026,48,Completed
TX003204,SR01555,C0140,F0422,P0044,T083,23-08-2026,6,Completed
TX003205,SR00050,C0188,F0329,P0089,T012,15-07-2026,27,Completed
TX003206,SR01656,C0333,F0170,P0080,T041,26-07-2026,4,Pending
TX003207,SR00264,C0457,F0059,P0069,T068,07-07-2026,45,Pending
TX003208,SR00944,C0088,F0707,P0032,T028,01-05-2026,8,Completed
TX003209,SR02182,C0488,F0651,P0031,T003,13-06-2026,13,Cancelled
TX003210,SR00842,C0409,F0546,P0095,T041,20-07-2026,33,Completed
TX003211,SR01746,C0035,F0015,P0094,T050,23-02-2026,44,Completed
TX003212,SR00879,C0421,F0697,P0029,T093,05-02-2026,21,Completed
TX003213,SR02256,C0321,F0379,P0034,T081,05-03-2026,13,Pending
TX003214,SR02378,C0490,F0381,P0034,T019,08-05-2026,18,Pending
TX003215,SR02273,C0105,F0703,P0079,T028,08-07-2026,45,Pending
TX003216,SR00989,C0497,F0346,P0095,T019,19-04-2026,45,Pending
TX003217,SR00794,C0024,F0189,P0089,T092,24-08-2026,7,Completed
TX003218,SR01516,C0038,F0190,P0085,T036,19-03-2026,45,Completed
TX003219,SR02042,C0224,F0742,P0035,T090,21-04-2026,42,Completed
TX003220,SR01308,C0329,F0436,P0032,T007,09-08-2026,27,Completed
TX003221,SR01846,C0084,F0464,P0089,T056,10-02-2026,13,Completed
TX003222,SR02191,C0137,F0475,P0040,T008,19-07-2026,23,Completed
TX003223,SR01881,C0195,F0177,P0022,T056,06-02-2026,38,Completed
TX003224,SR00923,C0063,F0336,P0085,T002,06-08-2026,14,Completed
TX003225,SR00625,C0088,F0762,P0048,T016,19-03-2026,17,Completed
TX003226,SR01086,C0075,F0117,P0009,T015,02-06-2026,23,Cancelled
TX003227,SR01438,C0478,F0762,P0090,T071,20-06-2026,4,Completed
TX003228,SR02107,C0469,F0219,P0030,T065,01-04-2026,21,Cancelled
TX003229,SR00752,C0315,F0237,P0031,T056,13-05-2026,7,Completed
TX003230,SR00403,C0342,F0012,P0054,T020,01-07-2026,1,Pending
TX003231,SR00789,C0069,F0531,P0028,T027,30-07-2026,19,Completed
TX003232,SR01486,C0026,F0256,P0083,T038,27-01-2026,38,Completed
TX003233,SR00581,C0189,F0368,P0070,T098,29-04-2026,49,Completed
TX003234,SR01000,C0493,F0465,P0057,T071,24-07-2026,22,Completed
TX003235,SR00642,C0239,F0508,P0021,T004,14-05-2026,37,Pending
TX003236,SR02465,C0404,F0765,P0049,T004,07-01-2026,11,Completed
TX003237,SR01282,C0185,F0445,P0028,T035,31-01-2026,32,Completed
TX003238,SR01804,C0155,F0143,P0097,T021,16-07-2026,33,Completed
TX003239,SR01301,C0407,F0563,P0080,T041,12-04-2026,17,Completed
TX003240,SR00027,C0236,F0045,P0012,T100,18-06-2026,22,Completed
TX003241,SR00660,C0366,F0675,P0053,T020,03-08-2026,33,Completed
TX003242,SR02099,C0364,F0238,P0079,T060,22-01-2026,16,Completed
TX003243,SR01279,C0364,F0578,P0053,T049,20-04-2026,30,Completed
TX003244,SR01758,C0339,F0126,P0013,T066,05-02-2026,12,Completed
TX003245,SR01905,C0405,F0326,P0014,T055,22-07-2026,27,Completed
TX003246,SR01403,C0232,F0557,P0074,T052,19-04-2026,3,Cancelled
TX003247,SR01444,C0152,F0498,P0053,T028,30-07-2026,22,Completed
TX003248,SR00591,C0257,F0005,P0055,T097,13-03-2026,25,Completed
TX003249,SR00624,C0163,F0028,P0027,T027,04-02-2026,41,Pending
TX003250,SR00374,C0022,F0785,P0027,T015,28-07-2026,19,Cancelled
TX003251,SR00745,C0181,F0424,P0041,T010,28-05-2026,1,Pending
TX003252,SR01571,C0251,F0685,P0055,T007,16-02-2026,2,Completed
TX003253,SR02322,C0261,F0059,P0047,T036,16-06-2026,27,Pending
TX003254,SR01100,C0171,F0393,P0088,T082,11-04-2026,40,Completed
TX003255,SR01506,C0363,F0462,P0019,T016,12-01-2026,44,Pending
TX003256,SR02155,C0143,F0737,P0048,T001,04-03-2026,40,Completed
TX003257,SR01694,C0324,F0569,P0024,T053,30-06-2026,17,Completed
TX003258,SR00656,C0135,F0503,P0001,T057,31-01-2026,25,Pending
TX003259,SR00703,C0494,F0235,P0042,T057,23-03-2026,44,Pending
TX003260,SR01594,C0325,F0796,P0006,T001,04-03-2026,42,Pending
TX003261,SR00720,C0279,F0263,P0038,T021,25-06-2026,23,Cancelled
TX003262,SR00623,C0215,F0223,P0064,T035,26-07-2026,24,Completed
TX003263,SR01480,C0378,F0579,P0038,T074,09-07-2026,4,Completed
TX003264,SR01591,C0213,F0798,P0068,T066,21-06-2026,9,Completed
TX003265,SR00634,C0402,F0686,P0030,T082,22-01-2026,26,Completed
TX003266,SR00121,C0080,F0145,P0041,T055,08-08-2026,26,Completed
TX003267,SR01921,C0411,F0653,P0088,T041,08-02-2026,29,Completed
TX003268,SR00980,C0481,F0283,P0025,T056,08-04-2026,16,Pending
TX003269,SR01583,C0122,F0178,P0051,T039,18-07-2026,12,Completed
TX003270,SR00432,C0112,F0749,P0072,T016,27-02-2026,23,Cancelled
TX003271,SR00787,C0478,F0760,P0037,T058,22-02-2026,44,Pending
TX003272,SR01515,C0204,F0297,P0031,T030,07-01-2026,48,Cancelled
TX003273,SR00311,C0348,F0021,P0070,T027,27-03-2026,3,Completed
TX003274,SR00792,C0096,F0168,P0008,T072,29-04-2026,18,Completed
TX003275,SR01798,C0214,F0433,P0027,T007,23-04-2026,26,Completed
TX003276,SR01929,C0352,F0048,P0041,T003,10-01-2026,11,Pending
TX003277,SR00883,C0448,F0182,P0022,T036,19-02-2026,18,Cancelled
TX003278,SR00287,C0219,F0120,P0054,T060,02-01-2026,7,Pending
TX003279,SR00066,C0038,F0762,P0062,T084,23-02-2026,23,Completed
TX003280,SR01391,C0207,F0285,P0097,T052,26-05-2026,44,Completed
TX003281,SR01734,C0322,F0305,P0061,T026,03-01-2026,46,Pending
TX003282,SR01485,C0438,F0337,P0060,T035,09-02-2026,1,Completed
TX003283,SR01014,C0417,F0011,P0073,T038,11-05-2026,32,Cancelled
TX003284,SR00056,C0380,F0434,P0021,T034,15-05-2026,45,Pending
TX003285,SR00566,C0083,F0730,P0048,T067,04-08-2026,38,Pending
TX003286,SR00090,C0260,F0651,P0084,T080,18-05-2026,4,Cancelled
TX003287,SR01156,C0289,F0201,P0018,T071,11-08-2026,20,Completed
TX003288,SR00771,C0235,F0011,P0030,T039,23-06-2026,37,Completed
TX003289,SR00178,C0462,F0619,P0022,T029,13-05-2026,49,Completed
TX003290,SR01523,C0480,F0673,P0096,T008,02-04-2026,15,Pending
TX003291,SR00926,C0106,F0738,P0036,T080,27-01-2026,14,Pending
TX003292,SR02407,C0479,F0462,P0033,T097,19-06-2026,13,Completed
TX003293,SR01044,C0424,F0379,P0082,T006,14-08-2026,44,Completed
TX003294,SR00227,C0353,F0606,P0091,T014,29-03-2026,9,Completed
TX003295,SR01763,C0191,F0553,P0001,T022,27-03-2026,18,Completed
TX003296,SR01758,C0381,F0606,P0088,T080,24-01-2026,7,Cancelled
TX003297,SR02324,C0294,F0228,P0071,T022,24-05-2026,47,Completed
TX003298,SR01732,C0450,F0723,P0087,T002,16-03-2026,4,Completed
TX003299,SR00905,C0356,F0030,P0009,T034,03-01-2026,25,Completed
TX003300,SR01674,C0483,F0075,P0004,T037,02-01-2026,8,Pending
TX003301,SR01996,C0210,F0524,P0034,T040,22-03-2026,20,Completed
TX003302,SR01291,C0042,F0458,P0085,T052,21-04-2026,29,Completed
TX003303,SR01987,C0246,F0444,P0050,T025,20-04-2026,35,Completed
TX003304,SR02418,C0499,F0728,P0073,T003,27-06-2026,28,Completed
TX003305,SR01887,C0328,F0697,P0025,T011,07-05-2026,21,Completed
TX003306,SR01255,C0352,F0576,P0034,T074,08-07-2026,14,Pending
TX003307,SR01233,C0313,F0132,P0088,T066,13-03-2026,40,Pending
TX003308,SR02096,C0297,F0078,P0050,T027,25-02-2026,34,Completed
TX003309,SR02183,C0031,F0112,P0078,T095,10-05-2026,33,Completed
TX003310,SR00657,C0207,F0492,P0064,T055,26-01-2026,38,Completed
TX003311,SR00025,C0044,F0571,P0018,T080,03-07-2026,11,Completed
TX003312,SR02016,C0169,F0640,P0095,T080,14-02-2026,49,Completed
TX003313,SR00591,C0360,F0083,P0095,T031,08-08-2026,46,Pending
TX003314,SR02492,C0403,F0220,P0079,T060,25-08-2026,22,Completed
TX003315,SR00091,C0112,F0271,P0047,T060,09-05-2026,10,Completed
TX003316,SR02276,C0328,F0506,P0043,T046,16-03-2026,19,Completed
TX003317,SR01696,C0114,F0038,P0030,T064,23-03-2026,20,Completed
TX003318,SR00761,C0101,F0673,P0065,T034,14-04-2026,48,Completed
TX003319,SR00087,C0480,F0065,P0032,T010,26-04-2026,15,Completed
TX003320,SR02116,C0305,F0420,P0019,T005,19-01-2026,47,Pending
TX003321,SR00299,C0099,F0747,P0007,T045,17-02-2026,12,Completed
TX003322,SR00239,C0071,F0156,P0043,T092,09-07-2026,46,Completed
TX003323,SR01976,C0025,F0550,P0082,T022,13-01-2026,46,Cancelled
TX003324,SR01695,C0249,F0440,P0080,T060,18-04-2026,30,Completed
TX003325,SR00319,C0051,F0656,P0085,T017,30-07-2026,6,Pending
TX003326,SR00856,C0292,F0471,P0061,T064,21-01-2026,31,Completed
TX003327,SR01667,C0217,F0679,P0087,T019,11-08-2026,45,Completed
TX003328,SR01647,C0318,F0323,P0079,T045,24-04-2026,46,Completed
TX003329,SR00906,C0104,F0132,P0081,T081,12-04-2026,23,Pending
TX003330,SR01031,C0073,F0544,P0051,T038,21-06-2026,24,Pending
TX003331,SR00200,C0051,F0775,P0009,T094,06-07-2026,19,Completed
TX003332,SR00023,C0048,F0347,P0039,T005,24-04-2026,11,Completed
TX003333,SR02419,C0037,F0656,P0085,T009,20-01-2026,33,Completed
TX003334,SR00579,C0130,F0702,P0075,T017,21-08-2026,49,Completed
TX003335,SR02318,C0401,F0517,P0002,T025,03-01-2026,14,Completed
TX003336,SR00106,C0304,F0634,P0010,T043,29-07-2026,42,Cancelled
TX003337,SR02475,C0126,F0451,P0066,T092,15-04-2026,5,Completed
TX003338,SR01069,C0466,F0644,P0098,T025,04-05-2026,3,Completed
TX003339,SR02016,C0381,F0269,P0074,T036,03-07-2026,45,Completed
TX003340,SR02101,C0390,F0421,P0095,T005,14-08-2026,6,Completed
TX003341,SR00880,C0450,F0063,P0007,T072,06-02-2026,21,Cancelled
TX003342,SR01845,C0373,F0158,P0089,T055,14-07-2026,44,Completed
TX003343,SR00836,C0479,F0464,P0013,T005,08-06-2026,18,Pending
TX003344,SR01973,C0166,F0580,P0089,T047,30-03-2026,15,Completed
TX003345,SR02398,C0429,F0024,P0098,T022,13-04-2026,2,Completed
TX003346,SR02018,C0056,F0056,P0052,T043,05-07-2026,35,Completed
TX003347,SR01820,C0151,F0006,P0054,T029,03-02-2026,16,Pending
TX003348,SR00930,C0446,F0415,P0050,T079,02-05-2026,6,Completed
TX003349,SR00272,C0067,F0269,P0056,T006,23-06-2026,24,Completed
TX003350,SR01266,C0251,F0043,P0083,T060,10-05-2026,9,Completed
TX003351,SR00325,C0171,F0635,P0029,T080,18-04-2026,42,Completed
TX003352,SR01272,C0051,F0423,P0029,T001,05-05-2026,37,Pending
TX003353,SR02173,C0118,F0009,P0097,T091,03-05-2026,49,Cancelled
TX003354,SR00284,C0268,F0549,P0085,T077,12-07-2026,48,Completed
TX003355,SR02253,C0316,F0730,P0055,T028,17-07-2026,42,Completed
TX003356,SR01496,C0338,F0336,P0021,T049,09-08-2026,25,Completed
TX003357,SR00118,C0066,F0760,P0096,T069,18-01-2026,9,Completed
TX003358,SR01801,C0160,F0334,P0088,T052,18-03-2026,3,Completed
TX003359,SR00001,C0053,F0062,P0033,T076,30-07-2026,5,Completed
TX003360,SR01528,C0005,F0099,P0055,T089,04-06-2026,12,Completed
TX003361,SR01269,C0196,F0054,P0042,T036,01-04-2026,44,Pending
TX003362,SR01865,C0311,F0242,P0085,T011,31-05-2026,11,Completed
TX003363,SR00941,C0186,F0308,P0069,T044,22-04-2026,5,Pending
TX003364,SR00298,C0021,F0356,P0050,T060,01-08-2026,46,Pending
TX003365,SR00968,C0110,F0385,P0097,T078,14-05-2026,22,Cancelled
TX003366,SR01904,C0217,F0691,P0061,T029,18-04-2026,21,Cancelled
TX003367,SR02385,C0178,F0010,P0049,T093,30-05-2026,15,Completed
TX003368,SR00521,C0413,F0719,P0093,T004,15-02-2026,47,Completed
TX003369,SR00879,C0299,F0192,P0045,T059,04-07-2026,18,Pending
TX003370,SR02193,C0500,F0763,P0042,T044,18-02-2026,43,Pending
TX003371,SR00783,C0088,F0109,P0039,T070,06-01-2026,49,Completed
TX003372,SR00613,C0186,F0081,P0023,T029,13-01-2026,23,Completed
TX003373,SR02079,C0044,F0098,P0028,T094,16-01-2026,35,Pending
TX003374,SR01230,C0011,F0237,P0010,T001,25-01-2026,2,Completed
TX003375,SR01459,C0462,F0754,P0073,T082,13-01-2026,39,Completed
TX003376,SR01219,C0247,F0371,P0059,T050,14-03-2026,48,Completed
TX003377,SR01508,C0330,F0133,P0094,T052,19-08-2026,10,Completed
TX003378,SR00673,C0139,F0514,P0062,T032,25-01-2026,1,Completed
TX003379,SR01830,C0026,F0407,P0009,T040,12-06-2026,3,Completed
TX003380,SR00905,C0447,F0563,P0063,T044,29-07-2026,42,Pending
TX003381,SR01309,C0330,F0594,P0018,T032,14-07-2026,12,Completed
TX003382,SR00464,C0356,F0629,P0004,T002,28-03-2026,21,Pending
TX003383,SR00029,C0267,F0122,P0067,T041,13-01-2026,17,Completed
TX003384,SR01426,C0203,F0397,P0003,T041,30-03-2026,15,Pending
TX003385,SR00347,C0212,F0505,P0041,T073,25-05-2026,9,Completed
TX003386,SR02283,C0382,F0446,P0090,T048,01-07-2026,21,Completed
TX003387,SR02399,C0114,F0779,P0026,T055,04-02-2026,46,Completed
TX003388,SR00792,C0171,F0769,P0070,T047,14-03-2026,18,Completed
TX003389,SR00723,C0154,F0650,P0038,T043,25-05-2026,40,Completed
TX003390,SR01271,C0261,F0193,P0012,T072,21-06-2026,34,Completed
TX003391,SR00511,C0484,F0424,P0020,T068,16-03-2026,40,Pending
TX003392,SR02155,C0462,F0644,P0008,T100,17-07-2026,29,Completed
TX003393,SR00255,C0273,F0215,P0016,T050,12-07-2026,19,Cancelled
TX003394,SR01132,C0101,F0570,P0017,T003,28-03-2026,13,Completed
TX003395,SR00473,C0471,F0200,P0089,T059,09-05-2026,14,Completed
TX003396,SR02079,C0157,F0113,P0081,T040,25-04-2026,26,Cancelled
TX003397,SR00361,C0179,F0192,P0036,T010,10-06-2026,20,Completed
TX003398,SR01116,C0443,F0742,P0073,T086,19-03-2026,20,Pending
TX003399,SR02084,C0132,F0797,P0021,T064,21-03-2026,19,Completed
TX003400,SR01101,C0231,F0685,P0064,T063,12-04-2026,46,Completed
TX003401,SR00462,C0459,F0218,P0021,T064,21-02-2026,32,Pending
TX003402,SR00394,C0159,F0624,P0065,T099,20-05-2026,44,Completed
TX003403,SR01513,C0313,F0175,P0036,T069,18-08-2026,46,Completed
TX003404,SR00313,C0019,F0102,P0086,T072,25-03-2026,31,Completed
TX003405,SR00889,C0498,F0207,P0084,T076,26-07-2026,5,Pending
TX003406,SR01529,C0210,F0112,P0034,T073,22-04-2026,48,Completed
TX003407,SR00949,C0336,F0513,P0005,T071,09-02-2026,24,Completed
TX003408,SR02069,C0251,F0547,P0033,T008,30-04-2026,19,Completed
TX003409,SR01720,C0217,F0029,P0029,T041,30-04-2026,21,Completed
TX003410,SR00339,C0204,F0086,P0043,T028,06-01-2026,5,Cancelled
TX003411,SR02043,C0009,F0384,P0058,T090,26-04-2026,33,Cancelled
TX003412,SR02276,C0139,F0091,P0099,T059,09-02-2026,3,Pending
TX003413,SR00506,C0191,F0663,P0007,T052,10-07-2026,36,Pending
TX003414,SR00898,C0185,F0321,P0056,T053,10-05-2026,41,Pending
TX003415,SR00989,C0137,F0331,P0018,T069,15-03-2026,21,Completed
TX003416,SR01064,C0322,F0005,P0055,T077,01-01-2026,19,Completed
TX003417,SR01160,C0415,F0562,P0064,T021,18-05-2026,33,Completed
TX003418,SR02237,C0446,F0578,P0081,T100,19-06-2026,43,Completed
TX003419,SR01629,C0487,F0606,P0056,T077,12-04-2026,5,Pending
TX003420,SR02241,C0325,F0433,P0018,T021,06-08-2026,23,Completed
TX003421,SR00877,C0206,F0216,P0092,T061,17-02-2026,16,Completed
TX003422,SR01313,C0324,F0063,P0041,T043,01-07-2026,1,Pending
TX003423,SR00266,C0067,F0253,P0048,T038,29-04-2026,1,Completed
TX003424,SR00692,C0409,F0435,P0065,T087,17-03-2026,26,Cancelled
TX003425,SR01460,C0268,F0094,P0027,T029,11-03-2026,38,Cancelled
TX003426,SR00430,C0083,F0044,P0099,T084,18-04-2026,30,Completed
TX003427,SR02401,C0213,F0174,P0005,T064,20-01-2026,13,Pending
TX003428,SR00679,C0151,F0057,P0016,T082,06-06-2026,23,Completed
TX003429,SR00404,C0175,F0012,P0100,T075,09-04-2026,48,Completed
TX003430,SR01952,C0026,F0389,P0046,T063,13-06-2026,42,Pending
TX003431,SR00226,C0009,F0597,P0090,T020,04-05-2026,6,Completed
TX003432,SR00812,C0175,F0400,P0091,T100,23-08-2026,32,Completed
TX003433,SR00497,C0151,F0074,P0100,T065,20-01-2026,31,Completed
TX003434,SR01737,C0500,F0272,P0073,T036,29-04-2026,18,Completed
TX003435,SR02108,C0132,F0029,P0069,T026,09-05-2026,18,Pending
TX003436,SR00489,C0165,F0498,P0062,T012,01-03-2026,36,Completed
TX003437,SR01041,C0458,F0187,P0069,T032,11-06-2026,46,Completed
TX003438,SR01197,C0430,F0310,P0026,T014,28-03-2026,16,Pending
TX003439,SR01728,C0029,F0722,P0082,T089,03-07-2026,46,Completed
TX003440,SR00881,C0043,F0470,P0019,T044,10-08-2026,42,Completed
TX003441,SR01308,C0048,F0612,P0048,T063,24-07-2026,3,Completed
TX003442,SR01260,C0230,F0280,P0038,T081,01-06-2026,14,Pending
TX003443,SR00029,C0287,F0745,P0077,T097,22-06-2026,22,Completed
TX003444,SR01425,C0176,F0572,P0026,T046,27-07-2026,33,Completed
TX003445,SR01420,C0007,F0413,P0021,T006,24-08-2026,12,Completed
TX003446,SR02478,C0101,F0464,P0081,T062,23-06-2026,21,Completed
TX003447,SR01276,C0308,F0499,P0049,T095,08-08-2026,5,Cancelled
TX003448,SR02250,C0187,F0129,P0073,T036,20-08-2026,5,Pending
TX003449,SR00873,C0062,F0202,P0088,T011,12-02-2026,22,Completed
TX003450,SR01740,C0326,F0550,P0084,T072,01-05-2026,31,Completed
TX003451,SR02255,C0307,F0353,P0040,T063,27-03-2026,23,Completed
TX003452,SR00385,C0246,F0628,P0018,T016,16-08-2026,19,Completed
TX003453,SR01418,C0471,F0421,P0097,T001,28-06-2026,25,Completed
TX003454,SR02298,C0423,F0053,P0031,T053,01-08-2026,32,Completed
TX003455,SR01391,C0020,F0532,P0077,T015,25-03-2026,35,Completed
TX003456,SR02232,C0453,F0488,P0077,T019,22-07-2026,27,Pending
TX003457,SR01050,C0025,F0292,P0045,T031,20-01-2026,5,Completed
TX003458,SR02217,C0241,F0633,P0017,T047,14-08-2026,3,Completed
TX003459,SR01573,C0451,F0281,P0048,T082,25-02-2026,17,Completed
TX003460,SR01198,C0491,F0092,P0015,T044,07-05-2026,11,Completed
TX003461,SR00538,C0012,F0097,P0036,T084,21-06-2026,27,Completed
TX003462,SR00427,C0037,F0722,P0039,T061,28-06-2026,35,Completed
TX003463,SR00722,C0121,F0301,P0052,T040,20-02-2026,13,Cancelled
TX003464,SR01887,C0139,F0332,P0019,T051,14-05-2026,23,Completed
TX003465,SR01171,C0140,F0245,P0085,T015,08-05-2026,11,Completed
TX003466,SR00972,C0209,F0591,P0008,T098,06-07-2026,23,Completed
TX003467,SR01168,C0160,F0485,P0099,T031,19-03-2026,19,Completed
TX003468,SR00862,C0292,F0720,P0032,T091,03-07-2026,1,Pending
TX003469,SR02018,C0427,F0716,P0049,T065,28-05-2026,33,Completed
TX003470,SR00977,C0273,F0792,P0088,T030,02-07-2026,15,Pending
TX003471,SR01181,C0166,F0264,P0066,T049,30-07-2026,37,Completed
TX003472,SR01398,C0284,F0468,P0006,T013,13-04-2026,33,Completed
TX003473,SR01616,C0311,F0278,P0061,T062,14-04-2026,10,Completed
TX003474,SR00834,C0449,F0564,P0057,T007,11-07-2026,44,Completed
TX003475,SR00184,C0474,F0599,P0094,T064,07-07-2026,2,Completed
TX003476,SR01725,C0139,F0202,P0057,T020,30-07-2026,29,Completed
TX003477,SR01401,C0460,F0688,P0100,T013,13-05-2026,40,Completed
TX003478,SR01620,C0409,F0233,P0054,T023,02-06-2026,27,Pending
TX003479,SR01360,C0065,F0787,P0020,T009,15-01-2026,28,Completed
TX003480,SR01273,C0280,F0681,P0051,T089,20-04-2026,24,Completed
TX003481,SR02372,C0077,F0015,P0092,T094,01-03-2026,3,Pending
TX003482,SR00135,C0246,F0319,P0002,T093,24-07-2026,34,Completed
TX003483,SR00231,C0023,F0311,P0040,T072,30-01-2026,47,Completed
TX003484,SR02342,C0150,F0658,P0005,T024,06-07-2026,40,Completed
TX003485,SR02218,C0295,F0580,P0085,T076,20-07-2026,3,Completed
TX003486,SR01030,C0153,F0041,P0052,T076,23-04-2026,11,Completed
TX003487,SR01352,C0006,F0673,P0072,T024,10-06-2026,41,Completed
TX003488,SR01124,C0195,F0175,P0097,T084,20-05-2026,35,Pending
TX003489,SR02493,C0271,F0296,P0084,T100,15-06-2026,18,Completed
TX003490,SR01141,C0382,F0137,P0041,T038,14-06-2026,12,Pending
TX003491,SR01900,C0069,F0127,P0094,T059,02-03-2026,23,Completed
TX003492,SR00913,C0239,F0422,P0048,T088,15-06-2026,2,Completed
TX003493,SR00954,C0100,F0068,P0098,T027,05-08-2026,5,Completed
TX003494,SR01687,C0077,F0065,P0099,T099,16-03-2026,4,Completed
TX003495,SR00998,C0061,F0629,P0023,T031,15-03-2026,41,Completed
TX003496,SR00035,C0380,F0276,P0078,T097,12-03-2026,3,Completed
TX003497,SR00433,C0460,F0519,P0070,T024,07-08-2026,28,Completed
TX003498,SR02184,C0332,F0789,P0078,T075,01-08-2026,14,Completed
TX003499,SR00918,C0190,F0041,P0017,T053,25-03-2026,38,Completed
TX003500,SR00257,C0475,F0636,P0051,T038,13-08-2026,7,Completed
TX003501,SR02348,C0249,F0088,P0016,T044,02-07-2026,45,Completed
TX003502,SR02500,C0265,F0609,P0090,T023,07-04-2026,5,Completed
TX003503,SR01250,C0318,F0245,P0088,T068,18-07-2026,42,Completed
TX003504,SR01571,C0328,F0109,P0059,T100,08-08-2026,8,Completed
TX003505,SR01888,C0247,F0183,P0013,T059,28-07-2026,2,Completed
TX003506,SR00166,C0240,F0292,P0066,T028,23-04-2026,2,Cancelled
TX003507,SR00742,C0159,F0584,P0044,T067,22-02-2026,39,Pending
TX003508,SR01407,C0341,F0545,P0079,T044,10-02-2026,17,Completed
TX003509,SR01375,C0337,F0583,P0010,T093,18-07-2026,21,Completed
TX003510,SR00829,C0219,F0018,P0041,T027,25-06-2026,41,Pending
TX003511,SR00005,C0357,F0781,P0037,T052,20-06-2026,13,Completed
TX003512,SR02383,C0069,F0348,P0096,T050,12-01-2026,28,Completed
TX003513,SR01537,C0209,F0090,P0030,T089,20-08-2026,15,Completed
TX003514,SR01889,C0494,F0743,P0099,T012,28-01-2026,4,Completed
TX003515,SR01094,C0367,F0635,P0093,T062,20-05-2026,49,Completed
TX003516,SR01268,C0361,F0066,P0059,T081,14-08-2026,19,Completed
TX003517,SR01112,C0432,F0350,P0018,T037,28-02-2026,42,Completed
TX003518,SR01075,C0305,F0726,P0023,T051,05-05-2026,22,Completed
TX003519,SR01677,C0332,F0547,P0002,T030,21-07-2026,43,Completed
TX003520,SR02490,C0241,F0156,P0078,T042,05-03-2026,9,Completed
TX003521,SR01944,C0414,F0561,P0073,T096,25-01-2026,27,Completed
TX003522,SR01669,C0356,F0152,P0033,T037,26-04-2026,19,Completed
TX003523,SR00031,C0262,F0282,P0074,T021,10-07-2026,49,Completed
TX003524,SR01285,C0064,F0157,P0058,T058,19-05-2026,17,Cancelled
TX003525,SR02390,C0404,F0555,P0082,T047,17-04-2026,38,Completed
TX003526,SR00995,C0164,F0746,P0009,T078,03-06-2026,25,Completed
TX003527,SR01374,C0180,F0036,P0020,T004,13-01-2026,20,Completed
TX003528,SR00812,C0063,F0483,P0081,T091,25-03-2026,35,Completed
TX003529,SR00478,C0109,F0199,P0037,T071,30-07-2026,32,Completed
TX003530,SR01764,C0064,F0601,P0096,T085,03-04-2026,24,Completed
TX003531,SR00784,C0049,F0112,P0089,T041,20-08-2026,3,Cancelled
TX003532,SR01470,C0011,F0294,P0010,T045,12-05-2026,4,Completed
TX003533,SR01484,C0148,F0165,P0041,T034,13-08-2026,30,Completed
TX003534,SR02121,C0378,F0699,P0074,T084,31-05-2026,3,Pending
TX003535,SR02346,C0432,F0067,P0014,T008,11-04-2026,30,Completed
TX003536,SR01384,C0114,F0466,P0087,T053,10-08-2026,44,Completed
TX003537,SR00126,C0212,F0097,P0010,T026,06-03-2026,39,Completed
TX003538,SR01456,C0417,F0480,P0011,T064,05-04-2026,35,Completed
TX003539,SR02212,C0354,F0615,P0055,T097,23-06-2026,14,Completed
TX003540,SR01194,C0453,F0602,P0025,T068,29-07-2026,33,Pending
TX003541,SR01412,C0211,F0027,P0064,T005,16-02-2026,9,Completed
TX003542,SR01907,C0085,F0619,P0040,T040,27-08-2026,45,Completed
TX003543,SR01098,C0072,F0238,P0028,T004,14-04-2026,5,Completed
TX003544,SR01038,C0355,F0546,P0084,T049,23-03-2026,27,Completed
TX003545,SR01206,C0014,F0772,P0016,T018,31-01-2026,24,Cancelled
TX003546,SR02130,C0231,F0096,P0050,T070,07-01-2026,4,Completed
TX003547,SR01220,C0177,F0291,P0017,T054,14-05-2026,10,Completed
TX003548,SR00818,C0460,F0694,P0014,T031,26-05-2026,36,Completed
TX003549,SR01492,C0500,F0114,P0021,T086,23-01-2026,30,Pending
TX003550,SR01732,C0243,F0209,P0026,T075,05-08-2026,8,Completed
TX003551,SR02282,C0291,F0440,P0042,T063,11-05-2026,7,Completed
TX003552,SR02233,C0190,F0797,P0047,T036,13-01-2026,33,Pending
TX003553,SR01959,C0389,F0236,P0014,T028,21-07-2026,33,Completed
TX003554,SR01923,C0148,F0309,P0004,T059,17-02-2026,20,Completed
TX003555,SR01124,C0373,F0637,P0010,T080,11-06-2026,1,Completed
TX003556,SR00857,C0452,F0096,P0064,T084,12-06-2026,2,Pending
TX003557,SR01408,C0086,F0263,P0098,T078,14-07-2026,8,Pending
TX003558,SR01766,C0114,F0253,P0003,T003,14-07-2026,3,Cancelled
TX003559,SR01297,C0190,F0321,P0004,T099,25-08-2026,28,Completed
TX003560,SR00518,C0414,F0459,P0079,T025,21-01-2026,20,Pending
TX003561,SR00037,C0321,F0178,P0073,T002,29-03-2026,11,Completed
TX003562,SR00146,C0098,F0314,P0074,T057,29-03-2026,30,Completed
TX003563,SR01066,C0185,F0734,P0018,T046,01-04-2026,35,Cancelled
TX003564,SR01979,C0322,F0663,P0087,T011,27-02-2026,9,Pending
TX003565,SR01975,C0483,F0766,P0063,T022,26-02-2026,31,Pending
TX003566,SR02021,C0226,F0546,P0016,T021,20-08-2026,6,Completed
TX003567,SR01773,C0038,F0466,P0012,T044,04-08-2026,30,Completed
TX003568,SR00058,C0053,F0171,P0061,T075,13-06-2026,19,Cancelled
TX003569,SR02209,C0015,F0128,P0078,T069,14-05-2026,6,Cancelled
TX003570,SR02370,C0063,F0432,P0079,T003,25-04-2026,40,Completed
TX003571,SR02125,C0207,F0324,P0059,T018,13-06-2026,9,Completed
TX003572,SR01115,C0141,F0631,P0052,T062,26-07-2026,39,Completed
TX003573,SR00537,C0151,F0008,P0070,T081,13-04-2026,18,Completed
TX003574,SR02264,C0384,F0713,P0014,T004,10-05-2026,34,Completed
TX003575,SR00463,C0239,F0137,P0037,T034,07-08-2026,35,Cancelled
TX003576,SR01971,C0365,F0316,P0010,T012,07-08-2026,21,Completed
TX003577,SR02414,C0271,F0285,P0084,T049,25-02-2026,33,Pending
TX003578,SR02252,C0103,F0740,P0061,T040,27-02-2026,22,Completed
TX003579,SR01303,C0475,F0577,P0078,T018,19-02-2026,30,Completed
TX003580,SR02084,C0239,F0029,P0050,T097,07-01-2026,12,Completed
TX003581,SR02078,C0419,F0683,P0093,T077,16-06-2026,21,Completed
TX003582,SR02435,C0049,F0542,P0093,T055,13-04-2026,7,Pending
TX003583,SR00901,C0425,F0055,P0062,T077,08-01-2026,21,Completed
TX003584,SR01573,C0358,F0626,P0084,T032,19-02-2026,1,Cancelled
TX003585,SR02043,C0125,F0028,P0066,T094,08-05-2026,21,Completed
TX003586,SR00569,C0397,F0341,P0073,T042,20-07-2026,43,Cancelled
TX003587,SR00564,C0372,F0130,P0025,T039,09-06-2026,18,Completed
TX003588,SR00974,C0447,F0009,P0099,T057,08-05-2026,25,Completed
TX003589,SR00901,C0105,F0448,P0019,T058,14-02-2026,42,Completed
TX003590,SR01880,C0443,F0550,P0070,T062,11-03-2026,1,Completed
TX003591,SR02340,C0382,F0384,P0061,T084,07-07-2026,33,Completed
TX003592,SR00393,C0169,F0275,P0010,T027,05-07-2026,26,Cancelled
TX003593,SR00813,C0176,F0411,P0078,T071,28-07-2026,17,Pending
TX003594,SR02325,C0128,F0122,P0008,T020,07-05-2026,13,Completed
TX003595,SR01487,C0239,F0040,P0051,T025,07-03-2026,30,Completed
TX003596,SR00514,C0449,F0126,P0082,T050,01-05-2026,21,Completed
TX003597,SR01509,C0419,F0044,P0013,T053,04-08-2026,20,Pending
TX003598,SR02190,C0074,F0616,P0037,T065,13-02-2026,33,Pending
TX003599,SR00935,C0066,F0487,P0051,T014,23-07-2026,20,Completed
TX003600,SR01210,C0030,F0150,P0093,T082,27-08-2026,40,Completed
TX003601,SR01534,C0308,F0456,P0039,T056,16-07-2026,14,Completed
TX003602,SR02102,C0158,F0388,P0012,T060,08-06-2026,35,Completed
TX003603,SR01412,C0381,F0090,P0014,T075,09-04-2026,28,Completed
TX003604,SR02396,C0381,F0777,P0020,T070,25-07-2026,44,Completed
TX003605,SR01888,C0099,F0751,P0087,T043,08-02-2026,20,Pending
TX003606,SR01056,C0348,F0608,P0078,T049,02-07-2026,12,Completed
TX003607,SR01219,C0383,F0647,P0042,T024,07-04-2026,20,Cancelled
TX003608,SR01742,C0494,F0438,P0085,T057,01-05-2026,33,Pending
TX003609,SR00177,C0362,F0644,P0092,T021,22-04-2026,22,Completed
TX003610,SR00567,C0180,F0423,P0087,T064,03-01-2026,44,Completed
TX003611,SR00596,C0500,F0133,P0001,T042,25-08-2026,8,Completed
TX003612,SR02002,C0138,F0134,P0010,T024,10-06-2026,16,Pending
TX003613,SR02057,C0403,F0684,P0073,T048,25-05-2026,49,Completed
TX003614,SR02050,C0190,F0358,P0039,T094,25-01-2026,40,Cancelled
TX003615,SR00264,C0468,F0584,P0016,T057,06-07-2026,4,Pending
TX003616,SR00739,C0392,F0116,P0065,T035,19-08-2026,47,Completed
TX003617,SR00781,C0300,F0359,P0036,T046,15-07-2026,21,Completed
TX003618,SR00061,C0108,F0067,P0092,T061,01-03-2026,32,Completed
TX003619,SR00645,C0095,F0177,P0058,T016,13-02-2026,1,Completed
TX003620,SR01079,C0474,F0088,P0024,T057,30-03-2026,9,Completed
TX003621,SR02215,C0401,F0167,P0094,T004,06-01-2026,35,Pending
TX003622,SR00426,C0257,F0486,P0061,T086,13-05-2026,13,Completed
TX003623,SR02151,C0439,F0005,P0030,T061,20-04-2026,6,Completed
TX003624,SR02047,C0392,F0155,P0015,T012,01-05-2026,34,Pending
TX003625,SR00396,C0194,F0553,P0056,T047,26-08-2026,11,Completed
TX003626,SR00653,C0414,F0120,P0075,T089,07-06-2026,43,Completed
TX003627,SR01146,C0399,F0445,P0084,T097,11-04-2026,9,Completed
TX003628,SR02360,C0240,F0694,P0013,T014,08-07-2026,2,Completed
TX003629,SR01963,C0010,F0625,P0044,T028,30-03-2026,20,Completed
TX003630,SR02430,C0371,F0098,P0100,T015,01-07-2026,16,Completed
TX003631,SR00782,C0170,F0119,P0067,T037,12-08-2026,32,Completed
TX003632,SR02273,C0183,F0565,P0010,T087,06-08-2026,12,Completed
TX003633,SR02391,C0357,F0278,P0092,T071,05-05-2026,49,Completed
TX003634,SR01500,C0406,F0334,P0069,T026,23-04-2026,21,Completed
TX003635,SR00386,C0044,F0382,P0047,T033,06-04-2026,35,Completed
TX003636,SR00669,C0412,F0464,P0078,T062,09-05-2026,38,Completed
TX003637,SR00322,C0147,F0360,P0065,T060,13-08-2026,44,Cancelled
TX003638,SR02019,C0284,F0019,P0026,T047,29-07-2026,25,Completed
TX003639,SR00783,C0435,F0076,P0080,T043,26-05-2026,12,Pending
TX003640,SR01754,C0110,F0001,P0026,T094,09-03-2026,26,Cancelled
TX003641,SR00669,C0111,F0212,P0023,T051,01-04-2026,21,Completed
TX003642,SR02443,C0486,F0654,P0060,T079,01-03-2026,30,Completed
TX003643,SR01934,C0187,F0778,P0002,T096,14-02-2026,12,Completed
TX003644,SR00944,C0474,F0381,P0064,T034,03-01-2026,26,Completed
TX003645,SR01192,C0179,F0022,P0056,T078,05-07-2026,47,Cancelled
TX003646,SR00147,C0310,F0058,P0073,T082,27-06-2026,34,Cancelled
TX003647,SR00342,C0256,F0653,P0016,T022,12-02-2026,47,Completed
TX003648,SR02496,C0492,F0275,P0059,T023,15-06-2026,6,Pending
TX003649,SR02040,C0276,F0706,P0045,T017,09-02-2026,33,Pending
TX003650,SR02096,C0252,F0406,P0018,T062,08-03-2026,2,Completed
TX003651,SR01609,C0234,F0704,P0046,T077,04-03-2026,10,Pending
TX003652,SR00554,C0188,F0109,P0093,T076,01-02-2026,41,Completed
TX003653,SR00264,C0221,F0687,P0083,T039,24-06-2026,5,Cancelled
TX003654,SR01815,C0231,F0438,P0017,T071,11-01-2026,24,Pending
TX003655,SR00830,C0382,F0351,P0085,T003,08-04-2026,4,Completed
TX003656,SR00002,C0023,F0424,P0057,T066,28-04-2026,15,Completed
TX003657,SR00057,C0251,F0262,P0005,T048,19-05-2026,7,Cancelled
TX003658,SR01395,C0275,F0483,P0093,T083,16-02-2026,23,Completed
TX003659,SR02101,C0377,F0617,P0053,T097,24-04-2026,32,Completed
TX003660,SR00908,C0334,F0649,P0092,T056,10-07-2026,32,Completed
TX003661,SR02500,C0216,F0783,P0010,T063,31-03-2026,46,Completed
TX003662,SR00954,C0055,F0331,P0017,T093,17-08-2026,6,Completed
TX003663,SR01834,C0187,F0616,P0091,T035,14-04-2026,20,Completed
TX003664,SR00612,C0128,F0711,P0024,T015,06-07-2026,26,Cancelled
TX003665,SR01519,C0103,F0015,P0055,T051,28-01-2026,5,Pending
TX003666,SR00688,C0361,F0380,P0061,T036,24-07-2026,6,Pending
TX003667,SR01946,C0240,F0561,P0095,T064,26-04-2026,16,Completed
TX003668,SR01137,C0397,F0366,P0034,T079,26-08-2026,43,Completed
TX003669,SR00105,C0070,F0081,P0076,T051,18-06-2026,29,Completed
TX003670,SR00621,C0493,F0525,P0074,T031,27-06-2026,28,Completed
TX003671,SR00881,C0237,F0325,P0071,T057,05-02-2026,28,Pending
TX003672,SR01167,C0127,F0495,P0053,T045,17-05-2026,40,Completed
TX003673,SR00676,C0182,F0002,P0008,T019,27-06-2026,27,Cancelled
TX003674,SR01444,C0421,F0010,P0027,T078,14-07-2026,36,Cancelled
TX003675,SR02409,C0355,F0483,P0057,T034,01-04-2026,16,Completed
TX003676,SR01778,C0087,F0786,P0042,T054,16-05-2026,40,Cancelled
TX003677,SR00779,C0496,F0512,P0019,T091,11-02-2026,2,Pending
TX003678,SR01693,C0066,F0755,P0070,T019,14-04-2026,17,Completed
TX003679,SR02417,C0138,F0678,P0047,T043,25-04-2026,13,Completed
TX003680,SR00605,C0365,F0226,P0079,T018,08-01-2026,7,Pending
TX003681,SR00581,C0265,F0082,P0055,T044,08-08-2026,27,Pending
TX003682,SR00098,C0223,F0447,P0037,T031,04-06-2026,44,Completed
TX003683,SR02106,C0464,F0497,P0011,T092,13-02-2026,8,Completed
TX003684,SR02082,C0397,F0617,P0011,T031,04-08-2026,44,Completed
TX003685,SR01035,C0482,F0417,P0051,T062,15-06-2026,42,Completed
TX003686,SR02181,C0142,F0737,P0036,T014,16-06-2026,44,Completed
TX003687,SR01629,C0426,F0676,P0072,T046,12-08-2026,1,Completed
TX003688,SR02448,C0107,F0469,P0064,T084,07-04-2026,49,Pending
TX003689,SR02307,C0403,F0442,P0029,T068,27-03-2026,21,Completed
TX003690,SR02400,C0275,F0016,P0076,T029,29-05-2026,30,Completed
TX003691,SR00982,C0299,F0625,P0057,T098,02-08-2026,15,Completed
TX003692,SR01585,C0058,F0545,P0088,T081,15-07-2026,26,Cancelled
TX003693,SR00419,C0440,F0717,P0096,T041,08-07-2026,27,Cancelled
TX003694,SR02236,C0140,F0075,P0097,T098,03-07-2026,40,Cancelled
TX003695,SR00796,C0300,F0117,P0013,T019,09-01-2026,17,Completed
TX003696,SR01121,C0084,F0537,P0053,T034,28-04-2026,6,Completed
TX003697,SR01486,C0463,F0392,P0003,T094,27-03-2026,29,Completed
TX003698,SR01969,C0161,F0470,P0089,T098,28-03-2026,39,Completed
TX003699,SR01830,C0382,F0348,P0071,T083,25-07-2026,1,Completed
TX003700,SR02389,C0383,F0513,P0027,T020,06-04-2026,40,Completed
TX003701,SR01783,C0276,F0527,P0061,T022,20-07-2026,40,Completed
TX003702,SR01991,C0061,F0152,P0056,T065,06-08-2026,29,Completed
TX003703,SR01432,C0140,F0609,P0055,T006,20-04-2026,47,Completed
TX003704,SR01040,C0306,F0395,P0054,T100,10-02-2026,20,Cancelled
TX003705,SR02284,C0268,F0461,P0099,T095,17-06-2026,7,Completed
TX003706,SR00945,C0293,F0495,P0077,T081,27-07-2026,33,Completed
TX003707,SR01551,C0125,F0596,P0041,T097,08-04-2026,30,Completed
TX003708,SR00729,C0270,F0241,P0078,T023,16-02-2026,45,Completed
TX003709,SR01206,C0043,F0006,P0015,T089,05-05-2026,11,Cancelled
TX003710,SR00918,C0243,F0146,P0029,T026,24-08-2026,8,Completed
TX003711,SR00646,C0046,F0773,P0012,T013,05-05-2026,34,Completed
TX003712,SR02052,C0332,F0179,P0089,T027,18-04-2026,16,Pending
TX003713,SR01919,C0284,F0200,P0003,T078,16-04-2026,10,Completed
TX003714,SR01754,C0426,F0687,P0090,T095,26-06-2026,33,Completed
TX003715,SR00208,C0232,F0189,P0084,T062,23-03-2026,10,Completed
TX003716,SR00625,C0082,F0372,P0095,T025,25-06-2026,41,Completed
TX003717,SR00546,C0118,F0297,P0077,T061,25-08-2026,16,Completed
TX003718,SR01779,C0408,F0529,P0046,T051,05-07-2026,32,Pending
TX003719,SR02232,C0480,F0476,P0082,T052,11-08-2026,29,Completed
TX003720,SR00949,C0031,F0412,P0099,T035,09-07-2026,29,Completed
TX003721,SR00826,C0339,F0402,P0090,T014,22-07-2026,15,Completed
TX003722,SR01395,C0242,F0668,P0079,T037,10-01-2026,5,Completed
TX003723,SR02470,C0129,F0466,P0077,T090,26-03-2026,32,Completed
TX003724,SR00926,C0256,F0407,P0066,T041,07-03-2026,22,Cancelled
TX003725,SR00696,C0468,F0710,P0090,T003,27-07-2026,48,Completed
TX003726,SR01305,C0099,F0075,P0044,T035,25-02-2026,44,Cancelled
TX003727,SR02290,C0419,F0667,P0051,T047,21-08-2026,4,Completed
TX003728,SR01825,C0045,F0159,P0085,T060,17-06-2026,18,Completed
TX003729,SR01296,C0361,F0266,P0027,T065,30-01-2026,21,Completed
TX003730,SR01828,C0038,F0011,P0077,T043,13-06-2026,19,Completed
TX003731,SR00038,C0031,F0458,P0012,T015,24-03-2026,36,Completed
TX003732,SR01883,C0019,F0666,P0059,T045,13-03-2026,18,Completed
TX003733,SR00245,C0403,F0306,P0004,T001,27-08-2026,8,Pending
TX003734,SR00978,C0287,F0531,P0100,T051,10-07-2026,18,Pending
TX003735,SR00875,C0346,F0315,P0085,T045,03-07-2026,39,Completed
TX003736,SR01727,C0078,F0608,P0025,T036,16-03-2026,20,Completed
TX003737,SR00601,C0461,F0799,P0016,T067,09-06-2026,14,Completed
TX003738,SR00597,C0405,F0573,P0065,T076,24-03-2026,38,Completed
TX003739,SR02211,C0245,F0273,P0091,T027,25-05-2026,4,Completed
TX003740,SR01194,C0450,F0660,P0033,T051,06-04-2026,23,Pending
TX003741,SR01854,C0072,F0031,P0097,T051,27-05-2026,6,Completed
TX003742,SR01458,C0147,F0790,P0046,T051,28-06-2026,30,Pending
TX003743,SR01550,C0025,F0672,P0045,T041,17-03-2026,45,Pending
TX003744,SR01717,C0083,F0523,P0034,T021,03-01-2026,22,Completed
TX003745,SR01669,C0421,F0497,P0028,T018,24-01-2026,49,Pending
TX003746,SR02280,C0205,F0202,P0034,T004,06-08-2026,43,Cancelled
TX003747,SR01963,C0323,F0346,P0018,T006,19-08-2026,36,Completed
TX003748,SR00762,C0441,F0082,P0038,T081,16-06-2026,9,Completed
TX003749,SR00424,C0383,F0272,P0029,T007,26-01-2026,2,Completed
TX003750,SR02114,C0200,F0472,P0006,T086,21-05-2026,7,Completed
TX003751,SR00932,C0175,F0290,P0037,T090,14-04-2026,18,Cancelled
TX003752,SR00778,C0055,F0617,P0004,T025,26-02-2026,20,Completed
TX003753,SR00278,C0415,F0683,P0019,T045,02-04-2026,11,Pending
TX003754,SR01380,C0493,F0450,P0073,T037,08-07-2026,48,Completed
TX003755,SR01281,C0251,F0273,P0003,T040,28-08-2026,37,Completed
TX003756,SR02071,C0250,F0243,P0032,T036,29-07-2026,35,Completed
TX003757,SR01872,C0425,F0438,P0069,T035,18-02-2026,32,Pending
TX003758,SR01808,C0172,F0576,P0003,T069,01-05-2026,31,Completed
TX003759,SR01347,C0204,F0102,P0074,T042,07-05-2026,44,Completed
TX003760,SR02158,C0447,F0359,P0009,T019,12-03-2026,20,Cancelled
TX003761,SR02459,C0190,F0353,P0006,T038,15-04-2026,7,Completed
TX003762,SR02038,C0464,F0230,P0020,T098,02-04-2026,15,Pending
TX003763,SR00870,C0081,F0191,P0087,T099,17-01-2026,12,Completed
TX003764,SR00691,C0249,F0673,P0005,T007,10-04-2026,47,Pending
TX003765,SR00004,C0245,F0346,P0010,T058,29-03-2026,28,Completed
TX003766,SR02483,C0154,F0462,P0095,T098,15-03-2026,21,Completed
TX003767,SR01832,C0482,F0031,P0062,T020,28-05-2026,2,Completed
TX003768,SR02343,C0242,F0227,P0057,T007,20-06-2026,35,Completed
TX003769,SR01970,C0440,F0179,P0005,T022,12-01-2026,32,Completed
TX003770,SR01076,C0110,F0263,P0040,T032,24-03-2026,40,Completed
TX003771,SR00363,C0175,F0674,P0058,T094,08-01-2026,7,Completed
TX003772,SR00119,C0240,F0458,P0054,T026,17-07-2026,33,Completed
TX003773,SR01981,C0282,F0722,P0053,T034,11-08-2026,18,Cancelled
TX003774,SR00759,C0115,F0339,P0012,T026,22-04-2026,12,Completed
TX003775,SR00949,C0157,F0617,P0099,T040,15-08-2026,11,Completed
TX003776,SR02091,C0312,F0129,P0071,T100,31-05-2026,15,Cancelled
TX003777,SR01204,C0140,F0653,P0025,T009,28-07-2026,36,Completed
TX003778,SR02378,C0380,F0489,P0097,T046,16-08-2026,2,Cancelled
TX003779,SR01367,C0239,F0032,P0031,T062,21-05-2026,47,Completed
TX003780,SR02080,C0485,F0552,P0014,T012,18-04-2026,48,Completed
TX003781,SR00315,C0119,F0384,P0090,T005,28-06-2026,48,Pending
TX003782,SR00992,C0422,F0001,P0016,T099,10-02-2026,41,Completed
TX003783,SR00458,C0246,F0678,P0007,T027,13-03-2026,16,Completed
TX003784,SR00142,C0044,F0430,P0063,T025,12-05-2026,20,Completed
TX003785,SR02480,C0353,F0486,P0027,T035,18-02-2026,7,Completed
TX003786,SR01294,C0106,F0462,P0016,T008,30-04-2026,44,Completed
TX003787,SR00885,C0070,F0073,P0011,T015,25-07-2026,38,Pending
TX003788,SR00941,C0266,F0266,P0013,T003,07-07-2026,8,Completed
TX003789,SR00603,C0393,F0562,P0097,T054,02-08-2026,49,Completed
TX003790,SR00308,C0129,F0271,P0068,T047,26-07-2026,3,Completed
TX003791,SR02284,C0312,F0711,P0085,T028,21-03-2026,38,Completed
TX003792,SR00265,C0008,F0255,P0062,T092,21-06-2026,7,Completed
TX003793,SR00962,C0093,F0368,P0055,T031,31-03-2026,37,Completed
TX003794,SR00383,C0378,F0357,P0022,T002,22-08-2026,44,Completed
TX003795,SR02325,C0007,F0016,P0097,T010,12-02-2026,47,Completed
TX003796,SR00515,C0179,F0650,P0083,T073,06-03-2026,8,Cancelled
TX003797,SR00985,C0254,F0109,P0053,T054,14-08-2026,9,Pending
TX003798,SR01885,C0034,F0376,P0011,T027,27-02-2026,4,Completed
TX003799,SR01426,C0490,F0727,P0077,T025,29-05-2026,41,Completed
TX003800,SR00955,C0255,F0795,P0034,T022,11-03-2026,10,Completed
TX003801,SR01410,C0170,F0185,P0021,T043,10-03-2026,20,Completed
TX003802,SR01093,C0489,F0301,P0074,T071,11-06-2026,21,Pending
TX003803,SR00724,C0280,F0453,P0084,T064,10-07-2026,18,Completed
TX003804,SR01496,C0340,F0560,P0062,T075,25-02-2026,25,Completed
TX003805,SR00914,C0046,F0201,P0008,T005,24-08-2026,18,Pending
TX003806,SR02401,C0080,F0440,P0061,T056,22-01-2026,12,Pending
TX003807,SR01158,C0023,F0668,P0092,T077,25-01-2026,20,Completed
TX003808,SR01892,C0258,F0610,P0069,T021,23-08-2026,40,Completed
TX003809,SR00587,C0419,F0658,P0027,T059,14-01-2026,6,Completed
TX003810,SR01615,C0451,F0711,P0065,T001,17-03-2026,48,Completed
TX003811,SR01399,C0288,F0690,P0025,T091,30-01-2026,21,Completed
TX003812,SR01860,C0028,F0410,P0088,T074,23-02-2026,15,Completed
TX003813,SR01155,C0314,F0780,P0085,T063,18-01-2026,22,Completed
TX003814,SR01799,C0319,F0396,P0057,T060,28-03-2026,46,Completed
TX003815,SR00147,C0299,F0568,P0014,T067,12-03-2026,40,Completed
TX003816,SR01726,C0361,F0755,P0041,T043,08-02-2026,41,Pending
TX003817,SR01884,C0279,F0035,P0013,T097,22-06-2026,11,Completed
TX003818,SR01242,C0353,F0747,P0077,T022,09-01-2026,44,Cancelled
TX003819,SR00086,C0244,F0658,P0069,T082,24-04-2026,35,Completed
TX003820,SR01418,C0076,F0798,P0026,T077,15-03-2026,3,Cancelled
TX003821,SR01954,C0040,F0619,P0086,T084,06-06-2026,21,Completed
TX003822,SR01154,C0454,F0126,P0076,T008,23-03-2026,41,Completed
TX003823,SR00236,C0221,F0242,P0094,T045,24-04-2026,27,Completed
TX003824,SR00988,C0162,F0003,P0028,T065,14-07-2026,29,Completed
TX003825,SR02486,C0147,F0487,P0018,T062,04-02-2026,19,Completed
TX003826,SR00677,C0026,F0350,P0049,T069,15-04-2026,2,Completed
TX003827,SR01324,C0473,F0380,P0027,T064,15-05-2026,44,Completed
TX003828,SR00889,C0042,F0587,P0074,T023,26-06-2026,37,Completed
TX003829,SR01781,C0110,F0657,P0043,T083,09-05-2026,14,Completed
TX003830,SR01072,C0229,F0059,P0063,T049,26-06-2026,12,Completed
TX003831,SR00961,C0180,F0734,P0018,T098,11-07-2026,26,Completed
TX003832,SR01449,C0020,F0299,P0009,T053,09-07-2026,40,Completed
TX003833,SR01430,C0165,F0602,P0094,T054,28-05-2026,5,Completed
TX003834,SR01250,C0390,F0466,P0045,T060,09-08-2026,31,Pending
TX003835,SR00646,C0126,F0356,P0014,T088,06-01-2026,42,Pending
TX003836,SR00270,C0433,F0171,P0082,T091,30-04-2026,25,Completed
TX003837,SR01727,C0181,F0152,P0014,T059,12-07-2026,3,Completed
TX003838,SR00850,C0007,F0585,P0100,T055,25-01-2026,2,Completed
TX003839,SR01533,C0055,F0258,P0039,T006,16-07-2026,8,Completed
TX003840,SR00941,C0406,F0184,P0047,T007,10-01-2026,44,Pending
TX003841,SR02135,C0203,F0005,P0026,T074,08-07-2026,23,Pending
TX003842,SR01768,C0491,F0673,P0009,T035,14-02-2026,8,Completed
TX003843,SR01010,C0395,F0317,P0041,T044,10-06-2026,45,Completed
TX003844,SR00833,C0016,F0279,P0037,T063,19-07-2026,41,Completed
TX003845,SR01873,C0157,F0298,P0045,T023,15-07-2026,8,Pending
TX003846,SR00020,C0363,F0479,P0049,T034,18-05-2026,34,Completed
TX003847,SR00144,C0032,F0386,P0064,T005,07-08-2026,17,Pending
TX003848,SR00211,C0500,F0436,P0008,T077,03-02-2026,4,Completed
TX003849,SR00865,C0084,F0223,P0037,T051,26-02-2026,4,Completed
TX003850,SR01243,C0399,F0238,P0087,T019,01-02-2026,27,Completed
TX003851,SR00733,C0421,F0691,P0096,T060,22-06-2026,42,Completed
TX003852,SR00472,C0253,F0352,P0054,T015,02-08-2026,48,Completed
TX003853,SR00783,C0402,F0779,P0037,T079,12-08-2026,35,Completed
TX003854,SR01237,C0443,F0677,P0042,T024,05-05-2026,46,Completed
TX003855,SR00744,C0368,F0570,P0079,T028,01-02-2026,12,Completed
TX003856,SR01436,C0354,F0439,P0040,T088,11-02-2026,8,Completed
TX003857,SR00956,C0195,F0670,P0095,T075,31-05-2026,6,Completed
TX003858,SR02334,C0147,F0045,P0003,T069,04-08-2026,9,Completed
TX003859,SR02481,C0434,F0400,P0061,T061,26-08-2026,37,Completed
TX003860,SR01639,C0113,F0571,P0052,T053,22-06-2026,8,Pending
TX003861,SR01388,C0208,F0087,P0046,T020,31-07-2026,22,Completed
TX003862,SR00078,C0257,F0146,P0048,T031,25-04-2026,38,Completed
TX003863,SR01557,C0196,F0053,P0016,T097,17-02-2026,46,Completed
TX003864,SR00952,C0187,F0389,P0035,T092,22-04-2026,8,Completed
TX003865,SR00725,C0300,F0434,P0036,T073,24-01-2026,10,Cancelled
TX003866,SR01984,C0165,F0375,P0066,T089,11-06-2026,4,Pending
TX003867,SR00106,C0495,F0044,P0060,T081,21-03-2026,6,Completed
TX003868,SR00652,C0089,F0390,P0042,T040,23-03-2026,20,Completed
TX003869,SR01936,C0195,F0711,P0052,T072,01-01-2026,16,Completed
TX003870,SR02313,C0423,F0025,P0058,T076,28-08-2026,48,Pending
TX003871,SR01287,C0238,F0621,P0005,T014,13-04-2026,22,Completed
TX003872,SR01323,C0353,F0218,P0089,T092,08-07-2026,16,Completed
TX003873,SR02418,C0324,F0060,P0090,T050,05-05-2026,23,Completed
TX003874,SR00232,C0166,F0041,P0037,T032,03-06-2026,36,Completed
TX003875,SR01203,C0373,F0011,P0077,T048,23-04-2026,17,Cancelled
TX003876,SR00605,C0119,F0332,P0040,T033,14-06-2026,8,Completed
TX003877,SR01192,C0375,F0399,P0007,T034,17-02-2026,21,Cancelled
TX003878,SR02266,C0065,F0498,P0087,T055,28-08-2026,31,Completed
TX003879,SR01491,C0348,F0065,P0027,T100,13-04-2026,16,Completed
TX003880,SR02479,C0057,F0524,P0036,T041,03-01-2026,29,Pending
TX003881,SR01263,C0435,F0592,P0058,T022,17-08-2026,16,Completed
TX003882,SR02158,C0313,F0052,P0044,T077,06-01-2026,45,Pending
TX003883,SR00425,C0021,F0541,P0027,T030,24-04-2026,44,Completed
TX003884,SR00802,C0055,F0096,P0081,T054,08-07-2026,36,Completed
TX003885,SR00685,C0094,F0352,P0036,T026,30-03-2026,42,Completed
TX003886,SR01923,C0481,F0530,P0060,T022,20-02-2026,6,Cancelled
TX003887,SR01283,C0295,F0697,P0067,T026,27-02-2026,33,Completed
TX003888,SR00556,C0140,F0425,P0094,T036,14-06-2026,20,Completed
TX003889,SR00433,C0139,F0349,P0048,T096,18-05-2026,39,Pending
TX003890,SR00962,C0013,F0667,P0048,T068,01-05-2026,1,Completed
TX003891,SR00384,C0102,F0173,P0092,T070,04-05-2026,10,Pending
TX003892,SR01743,C0428,F0165,P0048,T006,18-03-2026,12,Completed
TX003893,SR02121,C0300,F0374,P0030,T002,13-08-2026,28,Pending
TX003894,SR02423,C0184,F0097,P0005,T035,25-02-2026,48,Pending
TX003895,SR00590,C0011,F0018,P0033,T089,21-07-2026,44,Completed
TX003896,SR01098,C0172,F0290,P0020,T002,06-07-2026,23,Pending
TX003897,SR01260,C0192,F0123,P0031,T077,02-01-2026,1,Pending
TX003898,SR01240,C0060,F0510,P0054,T083,11-02-2026,43,Completed
TX003899,SR01134,C0304,F0439,P0053,T028,13-05-2026,29,Pending
TX003900,SR00551,C0331,F0389,P0019,T012,08-02-2026,2,Completed
TX003901,SR00280,C0500,F0398,P0047,T016,24-07-2026,32,Pending
TX003902,SR01009,C0180,F0079,P0046,T008,17-04-2026,44,Pending
TX003903,SR00231,C0138,F0323,P0005,T085,20-07-2026,43,Completed
TX003904,SR00158,C0412,F0058,P0029,T079,29-01-2026,44,Completed
TX003905,SR01311,C0176,F0284,P0073,T068,06-01-2026,48,Completed
TX003906,SR02147,C0316,F0543,P0003,T009,03-06-2026,33,Pending
TX003907,SR01352,C0369,F0790,P0031,T096,12-07-2026,31,Pending
TX003908,SR00059,C0440,F0238,P0048,T069,27-08-2026,6,Pending
TX003909,SR02102,C0160,F0212,P0017,T083,09-07-2026,31,Pending
TX003910,SR01709,C0312,F0536,P0065,T038,29-06-2026,43,Completed
TX003911,SR00758,C0066,F0735,P0072,T020,14-01-2026,40,Completed
TX003912,SR00684,C0390,F0236,P0034,T083,25-05-2026,45,Cancelled
TX003913,SR02249,C0023,F0671,P0024,T006,21-06-2026,9,Completed
TX003914,SR01191,C0349,F0252,P0078,T019,05-04-2026,10,Completed
TX003915,SR00354,C0105,F0512,P0022,T016,28-08-2026,43,Completed
TX003916,SR00704,C0232,F0168,P0015,T009,26-08-2026,47,Completed
TX003917,SR00662,C0039,F0210,P0004,T056,25-07-2026,26,Completed
TX003918,SR01001,C0345,F0787,P0010,T023,31-07-2026,44,Completed
TX003919,SR00865,C0242,F0312,P0088,T097,17-05-2026,34,Completed
TX003920,SR01367,C0332,F0013,P0094,T094,16-07-2026,11,Completed
TX003921,SR00808,C0174,F0618,P0055,T017,18-01-2026,25,Completed
TX003922,SR01603,C0004,F0102,P0093,T083,25-02-2026,20,Completed
TX003923,SR01232,C0291,F0089,P0071,T004,09-06-2026,39,Pending
TX003924,SR02351,C0350,F0670,P0041,T029,30-01-2026,17,Completed
TX003925,SR02071,C0333,F0279,P0072,T066,15-07-2026,9,Pending
TX003926,SR00831,C0132,F0111,P0042,T021,12-02-2026,25,Completed
TX003927,SR00106,C0359,F0781,P0097,T008,25-03-2026,25,Completed
TX003928,SR01463,C0271,F0225,P0086,T016,04-03-2026,44,Completed
TX003929,SR00846,C0106,F0507,P0085,T066,10-05-2026,1,Completed
TX003930,SR02255,C0056,F0211,P0054,T023,20-01-2026,43,Completed
TX003931,SR01015,C0163,F0465,P0052,T025,14-07-2026,11,Completed
TX003932,SR00726,C0012,F0558,P0012,T021,02-08-2026,9,Pending
TX003933,SR00849,C0359,F0607,P0066,T089,29-06-2026,21,Pending
TX003934,SR02163,C0008,F0329,P0012,T089,14-02-2026,28,Completed
TX003935,SR00282,C0025,F0493,P0055,T081,11-03-2026,46,Completed
TX003936,SR02394,C0080,F0673,P0014,T002,24-02-2026,27,Completed
TX003937,SR00584,C0164,F0673,P0048,T026,25-05-2026,8,Pending
TX003938,SR02119,C0010,F0598,P0079,T089,02-08-2026,23,Cancelled
TX003939,SR01361,C0315,F0320,P0031,T056,31-07-2026,46,Completed
TX003940,SR01425,C0067,F0425,P0061,T005,18-08-2026,36,Completed
TX003941,SR00512,C0402,F0775,P0026,T025,15-06-2026,11,Pending
TX003942,SR01806,C0280,F0200,P0030,T083,23-02-2026,32,Completed
TX003943,SR01622,C0042,F0555,P0019,T088,06-04-2026,36,Pending
TX003944,SR01203,C0201,F0634,P0017,T043,12-03-2026,14,Completed
TX003945,SR01145,C0071,F0385,P0038,T016,16-01-2026,26,Cancelled
TX003946,SR01494,C0491,F0693,P0013,T008,12-07-2026,18,Completed
TX003947,SR01180,C0297,F0343,P0090,T023,19-05-2026,9,Pending
TX003948,SR02437,C0405,F0670,P0075,T080,21-08-2026,44,Completed
TX003949,SR00104,C0188,F0516,P0023,T083,21-07-2026,16,Completed
TX003950,SR00628,C0074,F0042,P0089,T026,05-06-2026,16,Cancelled
TX003951,SR02128,C0118,F0659,P0037,T098,11-01-2026,5,Completed
TX003952,SR01982,C0209,F0559,P0054,T088,17-04-2026,22,Pending
TX003953,SR00870,C0386,F0178,P0070,T099,24-04-2026,32,Completed
TX003954,SR01266,C0216,F0564,P0078,T076,11-06-2026,48,Completed
TX003955,SR00068,C0465,F0410,P0001,T058,17-05-2026,39,Completed
TX003956,SR00443,C0182,F0755,P0029,T099,07-07-2026,43,Completed
TX003957,SR02362,C0117,F0244,P0034,T069,06-01-2026,49,Completed
TX003958,SR01609,C0248,F0211,P0059,T084,28-01-2026,35,Pending
TX003959,SR00097,C0056,F0047,P0088,T041,17-08-2026,43,Completed
TX003960,SR01982,C0335,F0630,P0044,T025,15-04-2026,15,Completed
TX003961,SR01009,C0051,F0789,P0047,T058,17-07-2026,36,Completed
TX003962,SR01422,C0321,F0552,P0009,T041,25-07-2026,31,Completed
TX003963,SR02143,C0192,F0296,P0053,T036,29-01-2026,23,Completed
TX003964,SR02094,C0179,F0703,P0049,T070,19-06-2026,32,Pending
TX003965,SR00342,C0306,F0203,P0064,T062,11-02-2026,36,Completed
TX003966,SR00915,C0353,F0555,P0085,T032,06-02-2026,21,Completed
TX003967,SR00682,C0465,F0478,P0057,T025,28-02-2026,42,Pending
TX003968,SR02285,C0145,F0682,P0006,T055,01-07-2026,2,Completed
TX003969,SR01952,C0406,F0778,P0082,T033,23-01-2026,16,Completed
TX003970,SR01621,C0418,F0288,P0048,T024,10-06-2026,18,Completed
TX003971,SR00147,C0498,F0077,P0049,T023,02-04-2026,41,Cancelled
TX003972,SR02008,C0483,F0127,P0088,T067,05-03-2026,25,Pending
TX003973,SR01403,C0396,F0592,P0059,T042,27-02-2026,46,Completed
TX003974,SR00683,C0148,F0291,P0080,T035,24-03-2026,47,Completed
TX003975,SR01107,C0348,F0112,P0089,T012,25-03-2026,23,Completed
TX003976,SR01116,C0393,F0653,P0050,T006,17-03-2026,36,Completed
TX003977,SR00741,C0146,F0520,P0099,T070,05-05-2026,13,Completed
TX003978,SR02275,C0407,F0106,P0018,T097,27-08-2026,6,Completed
TX003979,SR02294,C0351,F0571,P0088,T033,19-04-2026,25,Pending
TX003980,SR00128,C0246,F0511,P0085,T085,14-02-2026,15,Completed
TX003981,SR02340,C0431,F0788,P0010,T061,27-05-2026,36,Completed
TX003982,SR01010,C0044,F0791,P0016,T031,19-07-2026,26,Pending
TX003983,SR02000,C0342,F0781,P0004,T057,24-05-2026,7,Completed
TX003984,SR01951,C0394,F0717,P0028,T013,08-05-2026,23,Completed
TX003985,SR01498,C0021,F0635,P0100,T034,10-06-2026,20,Pending
TX003986,SR01860,C0204,F0537,P0013,T074,31-07-2026,1,Pending
TX003987,SR01704,C0259,F0436,P0004,T086,19-01-2026,27,Completed
TX003988,SR02130,C0105,F0635,P0046,T023,24-08-2026,46,Cancelled
TX003989,SR01060,C0440,F0773,P0036,T092,03-08-2026,44,Completed
TX003990,SR01849,C0314,F0094,P0063,T061,19-08-2026,45,Completed
TX003991,SR02449,C0138,F0110,P0061,T023,30-04-2026,44,Completed
TX003992,SR02368,C0219,F0400,P0083,T078,25-07-2026,46,Completed
TX003993,SR00370,C0057,F0235,P0042,T089,20-01-2026,5,Completed
TX003994,SR01246,C0044,F0426,P0047,T028,10-04-2026,21,Completed
TX003995,SR01276,C0374,F0249,P0003,T011,31-07-2026,27,Completed
TX003996,SR01561,C0492,F0627,P0098,T029,07-03-2026,41,Completed
TX003997,SR01618,C0139,F0719,P0022,T076,03-07-2026,19,Pending
TX003998,SR02120,C0123,F0227,P0060,T007,18-03-2026,35,Completed
TX003999,SR01331,C0342,F0618,P0089,T029,22-05-2026,39,Completed
TX004000,SR01755,C0256,F0086,P0061,T032,06-06-2026,26,Completed
TX004001,SR02249,C0070,F0638,P0063,T002,30-07-2026,12,Completed
TX004002,SR00256,C0334,F0559,P0018,T060,24-03-2026,4,Completed
TX004003,SR01607,C0105,F0569,P0071,T081,08-07-2026,22,Completed
TX004004,SR00918,C0058,F0395,P0020,T016,15-04-2026,9,Completed
TX004005,SR02265,C0233,F0086,P0070,T089,05-04-2026,32,Completed
TX004006,SR01382,C0370,F0674,P0058,T096,20-01-2026,12,Completed
TX004007,SR01508,C0261,F0088,P0049,T088,19-01-2026,43,Completed
TX004008,SR01887,C0325,F0386,P0073,T073,05-07-2026,44,Pending
TX004009,SR00606,C0119,F0140,P0072,T045,26-01-2026,41,Completed
TX004010,SR01359,C0247,F0678,P0021,T021,27-01-2026,33,Cancelled
TX004011,SR01933,C0357,F0460,P0038,T092,14-02-2026,6,Completed
TX004012,SR01944,C0265,F0407,P0049,T054,22-03-2026,49,Completed
TX004013,SR00570,C0120,F0254,P0016,T046,09-02-2026,4,Cancelled
TX004014,SR02095,C0478,F0627,P0036,T040,22-05-2026,28,Completed
TX004015,SR00408,C0034,F0169,P0005,T022,17-07-2026,40,Pending
TX004016,SR00663,C0456,F0577,P0044,T039,08-05-2026,5,Completed
TX004017,SR02142,C0363,F0776,P0021,T080,09-06-2026,25,Pending
TX004018,SR01541,C0056,F0213,P0023,T056,03-08-2026,24,Completed
TX004019,SR01356,C0128,F0549,P0082,T040,03-08-2026,10,Completed
TX004020,SR01393,C0185,F0248,P0015,T011,08-06-2026,6,Completed
TX004021,SR02424,C0479,F0744,P0013,T042,17-01-2026,45,Completed
TX004022,SR00569,C0259,F0720,P0033,T022,09-07-2026,45,Completed
TX004023,SR00748,C0130,F0252,P0003,T040,01-07-2026,5,Pending
TX004024,SR01225,C0460,F0185,P0087,T015,14-03-2026,14,Pending
TX004025,SR02114,C0060,F0067,P0099,T095,08-02-2026,20,Pending
TX004026,SR01372,C0409,F0559,P0081,T018,01-02-2026,10,Pending
TX004027,SR01815,C0416,F0736,P0080,T013,08-03-2026,4,Completed
TX004028,SR02044,C0194,F0117,P0011,T066,28-06-2026,26,Completed
TX004029,SR02231,C0022,F0653,P0056,T035,16-08-2026,22,Pending
TX004030,SR01153,C0444,F0605,P0009,T100,06-02-2026,40,Completed
TX004031,SR01145,C0484,F0378,P0031,T041,10-04-2026,15,Completed
TX004032,SR00203,C0190,F0179,P0050,T066,20-07-2026,26,Completed
TX004033,SR00201,C0093,F0523,P0069,T084,21-01-2026,16,Completed
TX004034,SR01219,C0136,F0476,P0028,T099,15-08-2026,2,Pending
TX004035,SR01873,C0069,F0650,P0026,T081,05-01-2026,36,Completed
TX004036,SR02095,C0305,F0452,P0083,T058,09-03-2026,37,Completed
TX004037,SR01022,C0260,F0040,P0023,T082,08-01-2026,33,Pending
TX004038,SR01429,C0178,F0163,P0049,T029,02-07-2026,2,Cancelled
TX004039,SR02032,C0326,F0305,P0029,T088,13-04-2026,35,Completed
TX004040,SR00798,C0312,F0394,P0086,T088,15-04-2026,30,Pending
TX004041,SR00397,C0006,F0280,P0054,T039,12-05-2026,22,Completed
TX004042,SR02303,C0205,F0704,P0011,T007,13-03-2026,31,Completed
TX004043,SR01366,C0432,F0225,P0015,T069,01-07-2026,6,Completed
TX004044,SR00390,C0398,F0545,P0098,T011,14-04-2026,11,Completed
TX004045,SR00630,C0428,F0290,P0095,T002,11-07-2026,7,Completed
TX004046,SR00818,C0478,F0795,P0077,T095,05-06-2026,22,Completed
TX004047,SR00503,C0031,F0733,P0008,T057,11-06-2026,44,Completed
TX004048,SR01093,C0136,F0628,P0074,T066,26-08-2026,1,Pending
TX004049,SR02032,C0230,F0612,P0067,T089,02-05-2026,22,Completed
TX004050,SR01845,C0256,F0515,P0095,T093,14-03-2026,14,Completed
TX004051,SR02293,C0394,F0470,P0049,T096,24-06-2026,46,Completed
TX004052,SR02090,C0363,F0451,P0048,T014,19-06-2026,31,Pending
TX004053,SR00779,C0354,F0022,P0064,T033,27-04-2026,11,Cancelled
TX004054,SR00147,C0080,F0750,P0015,T077,22-03-2026,14,Pending
TX004055,SR00380,C0339,F0786,P0075,T003,12-08-2026,29,Pending
TX004056,SR01981,C0398,F0422,P0050,T024,02-03-2026,3,Completed
TX004057,SR00851,C0377,F0697,P0019,T052,19-01-2026,4,Completed
TX004058,SR01802,C0292,F0323,P0082,T035,01-06-2026,34,Completed
TX004059,SR01145,C0045,F0090,P0027,T018,20-01-2026,40,Cancelled
TX004060,SR02237,C0075,F0668,P0086,T090,02-07-2026,37,Completed
TX004061,SR01271,C0372,F0408,P0028,T045,22-07-2026,9,Completed
TX004062,SR02252,C0435,F0753,P0049,T042,22-06-2026,43,Completed
TX004063,SR00627,C0413,F0171,P0044,T066,26-02-2026,12,Pending
TX004064,SR01944,C0214,F0384,P0074,T068,15-08-2026,43,Completed
TX004065,SR01310,C0294,F0534,P0019,T050,22-01-2026,15,Pending
TX004066,SR00476,C0089,F0110,P0025,T089,26-01-2026,25,Cancelled
TX004067,SR00585,C0296,F0798,P0020,T030,14-03-2026,47,Completed
TX004068,SR00785,C0098,F0487,P0024,T088,10-05-2026,20,Pending
TX004069,SR00388,C0398,F0138,P0046,T087,20-06-2026,33,Completed
TX004070,SR02341,C0393,F0593,P0059,T001,11-03-2026,29,Completed
TX004071,SR00532,C0026,F0703,P0087,T076,08-08-2026,4,Completed
TX004072,SR01496,C0468,F0299,P0043,T016,16-07-2026,39,Completed
TX004073,SR01428,C0399,F0488,P0041,T049,25-02-2026,18,Completed
TX004074,SR01347,C0190,F0599,P0017,T092,15-01-2026,24,Pending
TX004075,SR01569,C0226,F0117,P0010,T020,18-06-2026,15,Pending
TX004076,SR02290,C0040,F0425,P0077,T057,12-02-2026,49,Completed
TX004077,SR02420,C0469,F0448,P0064,T078,09-03-2026,27,Completed
TX004078,SR02186,C0051,F0242,P0054,T049,05-07-2026,32,Completed
TX004079,SR01150,C0462,F0240,P0045,T008,15-02-2026,26,Completed
TX004080,SR01819,C0328,F0504,P0053,T007,27-03-2026,16,Cancelled
TX004081,SR00465,C0460,F0602,P0085,T052,11-08-2026,29,Completed
TX004082,SR02206,C0186,F0312,P0019,T003,13-06-2026,39,Pending
TX004083,SR00489,C0448,F0118,P0050,T002,29-05-2026,5,Cancelled
TX004084,SR00285,C0214,F0630,P0025,T096,28-08-2026,8,Completed
TX004085,SR02072,C0176,F0139,P0011,T054,04-07-2026,9,Completed
TX004086,SR01894,C0169,F0003,P0070,T048,21-04-2026,46,Pending
TX004087,SR00346,C0476,F0258,P0071,T011,09-06-2026,29,Completed
TX004088,SR02415,C0233,F0655,P0086,T079,08-05-2026,17,Completed
TX004089,SR00280,C0240,F0606,P0003,T052,29-03-2026,10,Pending
TX004090,SR00123,C0322,F0246,P0018,T023,23-08-2026,34,Cancelled
TX004091,SR02390,C0278,F0416,P0058,T076,23-05-2026,26,Pending
TX004092,SR00558,C0271,F0768,P0082,T024,29-06-2026,31,Pending
TX004093,SR00587,C0190,F0576,P0095,T051,09-04-2026,36,Pending
TX004094,SR01985,C0083,F0608,P0079,T057,17-02-2026,5,Completed
TX004095,SR01518,C0498,F0071,P0091,T028,30-01-2026,34,Completed
TX004096,SR01301,C0246,F0193,P0082,T088,13-07-2026,36,Cancelled
TX004097,SR02471,C0487,F0084,P0032,T071,06-05-2026,14,Completed
TX004098,SR00217,C0231,F0784,P0059,T029,04-05-2026,16,Pending
TX004099,SR02315,C0300,F0274,P0064,T016,30-01-2026,30,Completed
TX004100,SR00670,C0273,F0400,P0036,T033,08-07-2026,19,Completed
TX004101,SR01557,C0483,F0442,P0089,T047,05-03-2026,46,Pending
TX004102,SR00811,C0056,F0419,P0078,T056,24-05-2026,5,Pending
TX004103,SR00733,C0259,F0042,P0052,T041,26-03-2026,9,Completed
TX004104,SR00803,C0077,F0728,P0048,T005,24-02-2026,40,Completed
TX004105,SR01398,C0435,F0305,P0080,T068,09-02-2026,34,Completed
TX004106,SR02195,C0266,F0735,P0023,T038,15-07-2026,43,Completed
TX004107,SR00282,C0462,F0613,P0022,T034,23-01-2026,2,Completed
TX004108,SR01656,C0138,F0558,P0041,T056,01-01-2026,7,Cancelled
TX004109,SR02151,C0082,F0563,P0013,T084,15-03-2026,42,Cancelled
TX004110,SR01838,C0315,F0783,P0046,T001,02-08-2026,40,Completed
TX004111,SR02451,C0073,F0243,P0044,T097,18-06-2026,41,Pending
TX004112,SR00034,C0187,F0264,P0051,T064,16-07-2026,45,Completed
TX004113,SR00907,C0157,F0537,P0047,T055,19-02-2026,12,Completed
TX004114,SR01069,C0111,F0186,P0090,T006,21-08-2026,5,Pending
TX004115,SR01340,C0066,F0644,P0028,T072,29-01-2026,15,Pending
TX004116,SR00795,C0329,F0024,P0042,T072,09-01-2026,49,Pending
TX004117,SR00633,C0380,F0718,P0074,T057,25-04-2026,26,Completed
TX004118,SR02130,C0197,F0278,P0029,T081,16-04-2026,1,Completed
TX004119,SR00582,C0141,F0004,P0066,T084,11-03-2026,37,Completed
TX004120,SR02385,C0079,F0483,P0097,T084,10-02-2026,42,Pending
TX004121,SR00093,C0339,F0221,P0038,T033,19-03-2026,6,Completed
TX004122,SR01059,C0405,F0245,P0025,T068,31-03-2026,28,Completed
TX004123,SR01524,C0275,F0386,P0020,T006,25-05-2026,37,Completed
TX004124,SR02433,C0216,F0464,P0002,T057,28-03-2026,47,Completed
TX004125,SR01912,C0325,F0109,P0029,T015,28-02-2026,30,Completed
TX004126,SR00036,C0458,F0039,P0085,T031,24-05-2026,17,Pending
TX004127,SR01872,C0495,F0370,P0026,T068,20-05-2026,45,Completed
TX004128,SR00815,C0097,F0284,P0096,T043,15-04-2026,18,Completed
TX004129,SR02150,C0239,F0466,P0096,T087,27-01-2026,32,Cancelled
TX004130,SR01938,C0439,F0599,P0069,T009,20-08-2026,42,Completed
TX004131,SR00480,C0317,F0492,P0099,T098,05-05-2026,26,Completed
TX004132,SR00901,C0408,F0084,P0041,T071,08-03-2026,35,Completed
TX004133,SR02053,C0498,F0798,P0096,T044,24-06-2026,42,Completed
TX004134,SR02303,C0052,F0572,P0055,T003,11-04-2026,30,Cancelled
TX004135,SR01510,C0307,F0040,P0009,T005,09-02-2026,21,Completed
TX004136,SR00547,C0266,F0611,P0084,T042,18-06-2026,32,Pending
TX004137,SR00974,C0143,F0705,P0096,T058,23-01-2026,20,Completed
TX004138,SR01990,C0327,F0456,P0089,T051,08-03-2026,34,Completed
TX004139,SR01496,C0052,F0666,P0042,T030,09-06-2026,4,Completed
TX004140,SR00505,C0248,F0709,P0011,T066,23-06-2026,3,Completed
TX004141,SR00715,C0208,F0772,P0059,T062,26-08-2026,24,Completed
TX004142,SR00493,C0196,F0764,P0087,T035,20-06-2026,6,Completed
TX004143,SR01173,C0308,F0156,P0085,T033,25-02-2026,36,Completed
TX004144,SR01115,C0472,F0028,P0062,T045,20-06-2026,9,Completed
TX004145,SR01355,C0474,F0522,P0079,T075,30-06-2026,25,Completed
TX004146,SR02363,C0351,F0544,P0004,T059,12-06-2026,9,Completed
TX004147,SR01629,C0166,F0456,P0063,T013,29-06-2026,46,Completed
TX004148,SR01464,C0483,F0190,P0011,T093,16-07-2026,42,Pending
TX004149,SR00916,C0500,F0760,P0075,T021,17-05-2026,1,Cancelled
TX004150,SR01588,C0424,F0327,P0005,T068,27-08-2026,20,Completed
TX004151,SR02389,C0437,F0594,P0060,T002,04-06-2026,47,Cancelled
TX004152,SR00025,C0409,F0499,P0095,T026,14-01-2026,24,Completed
TX004153,SR00875,C0381,F0717,P0012,T057,11-02-2026,42,Cancelled
TX004154,SR00142,C0363,F0570,P0043,T085,30-04-2026,5,Completed
TX004155,SR00510,C0320,F0508,P0005,T057,15-04-2026,22,Completed
TX004156,SR00168,C0324,F0673,P0072,T006,15-07-2026,43,Pending
TX004157,SR01481,C0195,F0044,P0093,T096,11-06-2026,10,Completed
TX004158,SR02050,C0444,F0565,P0001,T028,01-01-2026,1,Pending
TX004159,SR02351,C0318,F0469,P0055,T037,20-04-2026,36,Pending
TX004160,SR00593,C0307,F0622,P0080,T011,11-05-2026,5,Completed
TX004161,SR01749,C0371,F0180,P0003,T070,24-08-2026,15,Completed
TX004162,SR00823,C0038,F0480,P0049,T045,08-06-2026,40,Completed
TX004163,SR00790,C0460,F0228,P0013,T022,13-02-2026,44,Completed
TX004164,SR01525,C0292,F0094,P0093,T064,16-02-2026,7,Completed
TX004165,SR01698,C0473,F0461,P0051,T020,17-03-2026,25,Completed
TX004166,SR01460,C0052,F0018,P0053,T054,07-04-2026,39,Completed
TX004167,SR00250,C0117,F0075,P0100,T067,27-01-2026,20,Cancelled
TX004168,SR01027,C0475,F0424,P0079,T082,09-07-2026,18,Completed
TX004169,SR00715,C0347,F0719,P0032,T070,17-01-2026,27,Completed
TX004170,SR00011,C0324,F0573,P0063,T057,17-01-2026,39,Completed
TX004171,SR00102,C0203,F0013,P0030,T004,31-01-2026,2,Completed
TX004172,SR01125,C0278,F0088,P0053,T024,02-02-2026,3,Completed
TX004173,SR00252,C0274,F0345,P0082,T058,16-05-2026,6,Completed
TX004174,SR01848,C0099,F0344,P0095,T054,16-07-2026,17,Completed
TX004175,SR00141,C0284,F0032,P0096,T054,15-08-2026,14,Completed
TX004176,SR00589,C0258,F0205,P0050,T074,14-07-2026,24,Completed
TX004177,SR02465,C0157,F0102,P0090,T091,14-06-2026,15,Cancelled
TX004178,SR01771,C0172,F0454,P0090,T051,22-05-2026,31,Completed
TX004179,SR01394,C0384,F0527,P0055,T014,16-03-2026,16,Completed
TX004180,SR00038,C0338,F0313,P0004,T045,10-04-2026,41,Completed
TX004181,SR00110,C0235,F0458,P0012,T026,29-07-2026,16,Completed
TX004182,SR02271,C0303,F0162,P0066,T053,26-01-2026,12,Completed
TX004183,SR01999,C0121,F0682,P0084,T059,18-07-2026,43,Completed
TX004184,SR02376,C0250,F0004,P0092,T055,14-07-2026,33,Completed
TX004185,SR02021,C0281,F0404,P0025,T059,14-01-2026,3,Completed
TX004186,SR00007,C0127,F0258,P0090,T032,28-02-2026,8,Completed
TX004187,SR02014,C0085,F0361,P0083,T018,16-03-2026,3,Cancelled
TX004188,SR01145,C0263,F0413,P0049,T086,08-08-2026,39,Completed
TX004189,SR01731,C0471,F0517,P0038,T041,16-04-2026,31,Completed
TX004190,SR01035,C0231,F0744,P0048,T021,06-07-2026,46,Completed
TX004191,SR01803,C0451,F0449,P0068,T100,25-05-2026,17,Pending
TX004192,SR02105,C0426,F0182,P0082,T004,20-01-2026,3,Completed
TX004193,SR02437,C0373,F0420,P0018,T035,10-06-2026,23,Completed
TX004194,SR01352,C0448,F0410,P0034,T075,02-06-2026,4,Completed
TX004195,SR00698,C0206,F0692,P0013,T042,29-07-2026,8,Completed
TX004196,SR01529,C0380,F0454,P0094,T085,09-08-2026,39,Completed
TX004197,SR01250,C0073,F0695,P0041,T036,21-05-2026,19,Completed
TX004198,SR00507,C0160,F0520,P0026,T065,31-07-2026,44,Completed
TX004199,SR01812,C0284,F0458,P0021,T043,03-02-2026,26,Completed
TX004200,SR00193,C0020,F0263,P0008,T047,28-05-2026,32,Cancelled
TX004201,SR01008,C0383,F0205,P0048,T050,19-05-2026,41,Completed
TX004202,SR01731,C0463,F0080,P0078,T098,11-02-2026,23,Completed
TX004203,SR02303,C0053,F0439,P0033,T076,10-05-2026,16,Completed
TX004204,SR01552,C0497,F0738,P0041,T038,13-06-2026,38,Pending
TX004205,SR02449,C0045,F0011,P0064,T042,10-04-2026,41,Pending
TX004206,SR02081,C0064,F0763,P0036,T041,09-06-2026,15,Completed
TX004207,SR00591,C0382,F0688,P0074,T074,28-06-2026,41,Completed
TX004208,SR02112,C0343,F0351,P0033,T060,22-05-2026,49,Completed
TX004209,SR00841,C0469,F0251,P0045,T054,06-04-2026,10,Completed
TX004210,SR01578,C0213,F0465,P0099,T044,05-03-2026,42,Completed
TX004211,SR00503,C0287,F0685,P0084,T040,08-06-2026,5,Completed
TX004212,SR01346,C0075,F0024,P0058,T056,05-08-2026,44,Pending
TX004213,SR01699,C0346,F0360,P0040,T084,21-04-2026,44,Completed
TX004214,SR02286,C0500,F0038,P0100,T097,01-05-2026,42,Completed
TX004215,SR02359,C0299,F0516,P0047,T007,07-08-2026,18,Completed
TX004216,SR02004,C0467,F0062,P0035,T024,13-03-2026,46,Completed
TX004217,SR01397,C0197,F0254,P0060,T069,13-07-2026,28,Completed
TX004218,SR02207,C0492,F0591,P0042,T015,03-03-2026,4,Completed
TX004219,SR00266,C0269,F0602,P0089,T062,03-03-2026,42,Completed
TX004220,SR02490,C0072,F0182,P0022,T043,09-03-2026,45,Completed
TX004221,SR00510,C0182,F0411,P0006,T020,13-01-2026,15,Completed
TX004222,SR01009,C0246,F0148,P0044,T051,21-04-2026,13,Cancelled
TX004223,SR02269,C0034,F0474,P0095,T051,26-03-2026,28,Pending
TX004224,SR01793,C0448,F0007,P0007,T072,25-02-2026,18,Completed
TX004225,SR02125,C0120,F0652,P0081,T083,01-07-2026,32,Completed
TX004226,SR01721,C0338,F0019,P0001,T096,05-05-2026,19,Completed
TX004227,SR01503,C0460,F0487,P0056,T044,16-02-2026,11,Completed
TX004228,SR00436,C0218,F0325,P0046,T069,16-02-2026,12,Completed
TX004229,SR02491,C0305,F0179,P0016,T079,14-07-2026,33,Pending
TX004230,SR01592,C0259,F0434,P0075,T099,07-03-2026,22,Cancelled
TX004231,SR01671,C0383,F0114,P0018,T066,05-04-2026,1,Completed
TX004232,SR01071,C0020,F0464,P0044,T025,29-01-2026,25,Pending
TX004233,SR02381,C0180,F0516,P0056,T035,13-07-2026,39,Completed
TX004234,SR01127,C0306,F0367,P0052,T021,27-03-2026,8,Cancelled
TX004235,SR00476,C0046,F0290,P0004,T020,19-06-2026,12,Completed
TX004236,SR00451,C0430,F0368,P0045,T031,08-04-2026,18,Cancelled
TX004237,SR01747,C0317,F0766,P0066,T050,12-07-2026,46,Completed
TX004238,SR01862,C0002,F0603,P0053,T079,07-04-2026,18,Completed
TX004239,SR00515,C0007,F0005,P0074,T030,03-08-2026,42,Completed
TX004240,SR01745,C0080,F0232,P0078,T019,23-06-2026,34,Completed
TX004241,SR02494,C0332,F0020,P0018,T013,26-04-2026,49,Completed
TX004242,SR01331,C0259,F0191,P0081,T020,27-04-2026,29,Completed
TX004243,SR02427,C0242,F0623,P0090,T044,29-05-2026,16,Pending
TX004244,SR00392,C0281,F0684,P0084,T042,16-06-2026,36,Completed
TX004245,SR01008,C0248,F0366,P0086,T040,19-06-2026,5,Completed
TX004246,SR01393,C0172,F0552,P0022,T032,08-01-2026,39,Completed
TX004247,SR00896,C0004,F0297,P0066,T046,05-03-2026,12,Completed
TX004248,SR00251,C0014,F0382,P0046,T065,15-04-2026,33,Completed
TX004249,SR01146,C0345,F0664,P0099,T005,09-05-2026,29,Completed
TX004250,SR00849,C0372,F0221,P0084,T090,22-01-2026,12,Pending
TX004251,SR00510,C0120,F0255,P0017,T031,17-02-2026,24,Completed
TX004252,SR00931,C0122,F0110,P0095,T014,21-04-2026,25,Completed
TX004253,SR01046,C0204,F0175,P0070,T018,18-04-2026,38,Completed
TX004254,SR02209,C0323,F0030,P0055,T055,28-05-2026,23,Pending
TX004255,SR01229,C0297,F0653,P0045,T053,17-01-2026,3,Pending
TX004256,SR01039,C0280,F0682,P0050,T009,11-07-2026,4,Completed
TX004257,SR00974,C0019,F0338,P0078,T050,14-03-2026,33,Completed
TX004258,SR01497,C0216,F0475,P0077,T023,13-05-2026,44,Pending
TX004259,SR00689,C0377,F0200,P0056,T092,16-08-2026,22,Completed
TX004260,SR02187,C0296,F0037,P0100,T031,02-04-2026,5,Completed
TX004261,SR01047,C0404,F0413,P0024,T100,17-03-2026,9,Completed
TX004262,SR01065,C0348,F0127,P0043,T058,05-03-2026,48,Completed
TX004263,SR00160,C0450,F0679,P0060,T097,06-06-2026,35,Completed
TX004264,SR02210,C0287,F0224,P0017,T056,18-08-2026,2,Completed
TX004265,SR01178,C0285,F0591,P0050,T013,15-05-2026,13,Completed
TX004266,SR00342,C0279,F0211,P0084,T065,17-02-2026,36,Completed
TX004267,SR00429,C0133,F0102,P0068,T048,16-08-2026,31,Pending
TX004268,SR00913,C0219,F0439,P0072,T082,11-01-2026,15,Completed
TX004269,SR01952,C0085,F0147,P0017,T040,09-04-2026,35,Pending
TX004270,SR00237,C0216,F0320,P0015,T019,31-01-2026,45,Completed
TX004271,SR00302,C0075,F0235,P0045,T012,08-01-2026,45,Completed
TX004272,SR01403,C0246,F0706,P0033,T075,28-08-2026,41,Completed
TX004273,SR01248,C0478,F0403,P0002,T024,21-01-2026,18,Pending
TX004274,SR02394,C0227,F0576,P0056,T067,06-08-2026,2,Completed
TX004275,SR01881,C0370,F0472,P0076,T014,11-05-2026,20,Completed
TX004276,SR01643,C0220,F0729,P0074,T008,18-03-2026,2,Cancelled
TX004277,SR00840,C0453,F0352,P0011,T072,27-07-2026,28,Completed
TX004278,SR01566,C0106,F0691,P0079,T035,01-01-2026,30,Completed
TX004279,SR01461,C0418,F0719,P0039,T057,15-06-2026,17,Pending
TX004280,SR00696,C0363,F0738,P0016,T003,04-07-2026,8,Completed
TX004281,SR00928,C0445,F0557,P0048,T019,29-03-2026,26,Completed
TX004282,SR02328,C0067,F0785,P0022,T010,14-03-2026,1,Cancelled
TX004283,SR01346,C0448,F0597,P0068,T028,03-01-2026,14,Completed
TX004284,SR01179,C0455,F0250,P0075,T029,06-01-2026,48,Completed
TX004285,SR01992,C0148,F0126,P0073,T038,11-01-2026,45,Completed
TX004286,SR00668,C0313,F0168,P0012,T025,20-04-2026,32,Pending
TX004287,SR00550,C0294,F0460,P0035,T046,08-05-2026,19,Completed
TX004288,SR02470,C0025,F0133,P0050,T091,12-04-2026,1,Completed
TX004289,SR02009,C0263,F0191,P0099,T009,18-06-2026,32,Cancelled
TX004290,SR01058,C0330,F0503,P0055,T090,28-03-2026,25,Pending
TX004291,SR02366,C0103,F0267,P0066,T042,09-07-2026,35,Completed
TX004292,SR00929,C0181,F0545,P0034,T058,06-06-2026,8,Pending
TX004293,SR01689,C0293,F0798,P0030,T068,13-08-2026,41,Completed
TX004294,SR00088,C0465,F0071,P0080,T074,24-06-2026,40,Cancelled
TX004295,SR01745,C0031,F0513,P0084,T095,31-01-2026,21,Completed
TX004296,SR00446,C0469,F0657,P0006,T100,15-05-2026,2,Completed
TX004297,SR00604,C0409,F0113,P0054,T010,07-06-2026,23,Completed
TX004298,SR02023,C0423,F0627,P0078,T042,04-01-2026,19,Completed
TX004299,SR00514,C0024,F0406,P0016,T054,11-01-2026,38,Completed
TX004300,SR01207,C0284,F0503,P0065,T053,06-01-2026,12,Pending
TX004301,SR02302,C0185,F0042,P0048,T100,11-02-2026,1,Completed
TX004302,SR02388,C0460,F0349,P0051,T066,31-07-2026,49,Pending
TX004303,SR01110,C0371,F0294,P0060,T041,27-02-2026,12,Completed
TX004304,SR00210,C0325,F0123,P0088,T093,14-02-2026,4,Completed
TX004305,SR00718,C0014,F0611,P0009,T074,18-04-2026,42,Completed
TX004306,SR01540,C0438,F0405,P0021,T080,06-04-2026,36,Completed
TX004307,SR00843,C0245,F0703,P0035,T063,27-08-2026,14,Completed
TX004308,SR01800,C0081,F0128,P0081,T007,25-01-2026,24,Completed
TX004309,SR02482,C0438,F0585,P0060,T098,21-07-2026,34,Completed
TX004310,SR01553,C0453,F0484,P0019,T072,25-02-2026,41,Completed
TX004311,SR01563,C0249,F0521,P0003,T015,16-03-2026,19,Cancelled
TX004312,SR01325,C0331,F0248,P0100,T026,27-04-2026,11,Pending
TX004313,SR00467,C0306,F0553,P0014,T035,23-08-2026,1,Pending
TX004314,SR01446,C0152,F0198,P0004,T026,26-02-2026,42,Completed
TX004315,SR02330,C0375,F0610,P0041,T063,24-03-2026,40,Pending
TX004316,SR01724,C0499,F0353,P0056,T055,08-06-2026,47,Pending
TX004317,SR01881,C0468,F0384,P0026,T022,10-06-2026,37,Completed
TX004318,SR02159,C0344,F0465,P0017,T070,30-03-2026,11,Completed
TX004319,SR00969,C0181,F0068,P0009,T029,01-02-2026,12,Pending
TX004320,SR00841,C0455,F0294,P0041,T016,09-07-2026,12,Pending
TX004321,SR02425,C0464,F0163,P0096,T096,05-08-2026,23,Pending
TX004322,SR01150,C0003,F0771,P0015,T032,25-05-2026,48,Completed
TX004323,SR01835,C0170,F0338,P0058,T024,29-07-2026,34,Pending
TX004324,SR01590,C0277,F0005,P0020,T072,02-03-2026,22,Completed
TX004325,SR00309,C0289,F0021,P0068,T077,27-07-2026,37,Completed
TX004326,SR00786,C0357,F0731,P0007,T016,14-07-2026,41,Completed
TX004327,SR00816,C0257,F0126,P0021,T006,05-08-2026,20,Completed
TX004328,SR00447,C0007,F0001,P0001,T085,12-08-2026,42,Completed
TX004329,SR01948,C0083,F0170,P0065,T051,24-03-2026,1,Completed
TX004330,SR02416,C0382,F0174,P0072,T046,29-01-2026,16,Pending
TX004331,SR02416,C0347,F0064,P0018,T043,29-06-2026,9,Completed
TX004332,SR00487,C0326,F0798,P0046,T059,10-06-2026,9,Completed
TX004333,SR01124,C0221,F0048,P0030,T068,05-06-2026,10,Completed
TX004334,SR00582,C0138,F0583,P0005,T009,01-06-2026,18,Cancelled
TX004335,SR00157,C0155,F0670,P0004,T027,10-01-2026,36,Pending
TX004336,SR01547,C0345,F0516,P0094,T096,10-06-2026,30,Completed
TX004337,SR02150,C0253,F0106,P0065,T017,27-04-2026,22,Completed
TX004338,SR00194,C0066,F0581,P0067,T091,08-01-2026,25,Pending
TX004339,SR01605,C0200,F0264,P0030,T041,25-07-2026,9,Completed
TX004340,SR00086,C0413,F0327,P0027,T020,07-01-2026,37,Completed
TX004341,SR02108,C0300,F0202,P0080,T060,26-02-2026,37,Completed
TX004342,SR00161,C0434,F0628,P0044,T067,12-03-2026,27,Completed
TX004343,SR01090,C0255,F0464,P0011,T035,07-07-2026,40,Completed
TX004344,SR00309,C0243,F0124,P0049,T080,20-01-2026,40,Completed
TX004345,SR01031,C0475,F0326,P0053,T007,03-04-2026,40,Completed
TX004346,SR01073,C0254,F0636,P0057,T013,29-03-2026,6,Completed
TX004347,SR01350,C0068,F0751,P0054,T063,10-04-2026,5,Completed
TX004348,SR02074,C0202,F0752,P0086,T058,29-07-2026,22,Completed
TX004349,SR02492,C0324,F0108,P0025,T070,20-03-2026,3,Completed
TX004350,SR00855,C0173,F0687,P0059,T086,27-03-2026,1,Completed
TX004351,SR02309,C0206,F0454,P0089,T094,09-04-2026,7,Completed
TX004352,SR01069,C0437,F0592,P0098,T051,05-04-2026,6,Completed
TX004353,SR00296,C0218,F0309,P0097,T051,17-08-2026,16,Cancelled
TX004354,SR01501,C0153,F0522,P0073,T093,06-03-2026,17,Completed
TX004355,SR01807,C0054,F0207,P0011,T097,28-01-2026,41,Completed
TX004356,SR00756,C0202,F0417,P0099,T005,12-04-2026,45,Completed
TX004357,SR01475,C0384,F0181,P0004,T051,21-01-2026,9,Completed
TX004358,SR01082,C0150,F0317,P0056,T092,11-07-2026,19,Pending
TX004359,SR00363,C0236,F0327,P0045,T006,03-08-2026,25,Completed
TX004360,SR00966,C0329,F0693,P0068,T098,19-07-2026,14,Completed
TX004361,SR01069,C0464,F0503,P0079,T075,13-07-2026,17,Completed
TX004362,SR00855,C0408,F0518,P0074,T016,12-04-2026,33,Completed
TX004363,SR02288,C0144,F0228,P0023,T065,17-06-2026,21,Completed
TX004364,SR00971,C0083,F0348,P0076,T044,06-04-2026,35,Completed
TX004365,SR01566,C0336,F0379,P0076,T034,25-07-2026,4,Cancelled
TX004366,SR00028,C0128,F0628,P0003,T063,16-02-2026,24,Completed
TX004367,SR00784,C0197,F0149,P0064,T074,03-02-2026,16,Completed
TX004368,SR02216,C0053,F0044,P0013,T090,23-08-2026,15,Completed
TX004369,SR02232,C0388,F0405,P0057,T042,28-03-2026,23,Completed
TX004370,SR02444,C0081,F0651,P0023,T016,16-03-2026,15,Completed
TX004371,SR00143,C0191,F0587,P0036,T087,10-06-2026,38,Completed
TX004372,SR02157,C0204,F0649,P0028,T034,24-03-2026,10,Cancelled
TX004373,SR00670,C0022,F0315,P0087,T076,29-06-2026,44,Completed
TX004374,SR00015,C0388,F0183,P0091,T080,14-04-2026,18,Completed
TX004375,SR00232,C0310,F0528,P0080,T006,08-07-2026,26,Completed
TX004376,SR01878,C0271,F0031,P0073,T042,20-01-2026,9,Completed
TX004377,SR01480,C0089,F0717,P0037,T009,24-06-2026,46,Completed
TX004378,SR01433,C0027,F0571,P0015,T061,20-03-2026,32,Pending
TX004379,SR02205,C0028,F0404,P0057,T080,12-04-2026,38,Completed
TX004380,SR00236,C0313,F0160,P0043,T057,12-08-2026,44,Completed
TX004381,SR00207,C0374,F0201,P0029,T033,26-04-2026,49,Pending
TX004382,SR02333,C0398,F0797,P0025,T098,18-01-2026,13,Completed
TX004383,SR01516,C0401,F0012,P0017,T009,21-04-2026,17,Completed
TX004384,SR01941,C0197,F0008,P0083,T015,27-02-2026,12,Completed
TX004385,SR01313,C0001,F0278,P0033,T037,24-04-2026,25,Completed
TX004386,SR00364,C0123,F0184,P0092,T095,22-02-2026,45,Completed
TX004387,SR01307,C0394,F0542,P0067,T090,04-06-2026,37,Cancelled
TX004388,SR02411,C0382,F0034,P0017,T057,26-02-2026,28,Pending
TX004389,SR00295,C0254,F0629,P0007,T096,22-04-2026,24,Completed
TX004390,SR00316,C0012,F0627,P0042,T091,18-08-2026,36,Pending
TX004391,SR00867,C0389,F0184,P0009,T059,03-06-2026,23,Completed
TX004392,SR01137,C0408,F0463,P0096,T012,20-06-2026,44,Pending
TX004393,SR01572,C0114,F0538,P0091,T090,05-07-2026,28,Completed
TX004394,SR00398,C0403,F0679,P0066,T065,09-08-2026,33,Completed
TX004395,SR02335,C0320,F0587,P0030,T015,01-08-2026,34,Completed
TX004396,SR00376,C0444,F0771,P0087,T085,25-07-2026,37,Completed
TX004397,SR00501,C0314,F0093,P0065,T040,23-03-2026,24,Cancelled
TX004398,SR02420,C0045,F0489,P0036,T079,30-05-2026,19,Completed
TX004399,SR00942,C0324,F0619,P0088,T027,16-07-2026,21,Cancelled
TX004400,SR01431,C0054,F0186,P0021,T001,15-05-2026,46,Completed
TX004401,SR01088,C0130,F0175,P0057,T046,31-01-2026,6,Completed
TX004402,SR00648,C0437,F0075,P0070,T046,03-05-2026,35,Completed
TX004403,SR01267,C0485,F0789,P0091,T087,21-02-2026,48,Completed
TX004404,SR01941,C0238,F0694,P0014,T012,15-06-2026,4,Completed
TX004405,SR00029,C0146,F0097,P0029,T092,26-07-2026,31,Completed
TX004406,SR02189,C0197,F0197,P0084,T016,18-06-2026,30,Pending
TX004407,SR00461,C0122,F0367,P0050,T094,13-05-2026,17,Completed
TX004408,SR02295,C0287,F0715,P0076,T071,24-05-2026,5,Completed
TX004409,SR02406,C0211,F0661,P0078,T036,10-05-2026,34,Completed
TX004410,SR02333,C0030,F0703,P0031,T096,18-04-2026,26,Completed
TX004411,SR01628,C0306,F0663,P0034,T036,24-02-2026,37,Cancelled
TX004412,SR02264,C0322,F0503,P0050,T064,12-06-2026,5,Completed
TX004413,SR02149,C0334,F0233,P0003,T002,25-03-2026,46,Completed
TX004414,SR01598,C0473,F0484,P0080,T011,07-02-2026,31,Completed
TX004415,SR02230,C0353,F0396,P0012,T036,12-07-2026,22,Completed
TX004416,SR00857,C0338,F0761,P0094,T025,13-05-2026,23,Completed
TX004417,SR02087,C0106,F0359,P0078,T023,05-05-2026,47,Completed
TX004418,SR02314,C0233,F0605,P0036,T038,05-05-2026,28,Pending
TX004419,SR01589,C0218,F0139,P0008,T061,19-01-2026,29,Completed
TX004420,SR00307,C0481,F0547,P0079,T013,09-05-2026,32,Completed
TX004421,SR00536,C0238,F0364,P0045,T076,11-05-2026,16,Completed
TX004422,SR00422,C0345,F0349,P0020,T085,03-05-2026,13,Completed
TX004423,SR01333,C0271,F0604,P0043,T084,02-01-2026,37,Pending
TX004424,SR01085,C0029,F0388,P0091,T020,30-06-2026,16,Cancelled
TX004425,SR02069,C0468,F0048,P0069,T089,28-05-2026,2,Completed
TX004426,SR00710,C0336,F0312,P0069,T013,01-07-2026,24,Completed
TX004427,SR00414,C0116,F0771,P0052,T011,01-05-2026,1,Pending
TX004428,SR01540,C0030,F0758,P0016,T073,21-03-2026,28,Completed
TX004429,SR00348,C0469,F0492,P0095,T077,19-07-2026,32,Completed
TX004430,SR02264,C0154,F0511,P0074,T013,26-03-2026,46,Completed
TX004431,SR00203,C0009,F0211,P0052,T042,19-04-2026,30,Completed
TX004432,SR01228,C0308,F0625,P0073,T042,04-01-2026,18,Completed
TX004433,SR02372,C0009,F0480,P0037,T073,09-02-2026,32,Completed
TX004434,SR01385,C0108,F0030,P0075,T052,28-01-2026,29,Cancelled
TX004435,SR02021,C0447,F0760,P0097,T061,12-04-2026,37,Completed
TX004436,SR01058,C0020,F0682,P0035,T009,04-03-2026,46,Completed
TX004437,SR01888,C0377,F0066,P0001,T098,21-03-2026,5,Completed
TX004438,SR01769,C0309,F0335,P0074,T056,03-07-2026,36,Completed
TX004439,SR01285,C0153,F0595,P0086,T067,13-06-2026,40,Cancelled
TX004440,SR00252,C0143,F0590,P0083,T049,11-07-2026,17,Completed
TX004441,SR02428,C0238,F0134,P0098,T025,15-07-2026,20,Completed
TX004442,SR00122,C0267,F0033,P0035,T067,01-03-2026,21,Pending
TX004443,SR00893,C0446,F0788,P0092,T029,28-05-2026,19,Completed
TX004444,SR01604,C0131,F0716,P0021,T022,28-07-2026,44,Completed
TX004445,SR01923,C0296,F0591,P0059,T056,15-03-2026,16,Completed
TX004446,SR01338,C0344,F0528,P0089,T036,01-04-2026,22,Completed
TX004447,SR01004,C0007,F0550,P0092,T090,08-05-2026,29,Completed
TX004448,SR01019,C0448,F0367,P0063,T066,11-07-2026,13,Completed
TX004449,SR02440,C0496,F0548,P0055,T038,05-02-2026,35,Completed
TX004450,SR00835,C0044,F0243,P0047,T004,23-04-2026,26,Completed
TX004451,SR02137,C0131,F0067,P0087,T035,28-02-2026,9,Cancelled
TX004452,SR00130,C0394,F0249,P0088,T012,21-06-2026,10,Completed
TX004453,SR01649,C0405,F0236,P0024,T022,28-02-2026,2,Completed
TX004454,SR01702,C0079,F0243,P0014,T029,27-03-2026,29,Completed
TX004455,SR01690,C0459,F0377,P0082,T066,25-03-2026,40,Completed
TX004456,SR01054,C0165,F0105,P0082,T011,17-01-2026,49,Completed
TX004457,SR01727,C0147,F0327,P0010,T017,10-06-2026,33,Completed
TX004458,SR01114,C0179,F0372,P0050,T004,02-03-2026,48,Completed
TX004459,SR01485,C0336,F0151,P0051,T092,28-04-2026,49,Completed
TX004460,SR02234,C0104,F0363,P0005,T099,17-06-2026,31,Completed
TX004461,SR01681,C0272,F0540,P0067,T030,08-07-2026,19,Completed
TX004462,SR01844,C0038,F0330,P0098,T046,09-08-2026,44,Completed
TX004463,SR02423,C0074,F0002,P0022,T031,31-01-2026,31,Pending
TX004464,SR00549,C0385,F0563,P0078,T054,31-05-2026,40,Completed
TX004465,SR01470,C0192,F0463,P0009,T056,20-03-2026,12,Completed
TX004466,SR01643,C0397,F0336,P0022,T026,04-07-2026,47,Completed
TX004467,SR01739,C0369,F0019,P0057,T065,04-04-2026,22,Completed
TX004468,SR00331,C0499,F0072,P0093,T001,04-01-2026,43,Completed
TX004469,SR01901,C0069,F0064,P0089,T065,25-07-2026,19,Completed
TX004470,SR00486,C0468,F0682,P0094,T076,02-07-2026,45,Completed
TX004471,SR01023,C0446,F0248,P0099,T006,21-03-2026,33,Completed
TX004472,SR01786,C0218,F0341,P0081,T073,20-07-2026,12,Completed
TX004473,SR00658,C0068,F0557,P0037,T074,09-04-2026,8,Pending
TX004474,SR00315,C0067,F0525,P0013,T098,10-04-2026,8,Completed
TX004475,SR01689,C0256,F0052,P0083,T081,13-03-2026,19,Completed
TX004476,SR00701,C0006,F0744,P0019,T003,29-04-2026,3,Completed
TX004477,SR02066,C0048,F0213,P0053,T009,27-08-2026,27,Completed
TX004478,SR02246,C0266,F0614,P0076,T014,13-01-2026,33,Completed
TX004479,SR00875,C0282,F0666,P0004,T059,23-05-2026,37,Completed
TX004480,SR01846,C0431,F0432,P0092,T072,11-02-2026,46,Completed
TX004481,SR00561,C0488,F0130,P0031,T066,30-01-2026,40,Pending
TX004482,SR02324,C0134,F0437,P0022,T034,14-01-2026,49,Completed
TX004483,SR00615,C0166,F0196,P0038,T021,07-03-2026,30,Pending
TX004484,SR02205,C0100,F0680,P0047,T007,25-06-2026,42,Pending
TX004485,SR01967,C0113,F0604,P0046,T038,26-06-2026,38,Completed
TX004486,SR00782,C0220,F0659,P0016,T031,11-07-2026,41,Pending
TX004487,SR02062,C0497,F0663,P0019,T031,04-02-2026,21,Completed
TX004488,SR01581,C0447,F0143,P0048,T009,27-01-2026,26,Completed
TX004489,SR01674,C0457,F0025,P0023,T030,24-08-2026,45,Cancelled
TX004490,SR00947,C0226,F0502,P0065,T084,10-08-2026,23,Completed
TX004491,SR00586,C0329,F0492,P0090,T025,18-06-2026,30,Cancelled
TX004492,SR01743,C0362,F0693,P0002,T088,21-07-2026,32,Pending
TX004493,SR00131,C0122,F0511,P0004,T009,13-07-2026,10,Pending
TX004494,SR00872,C0232,F0643,P0065,T064,19-05-2026,2,Completed
TX004495,SR00354,C0276,F0279,P0003,T011,25-04-2026,35,Completed
TX004496,SR00004,C0187,F0100,P0064,T039,23-08-2026,39,Completed
TX004497,SR00019,C0237,F0031,P0050,T096,12-06-2026,29,Completed
TX004498,SR00235,C0221,F0349,P0046,T077,31-07-2026,33,Pending
TX004499,SR02350,C0031,F0002,P0061,T052,19-02-2026,4,Completed
TX004500,SR01928,C0385,F0415,P0090,T064,23-02-2026,9,Completed
TX004501,SR02474,C0451,F0321,P0013,T067,01-06-2026,37,Cancelled
TX004502,SR00211,C0378,F0207,P0014,T080,17-08-2026,32,Completed
TX004503,SR02494,C0467,F0473,P0070,T060,29-05-2026,10,Pending
TX004504,SR01499,C0216,F0544,P0006,T052,17-04-2026,30,Completed
TX004505,SR01986,C0028,F0032,P0043,T008,06-01-2026,2,Completed
TX004506,SR02145,C0134,F0381,P0050,T096,07-02-2026,39,Completed
TX004507,SR00656,C0427,F0752,P0040,T057,25-02-2026,2,Completed
TX004508,SR01853,C0070,F0239,P0054,T030,18-02-2026,42,Pending
TX004509,SR01619,C0274,F0625,P0012,T014,18-06-2026,11,Completed
TX004510,SR01034,C0001,F0270,P0027,T061,14-06-2026,13,Completed
TX004511,SR01230,C0162,F0218,P0001,T079,02-04-2026,46,Pending
TX004512,SR00522,C0057,F0686,P0097,T081,26-08-2026,40,Completed
TX004513,SR00463,C0057,F0286,P0084,T089,05-04-2026,17,Completed
TX004514,SR02307,C0083,F0693,P0026,T090,17-04-2026,9,Completed
TX004515,SR01830,C0270,F0524,P0004,T063,07-05-2026,6,Cancelled
TX004516,SR01416,C0345,F0650,P0028,T095,18-05-2026,20,Cancelled
TX004517,SR01736,C0145,F0652,P0096,T008,15-02-2026,29,Completed
TX004518,SR01014,C0409,F0732,P0082,T040,14-03-2026,25,Completed
TX004519,SR00625,C0196,F0444,P0066,T049,15-06-2026,44,Cancelled
TX004520,SR02356,C0369,F0762,P0093,T070,22-07-2026,40,Pending
TX004521,SR02474,C0265,F0048,P0018,T030,12-04-2026,13,Completed
TX004522,SR00538,C0362,F0394,P0054,T030,28-01-2026,45,Completed
TX004523,SR02005,C0490,F0318,P0080,T091,24-07-2026,23,Completed
TX004524,SR01106,C0498,F0078,P0002,T065,20-05-2026,1,Completed
TX004525,SR01770,C0294,F0699,P0044,T064,15-04-2026,42,Completed
TX004526,SR00272,C0482,F0641,P0036,T019,21-05-2026,37,Completed
TX004527,SR01199,C0351,F0599,P0018,T051,17-07-2026,18,Completed
TX004528,SR00313,C0135,F0507,P0023,T043,01-01-2026,43,Pending
TX004529,SR02037,C0468,F0482,P0097,T063,28-03-2026,45,Completed
TX004530,SR00997,C0073,F0305,P0052,T093,14-08-2026,47,Pending
TX004531,SR00660,C0235,F0547,P0009,T028,14-03-2026,45,Completed
TX004532,SR01750,C0077,F0781,P0069,T082,22-08-2026,14,Cancelled
TX004533,SR02387,C0393,F0201,P0060,T064,09-03-2026,28,Completed
TX004534,SR00848,C0448,F0271,P0040,T050,23-04-2026,9,Completed
TX004535,SR01795,C0410,F0088,P0040,T096,17-01-2026,34,Completed
TX004536,SR01724,C0052,F0727,P0054,T015,24-06-2026,25,Completed
TX004537,SR01225,C0136,F0425,P0093,T068,27-02-2026,44,Completed
TX004538,SR02013,C0171,F0475,P0076,T040,23-07-2026,45,Pending
TX004539,SR00320,C0058,F0214,P0041,T069,01-02-2026,16,Completed
TX004540,SR02194,C0266,F0030,P0025,T014,29-01-2026,16,Pending
TX004541,SR01011,C0018,F0644,P0011,T074,23-04-2026,2,Completed
TX004542,SR00112,C0307,F0689,P0020,T007,21-01-2026,25,Completed
TX004543,SR02474,C0288,F0273,P0014,T035,21-03-2026,19,Completed
TX004544,SR01935,C0298,F0610,P0081,T091,15-06-2026,49,Completed
TX004545,SR02041,C0457,F0458,P0058,T064,02-05-2026,41,Completed
TX004546,SR00368,C0394,F0514,P0004,T050,15-05-2026,23,Completed
TX004547,SR01877,C0130,F0139,P0093,T034,22-01-2026,28,Completed
TX004548,SR01746,C0286,F0492,P0016,T009,13-06-2026,31,Completed
TX004549,SR02257,C0402,F0129,P0065,T012,22-01-2026,45,Completed
TX004550,SR00930,C0426,F0176,P0002,T072,18-05-2026,49,Completed
TX004551,SR02319,C0322,F0286,P0059,T028,09-07-2026,21,Completed
TX004552,SR01770,C0043,F0172,P0056,T008,24-06-2026,18,Completed
TX004553,SR00635,C0218,F0728,P0091,T044,26-03-2026,35,Pending
TX004554,SR00535,C0430,F0024,P0061,T040,07-02-2026,14,Completed
TX004555,SR02259,C0037,F0724,P0049,T096,19-07-2026,7,Cancelled
TX004556,SR01613,C0296,F0124,P0054,T024,21-02-2026,14,Completed
TX004557,SR00296,C0271,F0697,P0064,T027,29-04-2026,16,Cancelled
TX004558,SR00314,C0112,F0270,P0042,T017,26-02-2026,31,Completed
TX004559,SR02069,C0173,F0737,P0072,T019,08-01-2026,37,Completed
TX004560,SR00425,C0489,F0433,P0053,T054,10-04-2026,8,Completed
TX004561,SR00548,C0298,F0392,P0097,T023,13-05-2026,3,Cancelled
TX004562,SR01537,C0470,F0105,P0020,T072,02-07-2026,9,Completed
TX004563,SR02159,C0236,F0347,P0073,T082,24-06-2026,45,Pending
TX004564,SR00842,C0423,F0447,P0083,T049,19-07-2026,13,Completed
TX004565,SR01665,C0310,F0787,P0072,T024,15-07-2026,26,Completed
TX004566,SR01760,C0456,F0211,P0099,T083,07-04-2026,27,Pending
TX004567,SR01501,C0164,F0067,P0044,T097,23-03-2026,14,Completed
TX004568,SR01713,C0192,F0204,P0055,T092,25-05-2026,42,Completed
TX004569,SR00569,C0021,F0195,P0016,T093,26-04-2026,4,Pending
TX004570,SR01555,C0114,F0759,P0038,T081,12-03-2026,26,Completed
TX004571,SR00009,C0070,F0121,P0016,T074,08-01-2026,21,Completed
TX004572,SR01827,C0092,F0794,P0080,T096,25-04-2026,39,Completed
TX004573,SR01981,C0155,F0091,P0079,T034,23-04-2026,10,Pending
TX004574,SR01985,C0437,F0650,P0020,T093,14-08-2026,47,Completed
TX004575,SR00074,C0190,F0332,P0081,T003,15-07-2026,39,Completed
TX004576,SR02279,C0414,F0044,P0033,T084,06-03-2026,37,Completed
TX004577,SR01087,C0408,F0492,P0073,T034,27-01-2026,25,Cancelled
TX004578,SR00202,C0491,F0583,P0094,T030,09-07-2026,32,Completed
TX004579,SR01337,C0255,F0671,P0083,T068,27-04-2026,11,Completed
TX004580,SR01429,C0425,F0143,P0019,T018,11-01-2026,1,Pending
TX004581,SR01006,C0210,F0494,P0019,T100,30-06-2026,37,Pending
TX004582,SR01872,C0317,F0456,P0012,T073,24-03-2026,22,Completed
TX004583,SR01360,C0406,F0355,P0085,T002,11-02-2026,18,Completed
TX004584,SR00543,C0072,F0715,P0055,T085,08-06-2026,14,Completed
TX004585,SR01551,C0029,F0339,P0016,T011,08-07-2026,31,Completed
TX004586,SR00660,C0083,F0305,P0059,T083,06-07-2026,26,Completed
TX004587,SR00297,C0361,F0421,P0053,T082,07-03-2026,34,Completed
TX004588,SR00668,C0237,F0744,P0060,T065,23-05-2026,47,Completed
TX004589,SR02264,C0141,F0694,P0064,T061,22-04-2026,41,Completed
TX004590,SR01431,C0384,F0567,P0017,T083,28-07-2026,16,Completed
TX004591,SR00795,C0008,F0065,P0039,T086,15-02-2026,12,Completed
TX004592,SR00916,C0087,F0241,P0073,T071,16-07-2026,8,Completed
TX004593,SR02150,C0235,F0013,P0091,T018,25-03-2026,28,Completed
TX004594,SR01666,C0458,F0076,P0025,T067,29-05-2026,41,Completed
TX004595,SR01935,C0375,F0666,P0058,T021,01-05-2026,13,Pending
TX004596,SR01526,C0342,F0653,P0095,T005,25-03-2026,49,Completed
TX004597,SR02481,C0356,F0083,P0061,T016,25-02-2026,22,Pending
TX004598,SR01643,C0157,F0367,P0023,T047,29-03-2026,39,Cancelled
TX004599,SR01001,C0224,F0224,P0059,T097,26-05-2026,15,Completed
TX004600,SR00631,C0443,F0059,P0002,T004,28-05-2026,7,Pending
TX004601,SR00116,C0365,F0306,P0049,T008,30-05-2026,26,Completed
TX004602,SR01919,C0300,F0083,P0057,T010,07-06-2026,27,Completed
TX004603,SR02333,C0042,F0589,P0006,T020,13-01-2026,24,Completed
TX004604,SR01661,C0367,F0774,P0021,T055,05-04-2026,20,Completed
TX004605,SR01218,C0183,F0339,P0099,T083,17-03-2026,32,Completed
TX004606,SR00327,C0193,F0195,P0063,T005,06-04-2026,32,Cancelled
TX004607,SR01610,C0337,F0400,P0046,T081,02-04-2026,8,Completed
TX004608,SR00501,C0197,F0774,P0023,T092,12-02-2026,33,Pending
TX004609,SR01556,C0287,F0128,P0013,T008,20-08-2026,17,Cancelled
TX004610,SR00753,C0007,F0545,P0043,T046,01-01-2026,40,Pending
TX004611,SR02165,C0093,F0075,P0055,T082,23-05-2026,25,Completed
TX004612,SR02341,C0269,F0241,P0018,T070,21-04-2026,12,Completed
TX004613,SR00586,C0479,F0352,P0081,T019,18-06-2026,9,Completed
TX004614,SR00816,C0381,F0307,P0043,T015,19-07-2026,48,Completed
TX004615,SR02306,C0209,F0143,P0006,T045,05-06-2026,36,Completed
TX004616,SR00050,C0485,F0622,P0014,T085,03-07-2026,11,Completed
TX004617,SR01292,C0138,F0539,P0087,T095,07-03-2026,25,Cancelled
TX004618,SR00355,C0447,F0349,P0034,T048,27-08-2026,7,Completed
TX004619,SR01083,C0202,F0335,P0038,T053,21-01-2026,41,Completed
TX004620,SR00081,C0044,F0060,P0020,T056,10-06-2026,41,Completed
TX004621,SR00352,C0002,F0529,P0081,T050,05-02-2026,40,Completed
TX004622,SR01008,C0491,F0184,P0082,T065,26-02-2026,23,Cancelled
TX004623,SR00151,C0322,F0241,P0025,T028,18-07-2026,9,Pending
TX004624,SR01993,C0075,F0689,P0073,T054,12-06-2026,25,Completed
TX004625,SR01446,C0496,F0514,P0046,T062,02-06-2026,26,Completed
TX004626,SR01127,C0021,F0557,P0017,T057,18-07-2026,16,Pending
TX004627,SR01181,C0168,F0212,P0080,T098,08-03-2026,19,Completed
TX004628,SR02098,C0375,F0401,P0009,T075,03-06-2026,3,Completed
TX004629,SR02114,C0027,F0011,P0088,T074,18-02-2026,26,Completed
TX004630,SR00119,C0453,F0197,P0003,T081,26-04-2026,10,Completed
TX004631,SR01714,C0340,F0641,P0033,T053,08-04-2026,42,Cancelled
TX004632,SR01175,C0475,F0380,P0023,T031,29-05-2026,38,Completed
TX004633,SR01958,C0419,F0508,P0024,T054,16-01-2026,30,Completed
TX004634,SR01968,C0413,F0632,P0049,T093,07-01-2026,11,Cancelled
TX004635,SR01771,C0114,F0750,P0076,T088,08-01-2026,33,Completed
TX004636,SR01687,C0103,F0066,P0040,T036,05-03-2026,49,Completed
TX004637,SR00530,C0122,F0465,P0052,T049,19-05-2026,31,Completed
TX004638,SR02133,C0078,F0796,P0098,T028,07-02-2026,39,Cancelled
TX004639,SR01753,C0333,F0160,P0050,T002,26-08-2026,45,Cancelled
TX004640,SR00685,C0030,F0688,P0080,T032,10-04-2026,42,Completed
TX004641,SR00582,C0215,F0465,P0039,T011,14-03-2026,8,Pending
TX004642,SR01253,C0291,F0255,P0008,T036,03-08-2026,43,Pending
TX004643,SR00858,C0270,F0627,P0026,T006,12-02-2026,38,Completed
TX004644,SR01693,C0244,F0697,P0016,T032,15-02-2026,36,Completed
TX004645,SR01017,C0112,F0115,P0091,T072,02-04-2026,12,Pending
TX004646,SR00422,C0055,F0546,P0003,T085,18-01-2026,23,Completed
TX004647,SR00988,C0495,F0750,P0083,T089,13-06-2026,45,Completed
TX004648,SR02040,C0233,F0534,P0014,T057,06-07-2026,45,Completed
TX004649,SR02077,C0298,F0438,P0016,T055,26-03-2026,6,Completed
TX004650,SR00779,C0284,F0112,P0053,T097,28-07-2026,21,Completed
TX004651,SR01990,C0185,F0361,P0009,T056,02-01-2026,30,Completed
TX004652,SR00234,C0362,F0725,P0008,T009,08-05-2026,5,Completed
TX004653,SR02461,C0189,F0640,P0078,T094,25-06-2026,13,Cancelled
TX004654,SR01915,C0208,F0361,P0006,T062,01-04-2026,30,Completed
TX004655,SR00103,C0402,F0248,P0060,T067,16-08-2026,33,Completed
TX004656,SR01763,C0160,F0643,P0012,T010,14-04-2026,6,Completed
TX004657,SR01236,C0350,F0775,P0009,T047,09-08-2026,21,Completed
TX004658,SR02210,C0333,F0240,P0067,T046,08-06-2026,33,Pending
TX004659,SR00600,C0016,F0649,P0040,T082,25-02-2026,49,Completed
TX004660,SR02231,C0343,F0247,P0002,T039,19-07-2026,49,Completed
TX004661,SR02177,C0401,F0662,P0069,T035,08-01-2026,16,Completed
TX004662,SR00697,C0136,F0772,P0097,T069,15-02-2026,34,Pending
TX004663,SR01081,C0458,F0531,P0057,T002,07-07-2026,28,Pending
TX004664,SR01604,C0010,F0398,P0039,T075,05-08-2026,11,Completed
TX004665,SR00601,C0090,F0252,P0085,T001,04-04-2026,25,Pending
TX004666,SR02498,C0473,F0048,P0034,T024,07-06-2026,7,Pending
TX004667,SR00478,C0428,F0042,P0062,T050,17-06-2026,6,Cancelled
TX004668,SR00610,C0378,F0669,P0048,T020,27-06-2026,18,Cancelled
TX004669,SR01252,C0302,F0530,P0073,T004,06-08-2026,13,Pending
TX004670,SR01183,C0101,F0182,P0052,T042,21-01-2026,8,Completed
TX004671,SR00126,C0245,F0442,P0049,T071,16-02-2026,3,Completed
TX004672,SR02276,C0283,F0704,P0043,T025,09-08-2026,28,Pending
TX004673,SR00601,C0045,F0519,P0030,T028,11-05-2026,1,Cancelled
TX004674,SR00258,C0298,F0734,P0049,T068,07-05-2026,39,Completed
TX004675,SR01299,C0045,F0095,P0007,T095,07-04-2026,4,Completed
TX004676,SR02321,C0063,F0059,P0034,T052,28-03-2026,33,Completed
TX004677,SR00006,C0086,F0534,P0008,T056,28-02-2026,8,Completed
TX004678,SR01221,C0096,F0466,P0033,T083,06-04-2026,31,Completed
TX004679,SR02277,C0042,F0551,P0036,T007,18-01-2026,7,Completed
TX004680,SR02233,C0479,F0786,P0003,T099,12-03-2026,22,Pending
TX004681,SR00428,C0402,F0088,P0030,T048,27-08-2026,33,Completed
TX004682,SR01554,C0255,F0745,P0068,T038,09-02-2026,9,Completed
TX004683,SR02090,C0185,F0049,P0097,T062,25-06-2026,7,Completed
TX004684,SR01679,C0096,F0421,P0062,T092,09-01-2026,32,Pending
TX004685,SR01644,C0475,F0666,P0072,T094,26-06-2026,32,Completed
TX004686,SR01933,C0399,F0545,P0067,T078,05-03-2026,21,Completed
TX004687,SR01134,C0376,F0179,P0095,T049,18-06-2026,7,Completed
TX004688,SR00168,C0236,F0484,P0095,T015,30-04-2026,15,Pending
TX004689,SR01599,C0014,F0722,P0012,T020,06-07-2026,11,Completed
TX004690,SR01570,C0320,F0163,P0048,T084,10-06-2026,33,Completed
TX004691,SR02129,C0244,F0750,P0091,T013,14-05-2026,15,Cancelled
TX004692,SR02310,C0149,F0523,P0089,T049,26-06-2026,19,Completed
TX004693,SR00845,C0158,F0070,P0054,T041,20-08-2026,13,Completed
TX004694,SR02391,C0029,F0267,P0045,T071,23-05-2026,9,Cancelled
TX004695,SR00025,C0436,F0690,P0006,T035,11-02-2026,40,Pending
TX004696,SR02421,C0083,F0271,P0048,T071,28-01-2026,24,Completed
TX004697,SR00344,C0407,F0758,P0051,T051,12-05-2026,28,Pending
TX004698,SR01615,C0487,F0336,P0064,T089,14-04-2026,15,Completed
TX004699,SR01709,C0023,F0275,P0053,T019,27-05-2026,5,Pending
TX004700,SR01584,C0312,F0682,P0022,T077,10-06-2026,36,Completed
TX004701,SR02478,C0034,F0629,P0097,T073,14-02-2026,36,Completed
TX004702,SR01382,C0416,F0191,P0022,T083,28-06-2026,3,Cancelled
TX004703,SR00329,C0254,F0625,P0039,T050,26-08-2026,44,Pending
TX004704,SR01519,C0011,F0201,P0051,T033,19-03-2026,42,Completed
TX004705,SR00728,C0387,F0717,P0030,T052,11-08-2026,42,Pending
TX004706,SR01531,C0383,F0006,P0007,T098,11-08-2026,23,Pending
TX004707,SR00952,C0463,F0530,P0062,T020,11-04-2026,34,Completed
TX004708,SR00107,C0243,F0125,P0024,T067,10-07-2026,1,Completed
TX004709,SR01594,C0467,F0542,P0088,T023,12-08-2026,30,Completed
TX004710,SR00223,C0333,F0783,P0080,T078,24-07-2026,7,Cancelled
TX004711,SR00820,C0263,F0535,P0043,T043,04-04-2026,45,Completed
TX004712,SR01549,C0180,F0348,P0047,T086,09-06-2026,47,Completed
TX004713,SR02203,C0147,F0659,P0095,T017,23-05-2026,8,Completed
TX004714,SR00786,C0311,F0157,P0003,T013,10-04-2026,27,Completed
TX004715,SR00747,C0370,F0435,P0038,T096,03-06-2026,30,Completed
TX004716,SR00754,C0018,F0773,P0007,T034,13-08-2026,38,Completed
TX004717,SR01438,C0206,F0285,P0014,T009,07-01-2026,24,Completed
TX004718,SR00484,C0023,F0022,P0092,T084,05-08-2026,44,Pending
TX004719,SR01318,C0199,F0354,P0011,T042,30-03-2026,17,Completed
TX004720,SR02003,C0400,F0388,P0096,T093,18-07-2026,16,Completed
TX004721,SR00202,C0346,F0650,P0079,T044,26-01-2026,36,Completed
TX004722,SR02411,C0063,F0644,P0065,T076,02-08-2026,27,Pending
TX004723,SR01330,C0359,F0273,P0075,T058,18-04-2026,5,Completed
TX004724,SR01570,C0007,F0619,P0019,T049,08-08-2026,32,Completed
TX004725,SR01544,C0007,F0115,P0012,T049,13-04-2026,14,Pending
TX004726,SR02364,C0457,F0152,P0037,T026,29-06-2026,42,Completed
TX004727,SR01662,C0017,F0484,P0077,T074,24-05-2026,41,Completed
TX004728,SR02210,C0133,F0567,P0031,T053,18-02-2026,21,Completed
TX004729,SR00715,C0066,F0646,P0018,T001,01-03-2026,42,Pending
TX004730,SR00545,C0292,F0498,P0079,T040,10-05-2026,47,Completed
TX004731,SR01609,C0262,F0103,P0064,T041,27-04-2026,36,Pending
TX004732,SR00384,C0420,F0541,P0054,T089,28-05-2026,30,Cancelled
TX004733,SR00278,C0494,F0344,P0042,T043,13-07-2026,46,Pending
TX004734,SR00529,C0373,F0213,P0078,T057,05-07-2026,43,Completed
TX004735,SR00678,C0234,F0272,P0074,T009,15-01-2026,24,Pending
TX004736,SR00241,C0024,F0649,P0037,T040,29-04-2026,5,Completed
TX004737,SR01822,C0462,F0143,P0013,T029,05-02-2026,30,Completed
TX004738,SR01458,C0281,F0448,P0087,T050,04-05-2026,23,Completed
TX004739,SR00501,C0109,F0067,P0014,T090,09-05-2026,18,Completed
TX004740,SR00707,C0271,F0581,P0043,T094,27-08-2026,9,Cancelled
TX004741,SR02325,C0196,F0120,P0090,T029,04-04-2026,36,Pending
TX004742,SR02283,C0176,F0752,P0042,T062,19-04-2026,45,Pending
TX004743,SR00308,C0227,F0706,P0084,T096,03-05-2026,30,Pending
TX004744,SR01534,C0377,F0685,P0049,T023,01-02-2026,12,Completed
TX004745,SR00808,C0082,F0279,P0075,T044,15-01-2026,1,Pending
TX004746,SR00900,C0483,F0626,P0060,T051,20-06-2026,35,Completed
TX004747,SR01500,C0032,F0108,P0029,T001,14-03-2026,8,Completed
TX004748,SR02462,C0074,F0232,P0090,T047,29-03-2026,4,Completed
TX004749,SR01457,C0339,F0106,P0047,T013,27-08-2026,10,Pending
TX004750,SR02383,C0073,F0044,P0046,T032,01-03-2026,10,Pending
TX004751,SR02051,C0389,F0294,P0066,T012,05-08-2026,17,Cancelled
TX004752,SR01947,C0368,F0460,P0094,T074,31-05-2026,16,Pending
TX004753,SR01976,C0215,F0690,P0088,T084,05-03-2026,10,Completed
TX004754,SR01980,C0228,F0028,P0040,T027,18-08-2026,39,Completed
TX004755,SR00639,C0500,F0326,P0024,T005,30-05-2026,41,Completed
TX004756,SR02444,C0398,F0572,P0033,T050,17-03-2026,13,Completed
TX004757,SR02296,C0317,F0162,P0027,T012,19-04-2026,19,Completed
TX004758,SR01502,C0071,F0590,P0030,T045,31-03-2026,41,Completed
TX004759,SR01778,C0295,F0457,P0044,T055,22-07-2026,47,Completed
TX004760,SR02201,C0020,F0451,P0003,T047,22-04-2026,39,Pending
TX004761,SR00382,C0126,F0100,P0054,T053,09-01-2026,28,Completed
TX004762,SR00163,C0349,F0135,P0085,T057,15-06-2026,49,Completed
TX004763,SR02490,C0204,F0702,P0044,T017,01-07-2026,36,Completed
TX004764,SR01386,C0498,F0701,P0008,T069,06-04-2026,34,Completed
TX004765,SR01806,C0470,F0363,P0039,T067,10-08-2026,2,Pending
TX004766,SR01257,C0048,F0477,P0034,T015,13-04-2026,32,Completed
TX004767,SR01294,C0442,F0434,P0060,T044,05-03-2026,15,Pending
TX004768,SR00095,C0433,F0412,P0026,T029,18-06-2026,30,Completed
TX004769,SR00724,C0054,F0570,P0031,T040,31-01-2026,29,Completed
TX004770,SR00218,C0193,F0455,P0075,T078,25-08-2026,6,Pending
TX004771,SR01081,C0475,F0101,P0018,T060,14-06-2026,23,Pending
TX004772,SR00055,C0009,F0067,P0094,T091,17-03-2026,26,Completed
TX004773,SR02007,C0030,F0681,P0030,T057,20-01-2026,3,Completed
TX004774,SR00736,C0256,F0593,P0082,T005,21-05-2026,42,Completed
TX004775,SR01853,C0477,F0159,P0009,T072,21-05-2026,46,Completed
TX004776,SR00134,C0140,F0049,P0032,T008,10-07-2026,2,Completed
TX004777,SR00084,C0387,F0176,P0038,T035,10-03-2026,6,Completed
TX004778,SR01058,C0347,F0463,P0046,T094,20-02-2026,7,Cancelled
TX004779,SR01971,C0074,F0468,P0010,T099,10-04-2026,22,Completed
TX004780,SR02032,C0144,F0136,P0025,T015,16-07-2026,30,Pending
TX004781,SR01362,C0313,F0141,P0088,T099,06-08-2026,12,Completed
TX004782,SR01535,C0241,F0167,P0093,T098,27-03-2026,42,Completed
TX004783,SR01722,C0119,F0355,P0045,T088,12-01-2026,16,Pending
TX004784,SR01685,C0101,F0187,P0012,T083,27-01-2026,16,Completed
TX004785,SR01853,C0279,F0366,P0028,T008,11-05-2026,29,Completed
TX004786,SR00079,C0415,F0012,P0096,T013,06-01-2026,43,Completed
TX004787,SR01073,C0207,F0749,P0092,T062,23-06-2026,13,Completed
TX004788,SR02099,C0463,F0714,P0082,T011,08-01-2026,17,Completed
TX004789,SR01100,C0334,F0271,P0087,T026,12-04-2026,17,Completed
TX004790,SR00366,C0202,F0644,P0072,T098,11-07-2026,23,Completed
TX004791,SR01664,C0354,F0429,P0063,T092,23-04-2026,22,Completed
TX004792,SR00757,C0225,F0026,P0078,T026,11-06-2026,47,Completed
TX004793,SR01279,C0379,F0228,P0065,T054,22-03-2026,8,Completed
TX004794,SR01292,C0492,F0046,P0034,T054,10-07-2026,21,Completed
TX004795,SR01741,C0394,F0567,P0065,T027,13-04-2026,13,Completed
TX004796,SR02325,C0072,F0627,P0030,T024,30-06-2026,30,Completed
TX004797,SR01735,C0036,F0494,P0063,T044,17-08-2026,39,Completed
TX004798,SR02496,C0405,F0006,P0039,T061,02-04-2026,46,Cancelled
TX004799,SR00048,C0424,F0189,P0049,T081,25-02-2026,22,Cancelled
TX004800,SR01957,C0284,F0376,P0019,T085,12-08-2026,13,Pending
TX004801,SR01043,C0123,F0116,P0096,T003,13-06-2026,48,Completed
TX004802,SR01824,C0441,F0086,P0075,T066,30-07-2026,5,Completed
TX004803,SR00214,C0225,F0244,P0011,T062,01-04-2026,7,Completed
TX004804,SR01320,C0147,F0474,P0048,T005,25-03-2026,47,Cancelled
TX004805,SR00075,C0184,F0071,P0046,T084,30-01-2026,44,Cancelled
TX004806,SR01665,C0149,F0799,P0089,T060,05-07-2026,28,Completed
TX004807,SR00542,C0142,F0368,P0076,T072,22-07-2026,17,Completed
TX004808,SR00362,C0163,F0138,P0088,T067,16-07-2026,48,Completed
TX004809,SR00198,C0338,F0017,P0047,T034,11-03-2026,47,Completed
TX004810,SR00673,C0009,F0766,P0016,T021,28-04-2026,43,Completed
TX004811,SR02400,C0182,F0476,P0073,T038,29-04-2026,38,Completed
TX004812,SR02462,C0085,F0693,P0022,T077,29-01-2026,30,Completed
TX004813,SR00201,C0325,F0622,P0064,T064,01-01-2026,19,Pending
TX004814,SR02450,C0498,F0789,P0042,T063,22-03-2026,24,Pending
TX004815,SR01469,C0394,F0712,P0035,T014,03-05-2026,27,Pending
TX004816,SR00808,C0125,F0613,P0012,T001,26-08-2026,24,Completed
TX004817,SR02356,C0257,F0681,P0081,T067,29-07-2026,43,Completed
TX004818,SR00603,C0010,F0686,P0069,T096,21-06-2026,9,Completed
TX004819,SR00455,C0207,F0204,P0035,T036,20-08-2026,5,Completed
TX004820,SR00574,C0140,F0476,P0074,T045,05-07-2026,23,Cancelled
TX004821,SR00365,C0251,F0789,P0099,T096,07-05-2026,11,Completed
TX004822,SR01213,C0205,F0694,P0073,T024,07-08-2026,41,Completed
TX004823,SR00352,C0342,F0085,P0095,T053,09-08-2026,42,Completed
TX004824,SR00560,C0274,F0090,P0048,T009,18-02-2026,49,Completed
TX004825,SR00929,C0470,F0161,P0038,T027,09-03-2026,19,Completed
TX004826,SR01622,C0035,F0594,P0085,T038,21-08-2026,48,Completed
TX004827,SR02146,C0473,F0316,P0067,T069,02-01-2026,5,Completed
TX004828,SR00188,C0396,F0503,P0061,T031,05-05-2026,48,Completed
TX004829,SR01577,C0357,F0112,P0065,T047,02-04-2026,13,Completed
TX004830,SR00260,C0413,F0048,P0100,T030,28-06-2026,1,Completed
TX004831,SR02477,C0026,F0617,P0069,T015,18-08-2026,41,Pending
TX004832,SR00693,C0107,F0234,P0082,T080,18-03-2026,26,Completed
TX004833,SR02143,C0001,F0035,P0004,T068,22-02-2026,21,Completed
TX004834,SR01944,C0400,F0173,P0073,T065,21-03-2026,10,Completed
TX004835,SR00811,C0178,F0259,P0032,T059,21-06-2026,21,Completed
TX004836,SR00809,C0181,F0325,P0013,T014,28-03-2026,31,Completed
TX004837,SR00793,C0306,F0718,P0028,T052,04-06-2026,8,Completed
TX004838,SR01178,C0212,F0159,P0084,T071,25-03-2026,47,Cancelled
TX004839,SR01106,C0319,F0484,P0082,T050,27-06-2026,36,Completed
TX004840,SR01642,C0469,F0220,P0031,T073,16-01-2026,43,Completed
TX004841,SR01161,C0167,F0399,P0020,T033,24-03-2026,3,Pending
TX004842,SR01972,C0446,F0237,P0042,T052,16-03-2026,43,Completed
TX004843,SR01167,C0267,F0276,P0034,T039,24-05-2026,43,Completed
TX004844,SR00768,C0188,F0480,P0047,T100,05-06-2026,18,Completed
TX004845,SR00817,C0460,F0472,P0079,T018,24-06-2026,28,Completed
TX004846,SR01828,C0245,F0108,P0034,T029,05-08-2026,25,Completed
TX004847,SR00352,C0064,F0126,P0018,T069,11-07-2026,41,Cancelled
TX004848,SR00716,C0144,F0193,P0011,T006,10-01-2026,14,Completed
TX004849,SR00780,C0423,F0720,P0069,T052,12-06-2026,46,Completed
TX004850,SR01612,C0258,F0254,P0020,T003,04-01-2026,28,Cancelled
TX004851,SR00323,C0281,F0463,P0022,T053,10-04-2026,1,Completed
TX004852,SR01128,C0341,F0360,P0081,T033,23-05-2026,15,Completed
TX004853,SR01687,C0098,F0284,P0010,T019,18-03-2026,7,Cancelled
TX004854,SR02317,C0047,F0031,P0066,T050,17-06-2026,40,Completed
TX004855,SR01095,C0221,F0353,P0002,T034,11-07-2026,21,Pending
TX004856,SR02456,C0460,F0800,P0095,T008,26-05-2026,23,Completed
TX004857,SR01520,C0064,F0753,P0072,T054,06-05-2026,18,Completed
TX004858,SR01936,C0360,F0241,P0083,T057,22-08-2026,35,Cancelled
TX004859,SR00608,C0490,F0427,P0067,T067,06-06-2026,49,Completed
TX004860,SR02289,C0049,F0230,P0041,T091,24-02-2026,43,Pending
TX004861,SR00648,C0067,F0738,P0100,T071,07-06-2026,49,Pending
TX004862,SR00342,C0435,F0444,P0079,T080,26-04-2026,15,Completed
TX004863,SR00198,C0055,F0737,P0009,T065,06-01-2026,33,Pending
TX004864,SR01637,C0372,F0684,P0058,T068,08-08-2026,31,Cancelled
TX004865,SR01571,C0399,F0263,P0055,T080,10-07-2026,15,Pending
TX004866,SR00496,C0157,F0366,P0029,T067,29-05-2026,42,Completed
TX004867,SR02197,C0146,F0456,P0046,T051,11-06-2026,46,Completed
TX004868,SR00693,C0261,F0200,P0098,T074,19-05-2026,47,Completed
TX004869,SR01525,C0254,F0666,P0009,T097,24-03-2026,49,Completed
TX004870,SR01308,C0431,F0453,P0093,T050,12-08-2026,8,Cancelled
TX004871,SR01481,C0297,F0166,P0071,T023,13-05-2026,8,Cancelled
TX004872,SR01855,C0485,F0387,P0012,T041,23-03-2026,34,Completed
TX004873,SR02319,C0120,F0658,P0031,T002,14-06-2026,36,Completed
TX004874,SR01804,C0141,F0339,P0084,T031,07-02-2026,22,Cancelled
TX004875,SR02268,C0121,F0569,P0071,T089,18-03-2026,8,Completed
TX004876,SR02174,C0326,F0788,P0008,T010,01-02-2026,14,Completed
TX004877,SR00898,C0017,F0269,P0015,T089,21-01-2026,7,Completed
TX004878,SR01399,C0431,F0797,P0093,T057,17-07-2026,8,Completed
TX004879,SR00496,C0386,F0332,P0016,T032,15-04-2026,10,Cancelled
TX004880,SR02316,C0495,F0450,P0063,T048,25-07-2026,29,Completed
TX004881,SR02418,C0480,F0619,P0100,T088,02-06-2026,26,Completed
TX004882,SR02220,C0036,F0055,P0017,T012,26-02-2026,17,Pending
TX004883,SR01857,C0374,F0562,P0005,T057,20-02-2026,27,Pending
TX004884,SR02123,C0252,F0454,P0082,T027,20-04-2026,33,Cancelled
TX004885,SR01986,C0368,F0525,P0095,T055,23-01-2026,5,Pending
TX004886,SR00574,C0437,F0762,P0052,T079,21-05-2026,14,Completed
TX004887,SR00660,C0292,F0389,P0024,T093,21-04-2026,10,Cancelled
TX004888,SR01329,C0002,F0741,P0006,T026,03-02-2026,1,Completed
TX004889,SR01052,C0433,F0455,P0092,T067,06-05-2026,6,Completed
TX004890,SR01841,C0219,F0173,P0080,T043,23-07-2026,38,Completed
TX004891,SR01841,C0230,F0523,P0090,T051,07-08-2026,43,Completed
TX004892,SR02441,C0293,F0153,P0079,T017,11-04-2026,8,Completed
TX004893,SR01972,C0456,F0720,P0044,T086,18-01-2026,38,Pending
TX004894,SR00030,C0264,F0122,P0049,T017,27-07-2026,13,Completed
TX004895,SR00852,C0104,F0399,P0039,T004,13-05-2026,7,Completed
TX004896,SR00818,C0367,F0656,P0074,T076,02-07-2026,12,Cancelled
TX004897,SR01584,C0317,F0008,P0011,T041,11-01-2026,46,Pending
TX004898,SR00856,C0033,F0393,P0005,T007,12-03-2026,17,Pending
TX004899,SR02447,C0267,F0406,P0097,T069,10-03-2026,37,Pending
TX004900,SR00722,C0393,F0271,P0032,T029,21-06-2026,24,Completed
TX004901,SR01094,C0443,F0539,P0004,T098,13-06-2026,22,Completed
TX004902,SR02044,C0142,F0260,P0068,T099,27-06-2026,40,Pending
TX004903,SR00918,C0262,F0300,P0040,T056,06-04-2026,49,Pending
TX004904,SR00113,C0413,F0221,P0024,T048,16-03-2026,32,Completed
TX004905,SR00831,C0292,F0500,P0044,T045,15-02-2026,42,Completed
TX004906,SR00899,C0210,F0707,P0046,T061,02-03-2026,8,Completed
TX004907,SR01531,C0093,F0143,P0062,T091,09-02-2026,45,Completed
TX004908,SR01780,C0022,F0328,P0094,T065,17-07-2026,10,Completed
TX004909,SR01372,C0346,F0181,P0089,T010,12-06-2026,10,Completed
TX004910,SR01017,C0482,F0196,P0083,T020,12-06-2026,42,Completed
TX004911,SR01257,C0301,F0778,P0050,T063,01-08-2026,24,Completed
TX004912,SR00361,C0391,F0569,P0056,T037,27-06-2026,13,Completed
TX004913,SR00453,C0339,F0756,P0014,T048,18-03-2026,2,Completed
TX004914,SR01528,C0174,F0509,P0058,T041,17-03-2026,11,Completed
TX004915,SR02164,C0262,F0534,P0068,T060,31-01-2026,41,Completed
TX004916,SR01307,C0136,F0573,P0089,T024,23-06-2026,1,Completed
TX004917,SR00151,C0112,F0523,P0005,T008,29-07-2026,46,Completed
TX004918,SR02455,C0295,F0658,P0087,T024,21-06-2026,38,Cancelled
TX004919,SR00811,C0324,F0261,P0052,T067,23-04-2026,11,Completed
TX004920,SR01872,C0494,F0081,P0009,T061,21-03-2026,37,Pending
TX004921,SR02245,C0119,F0391,P0100,T081,16-04-2026,26,Completed
TX004922,SR02466,C0146,F0002,P0047,T011,06-03-2026,18,Completed
TX004923,SR00292,C0084,F0038,P0042,T015,09-02-2026,25,Completed
TX004924,SR00466,C0475,F0041,P0020,T013,14-04-2026,1,Completed
TX004925,SR01614,C0391,F0062,P0008,T057,26-02-2026,44,Completed
TX004926,SR01904,C0166,F0566,P0009,T058,27-06-2026,39,Completed
TX004927,SR02088,C0485,F0479,P0027,T016,06-08-2026,9,Completed
TX004928,SR01380,C0353,F0748,P0030,T045,16-02-2026,5,Cancelled
TX004929,SR00397,C0239,F0232,P0047,T006,02-01-2026,21,Completed
TX004930,SR01782,C0191,F0265,P0062,T062,29-07-2026,23,Pending
TX004931,SR01671,C0285,F0393,P0100,T057,12-03-2026,38,Completed
TX004932,SR01169,C0043,F0625,P0080,T003,03-03-2026,42,Completed
TX004933,SR01595,C0087,F0745,P0049,T009,25-07-2026,4,Pending
TX004934,SR00531,C0469,F0584,P0092,T071,21-07-2026,12,Completed
TX004935,SR02028,C0104,F0406,P0056,T090,20-05-2026,29,Completed
TX004936,SR00115,C0082,F0783,P0043,T085,07-02-2026,19,Completed
TX004937,SR02098,C0430,F0146,P0022,T057,19-06-2026,49,Completed
TX004938,SR02096,C0473,F0377,P0043,T053,27-06-2026,33,Cancelled
TX004939,SR01719,C0409,F0198,P0005,T081,17-04-2026,16,Completed
TX004940,SR02038,C0052,F0133,P0016,T085,15-05-2026,33,Completed
TX004941,SR02283,C0420,F0318,P0095,T091,09-05-2026,22,Completed
TX004942,SR00407,C0134,F0613,P0020,T040,08-06-2026,23,Completed
TX004943,SR01362,C0006,F0256,P0057,T048,04-05-2026,36,Completed
TX004944,SR01613,C0461,F0656,P0011,T008,22-08-2026,22,Completed
TX004945,SR02357,C0134,F0489,P0061,T018,09-01-2026,35,Completed
TX004946,SR01845,C0330,F0566,P0098,T038,13-01-2026,21,Completed
TX004947,SR01486,C0037,F0195,P0046,T081,06-02-2026,30,Pending
TX004948,SR01395,C0095,F0691,P0013,T045,05-02-2026,24,Completed
TX004949,SR00360,C0441,F0164,P0003,T059,30-04-2026,29,Pending
TX004950,SR00794,C0297,F0297,P0076,T087,19-01-2026,17,Completed
TX004951,SR01083,C0500,F0627,P0011,T048,15-02-2026,6,Completed
TX004952,SR02203,C0091,F0553,P0032,T034,05-05-2026,13,Cancelled
TX004953,SR02155,C0446,F0240,P0085,T074,04-08-2026,18,Completed
TX004954,SR01607,C0438,F0212,P0054,T032,12-07-2026,16,Completed
TX004955,SR00265,C0463,F0347,P0088,T039,22-02-2026,21,Completed
TX004956,SR01801,C0025,F0358,P0088,T089,14-01-2026,24,Completed
TX004957,SR01148,C0053,F0048,P0067,T044,27-06-2026,13,Completed
TX004958,SR01631,C0265,F0194,P0094,T026,07-07-2026,19,Completed
TX004959,SR01084,C0058,F0124,P0004,T084,11-08-2026,14,Completed
TX004960,SR01804,C0032,F0124,P0025,T065,14-04-2026,29,Completed
TX004961,SR00544,C0406,F0283,P0028,T077,15-01-2026,24,Completed
TX004962,SR00363,C0348,F0029,P0092,T033,14-08-2026,31,Completed
TX004963,SR00550,C0423,F0542,P0063,T079,10-03-2026,22,Pending
TX004964,SR02307,C0468,F0538,P0026,T096,02-04-2026,49,Pending
TX004965,SR00189,C0072,F0177,P0021,T017,10-04-2026,24,Completed
TX004966,SR00715,C0416,F0701,P0081,T019,25-08-2026,31,Completed
TX004967,SR00857,C0022,F0475,P0086,T057,28-03-2026,22,Pending
TX004968,SR02092,C0186,F0252,P0002,T073,14-05-2026,36,Completed
TX004969,SR00899,C0149,F0156,P0037,T001,02-05-2026,28,Cancelled
TX004970,SR02234,C0119,F0344,P0054,T056,26-08-2026,5,Pending
TX004971,SR02471,C0360,F0769,P0024,T013,17-08-2026,36,Completed
TX004972,SR01629,C0061,F0003,P0073,T098,01-06-2026,38,Pending
TX004973,SR00858,C0405,F0017,P0076,T073,26-01-2026,20,Completed
TX004974,SR01496,C0437,F0331,P0084,T100,25-03-2026,25,Completed
TX004975,SR01674,C0333,F0736,P0079,T022,09-06-2026,1,Cancelled
TX004976,SR00273,C0041,F0226,P0085,T080,12-07-2026,43,Pending
TX004977,SR02083,C0299,F0598,P0037,T039,30-06-2026,39,Completed
TX004978,SR01091,C0315,F0460,P0030,T011,27-04-2026,48,Pending
TX004979,SR02115,C0187,F0160,P0032,T049,10-06-2026,30,Completed
TX004980,SR01530,C0184,F0727,P0086,T047,16-03-2026,12,Pending
TX004981,SR02153,C0235,F0131,P0065,T051,02-06-2026,15,Cancelled
TX004982,SR00205,C0498,F0405,P0033,T086,25-04-2026,46,Pending
TX004983,SR00107,C0002,F0531,P0073,T028,14-06-2026,3,Completed
TX004984,SR00279,C0255,F0541,P0024,T064,29-07-2026,33,Completed
TX004985,SR02187,C0159,F0684,P0027,T020,16-07-2026,4,Pending
TX004986,SR02484,C0275,F0565,P0001,T088,25-06-2026,37,Completed
TX004987,SR02497,C0002,F0526,P0097,T046,04-07-2026,29,Cancelled
TX004988,SR00831,C0459,F0122,P0024,T080,11-02-2026,24,Completed
TX004989,SR00661,C0229,F0246,P0076,T027,14-02-2026,35,Completed
TX004990,SR00875,C0485,F0278,P0012,T032,21-07-2026,18,Completed
TX004991,SR02043,C0078,F0297,P0004,T099,10-05-2026,29,Completed
TX004992,SR00629,C0292,F0091,P0068,T020,14-04-2026,40,Completed
TX004993,SR01369,C0340,F0077,P0010,T057,09-06-2026,23,Completed
TX004994,SR01616,C0399,F0353,P0015,T033,20-01-2026,2,Cancelled
TX004995,SR00904,C0005,F0579,P0034,T040,09-02-2026,49,Completed
TX004996,SR01183,C0318,F0710,P0059,T070,05-02-2026,27,Completed
TX004997,SR01663,C0074,F0753,P0002,T079,16-05-2026,22,Completed
TX004998,SR01977,C0214,F0385,P0013,T049,16-01-2026,4,Completed
TX004999,SR00475,C0027,F0719,P0034,T064,11-01-2026,5,Completed
TX005000,SR01282,C0029,F0365,P0071,T005,12-06-2026,13,Pending
TX000301,SR01385,C0098,F0003,P0009,T006,12-01-2026,35,Completed
TX000701,SR01206,C0454,F0082,P0023,T069,14-05-2026,13,Pending
TX001101,SR01641,C0153,F0215,P0013,T066,15-07-2026,9,Completed
TX001501,SR01685,C0246,F0062,P0056,T033,09-03-2026,47,Completed
